PCO- Sim2 5370
PCO- Sim3 11254
PCO- Sim5 19217
PCO- Sim6 39083
len 21572
len 32336
len 68700
len 98700
len(positives) 68700
PCO++ Sim2 3500
PCO++ Sim3 7099
PCO++ Sim5 11894
PCO++ Sim6 23602
PCO++ Sim7 34416
len(positives) 98700
Len + 98700; Len -  98700; ratio 1.0
Train: +59220 / -59220
Val: +19740 / -19740
Test: +19740 / -19740
Adam (
Parameter Group 0
    amsgrad: False
    betas: (0.9, 0.999)
    capturable: False
    differentiable: False
    eps: 1e-08
    foreach: None
    fused: None
    lr: 0.0005
    maximize: False
    weight_decay: 0
)
../Sim5/model0_FE2dis_inrWaterPHD2_5.pt
Epoch 1, Batch 20 | Acc: 0.5333 | PosAcc: 1.0000 | NegAcc: 0.0000
len(easy_positives): 0 , len(easy_negatives): 0
len(hard_positives): 0 , len(hard_negatives): 0

CUM Mean pos prob: 0.567, Mean neg prob: 0.572
CUM Mean pos logit: 0.271, Mean neg logit: 0.290

Epoch 1, Batch 40 | Acc: 0.5271 | PosAcc: 0.9843 | NegAcc: 0.0133
len(easy_positives): 0 , len(easy_negatives): 0
len(hard_positives): 0 , len(hard_negatives): 0

CUM Mean pos prob: 0.545, Mean neg prob: 0.547
CUM Mean pos logit: 0.183, Mean neg logit: 0.189

Epoch 1, Batch 60 | Acc: 0.5278 | PosAcc: 0.9750 | NegAcc: 0.0265
len(easy_positives): 0 , len(easy_negatives): 0
len(hard_positives): 0 , len(hard_negatives): 0

CUM Mean pos prob: 0.539, Mean neg prob: 0.539
CUM Mean pos logit: 0.156, Mean neg logit: 0.156

Epoch 1, Batch 80 | Acc: 0.5240 | PosAcc: 0.9771 | NegAcc: 0.0273
len(easy_positives): 0 , len(easy_negatives): 0
len(hard_positives): 0 , len(hard_negatives): 0

CUM Mean pos prob: 0.538, Mean neg prob: 0.538
CUM Mean pos logit: 0.155, Mean neg logit: 0.152

Epoch 1, Batch 100 | Acc: 0.5258 | PosAcc: 0.8910 | NegAcc: 0.1368
len(easy_positives): 0 , len(easy_negatives): 0
len(hard_positives): 0 , len(hard_negatives): 0

CUM Mean pos prob: 0.531, Mean neg prob: 0.529
CUM Mean pos logit: 0.126, Mean neg logit: 0.117

Epoch 1, Batch 120 | Acc: 0.5229 | PosAcc: 0.7831 | NegAcc: 0.2498
len(easy_positives): 0 , len(easy_negatives): 0
len(hard_positives): 0 , len(hard_negatives): 0

CUM Mean pos prob: 0.524, Mean neg prob: 0.522
CUM Mean pos logit: 0.097, Mean neg logit: 0.087

Epoch 1, Batch 140 | Acc: 0.5182 | PosAcc: 0.7472 | NegAcc: 0.2776
len(easy_positives): 0 , len(easy_negatives): 0
len(hard_positives): 0 , len(hard_negatives): 0

CUM Mean pos prob: 0.521, Mean neg prob: 0.519
CUM Mean pos logit: 0.083, Mean neg logit: 0.075

Epoch 1, Batch 160 | Acc: 0.5182 | PosAcc: 0.7620 | NegAcc: 0.2590
len(easy_positives): 0 , len(easy_negatives): 0
len(hard_positives): 0 , len(hard_negatives): 0

CUM Mean pos prob: 0.521, Mean neg prob: 0.519
CUM Mean pos logit: 0.085, Mean neg logit: 0.078

Epoch 1, Batch 180 | Acc: 0.5157 | PosAcc: 0.7762 | NegAcc: 0.2414
len(easy_positives): 0 , len(easy_negatives): 0
len(hard_positives): 0 , len(hard_negatives): 0

CUM Mean pos prob: 0.522, Mean neg prob: 0.520
CUM Mean pos logit: 0.090, Mean neg logit: 0.082

Epoch 1, Batch 200 | Acc: 0.5196 | PosAcc: 0.7594 | NegAcc: 0.2708
len(easy_positives): 0 , len(easy_negatives): 0
len(hard_positives): 0 , len(hard_negatives): 0

CUM Mean pos prob: 0.521, Mean neg prob: 0.518
CUM Mean pos logit: 0.083, Mean neg logit: 0.072

Epoch 1, Batch 220 | Acc: 0.5203 | PosAcc: 0.6989 | NegAcc: 0.3375
len(easy_positives): 0 , len(easy_negatives): 0
len(hard_positives): 0 , len(hard_negatives): 0

CUM Mean pos prob: 0.516, Mean neg prob: 0.512
CUM Mean pos logit: 0.065, Mean neg logit: 0.050

Epoch 1, Batch 240 | Acc: 0.5214 | PosAcc: 0.6702 | NegAcc: 0.3674
len(easy_positives): 0 , len(easy_negatives): 0
len(hard_positives): 0 , len(hard_negatives): 0

CUM Mean pos prob: 0.514, Mean neg prob: 0.510
CUM Mean pos logit: 0.055, Mean neg logit: 0.041

Epoch 1, Batch 260 | Acc: 0.5244 | PosAcc: 0.6913 | NegAcc: 0.3505
len(easy_positives): 0 , len(easy_negatives): 0
len(hard_positives): 0 , len(hard_negatives): 0

CUM Mean pos prob: 0.517, Mean neg prob: 0.512
CUM Mean pos logit: 0.067, Mean neg logit: 0.049

Epoch 1, Batch 280 | Acc: 0.5247 | PosAcc: 0.7048 | NegAcc: 0.3372
len(easy_positives): 0 , len(easy_negatives): 0
len(hard_positives): 0 , len(hard_negatives): 0

CUM Mean pos prob: 0.518, Mean neg prob: 0.514
CUM Mean pos logit: 0.072, Mean neg logit: 0.055

Epoch 1, Batch 300 | Acc: 0.5242 | PosAcc: 0.7132 | NegAcc: 0.3260
len(easy_positives): 0 , len(easy_negatives): 0
len(hard_positives): 0 , len(hard_negatives): 0

CUM Mean pos prob: 0.519, Mean neg prob: 0.514
CUM Mean pos logit: 0.074, Mean neg logit: 0.058

Epoch 1, Batch 320 | Acc: 0.5230 | PosAcc: 0.7194 | NegAcc: 0.3194
len(easy_positives): 0 , len(easy_negatives): 0
len(hard_positives): 0 , len(hard_negatives): 0

CUM Mean pos prob: 0.519, Mean neg prob: 0.515
CUM Mean pos logit: 0.076, Mean neg logit: 0.060

Epoch 1, Batch 340 | Acc: 0.5239 | PosAcc: 0.6996 | NegAcc: 0.3417
len(easy_positives): 0 , len(easy_negatives): 0
len(hard_positives): 0 , len(hard_negatives): 0

CUM Mean pos prob: 0.517, Mean neg prob: 0.513
CUM Mean pos logit: 0.069, Mean neg logit: 0.053

Epoch 1, Batch 360 | Acc: 0.5255 | PosAcc: 0.6899 | NegAcc: 0.3550
len(easy_positives): 0 , len(easy_negatives): 0
len(hard_positives): 0 , len(hard_negatives): 0

CUM Mean pos prob: 0.516, Mean neg prob: 0.512
CUM Mean pos logit: 0.065, Mean neg logit: 0.048

Epoch 1, Batch 380 | Acc: 0.5255 | PosAcc: 0.6919 | NegAcc: 0.3531
len(easy_positives): 0 , len(easy_negatives): 0
len(hard_positives): 0 , len(hard_negatives): 0

CUM Mean pos prob: 0.516, Mean neg prob: 0.512
CUM Mean pos logit: 0.065, Mean neg logit: 0.048

Epoch 1, Batch 400 | Acc: 0.5269 | PosAcc: 0.6983 | NegAcc: 0.3494
len(easy_positives): 0 , len(easy_negatives): 0
len(hard_positives): 0 , len(hard_negatives): 0

CUM Mean pos prob: 0.516, Mean neg prob: 0.512
CUM Mean pos logit: 0.066, Mean neg logit: 0.049

Epoch 1, Batch 420 | Acc: 0.5278 | PosAcc: 0.6890 | NegAcc: 0.3610
len(easy_positives): 0 , len(easy_negatives): 0
len(hard_positives): 0 , len(hard_negatives): 0

CUM Mean pos prob: 0.516, Mean neg prob: 0.511
CUM Mean pos logit: 0.062, Mean neg logit: 0.045

Epoch 1, Batch 440 | Acc: 0.5292 | PosAcc: 0.6905 | NegAcc: 0.3627
len(easy_positives): 0 , len(easy_negatives): 0
len(hard_positives): 0 , len(hard_negatives): 0

CUM Mean pos prob: 0.515, Mean neg prob: 0.511
CUM Mean pos logit: 0.062, Mean neg logit: 0.043

Epoch 1, Batch 460 | Acc: 0.5293 | PosAcc: 0.6941 | NegAcc: 0.3596
len(easy_positives): 0 , len(easy_negatives): 0
len(hard_positives): 0 , len(hard_negatives): 0

CUM Mean pos prob: 0.516, Mean neg prob: 0.511
CUM Mean pos logit: 0.063, Mean neg logit: 0.044

Epoch 1, Batch 480 | Acc: 0.5293 | PosAcc: 0.6813 | NegAcc: 0.3731
len(easy_positives): 0 , len(easy_negatives): 0
len(hard_positives): 0 , len(hard_negatives): 0

CUM Mean pos prob: 0.515, Mean neg prob: 0.510
CUM Mean pos logit: 0.058, Mean neg logit: 0.039

Epoch 1, Batch 500 | Acc: 0.5293 | PosAcc: 0.6725 | NegAcc: 0.3824
len(easy_positives): 0 , len(easy_negatives): 0
len(hard_positives): 0 , len(hard_negatives): 0

CUM Mean pos prob: 0.514, Mean neg prob: 0.509
CUM Mean pos logit: 0.055, Mean neg logit: 0.035

Epoch 1, Batch 520 | Acc: 0.5294 | PosAcc: 0.6703 | NegAcc: 0.3849
len(easy_positives): 0 , len(easy_negatives): 0
len(hard_positives): 0 , len(hard_negatives): 0

CUM Mean pos prob: 0.513, Mean neg prob: 0.508
CUM Mean pos logit: 0.053, Mean neg logit: 0.034

Epoch 1, Batch 540 | Acc: 0.5308 | PosAcc: 0.6733 | NegAcc: 0.3844
len(easy_positives): 0 , len(easy_negatives): 0
len(hard_positives): 0 , len(hard_negatives): 0

CUM Mean pos prob: 0.514, Mean neg prob: 0.508
CUM Mean pos logit: 0.054, Mean neg logit: 0.034

Epoch 1, Batch 560 | Acc: 0.5314 | PosAcc: 0.6734 | NegAcc: 0.3861
len(easy_positives): 0 , len(easy_negatives): 0
len(hard_positives): 0 , len(hard_negatives): 0

CUM Mean pos prob: 0.514, Mean neg prob: 0.508
CUM Mean pos logit: 0.054, Mean neg logit: 0.033

Epoch 1, Batch 580 | Acc: 0.5318 | PosAcc: 0.6629 | NegAcc: 0.3977
len(easy_positives): 0 , len(easy_negatives): 0
len(hard_positives): 0 , len(hard_negatives): 0

CUM Mean pos prob: 0.513, Mean neg prob: 0.507
CUM Mean pos logit: 0.050, Mean neg logit: 0.028

Epoch 1, Batch 600 | Acc: 0.5331 | PosAcc: 0.6586 | NegAcc: 0.4053
len(easy_positives): 0 , len(easy_negatives): 0
len(hard_positives): 0 , len(hard_negatives): 0

CUM Mean pos prob: 0.512, Mean neg prob: 0.506
CUM Mean pos logit: 0.048, Mean neg logit: 0.025

Epoch 1, Batch 620 | Acc: 0.5337 | PosAcc: 0.6536 | NegAcc: 0.4121
len(easy_positives): 0 , len(easy_negatives): 0
len(hard_positives): 0 , len(hard_negatives): 0

CUM Mean pos prob: 0.511, Mean neg prob: 0.506
CUM Mean pos logit: 0.046, Mean neg logit: 0.022

Epoch 1, Batch 640 | Acc: 0.5348 | PosAcc: 0.6446 | NegAcc: 0.4236
len(easy_positives): 0 , len(easy_negatives): 0
len(hard_positives): 0 , len(hard_negatives): 0

CUM Mean pos prob: 0.510, Mean neg prob: 0.504
CUM Mean pos logit: 0.042, Mean neg logit: 0.017

Epoch 1, Batch 660 | Acc: 0.5354 | PosAcc: 0.6460 | NegAcc: 0.4234
len(easy_positives): 0 , len(easy_negatives): 0
len(hard_positives): 0 , len(hard_negatives): 0

CUM Mean pos prob: 0.511, Mean neg prob: 0.504
CUM Mean pos logit: 0.043, Mean neg logit: 0.017

Epoch 1, Batch 680 | Acc: 0.5352 | PosAcc: 0.6439 | NegAcc: 0.4250
len(easy_positives): 0 , len(easy_negatives): 0
len(hard_positives): 0 , len(hard_negatives): 0

CUM Mean pos prob: 0.511, Mean neg prob: 0.504
CUM Mean pos logit: 0.042, Mean neg logit: 0.016

Epoch 1, Batch 700 | Acc: 0.5350 | PosAcc: 0.6460 | NegAcc: 0.4227
len(easy_positives): 0 , len(easy_negatives): 0
len(hard_positives): 0 , len(hard_negatives): 0

CUM Mean pos prob: 0.511, Mean neg prob: 0.504
CUM Mean pos logit: 0.043, Mean neg logit: 0.016

Epoch 1, Batch 720 | Acc: 0.5353 | PosAcc: 0.6429 | NegAcc: 0.4264
len(easy_positives): 0 , len(easy_negatives): 0
len(hard_positives): 0 , len(hard_negatives): 0

CUM Mean pos prob: 0.510, Mean neg prob: 0.504
CUM Mean pos logit: 0.042, Mean neg logit: 0.015

Epoch 1, Batch 740 | Acc: 0.5351 | PosAcc: 0.6428 | NegAcc: 0.4265
len(easy_positives): 0 , len(easy_negatives): 0
len(hard_positives): 0 , len(hard_negatives): 0

CUM Mean pos prob: 0.510, Mean neg prob: 0.504
CUM Mean pos logit: 0.042, Mean neg logit: 0.014

Epoch 1, Batch 760 | Acc: 0.5367 | PosAcc: 0.6381 | NegAcc: 0.4345
len(easy_positives): 0 , len(easy_negatives): 0
len(hard_positives): 0 , len(hard_negatives): 0

CUM Mean pos prob: 0.510, Mean neg prob: 0.503
CUM Mean pos logit: 0.040, Mean neg logit: 0.010

Epoch 1, Batch 780 | Acc: 0.5370 | PosAcc: 0.6368 | NegAcc: 0.4363
len(easy_positives): 0 , len(easy_negatives): 0
len(hard_positives): 0 , len(hard_negatives): 0

CUM Mean pos prob: 0.510, Mean neg prob: 0.502
CUM Mean pos logit: 0.040, Mean neg logit: 0.010

Epoch 1, Batch 800 | Acc: 0.5381 | PosAcc: 0.6408 | NegAcc: 0.4343
len(easy_positives): 0 , len(easy_negatives): 0
len(hard_positives): 0 , len(hard_negatives): 0

CUM Mean pos prob: 0.511, Mean neg prob: 0.503
CUM Mean pos logit: 0.044, Mean neg logit: 0.011

Epoch 1, Batch 820 | Acc: 0.5383 | PosAcc: 0.6393 | NegAcc: 0.4362
len(easy_positives): 0 , len(easy_negatives): 0
len(hard_positives): 0 , len(hard_negatives): 0

CUM Mean pos prob: 0.511, Mean neg prob: 0.502
CUM Mean pos logit: 0.043, Mean neg logit: 0.009

Epoch 1, Batch 840 | Acc: 0.5387 | PosAcc: 0.6373 | NegAcc: 0.4390
len(easy_positives): 0 , len(easy_negatives): 0
len(hard_positives): 0 , len(hard_negatives): 0

CUM Mean pos prob: 0.510, Mean neg prob: 0.502
CUM Mean pos logit: 0.042, Mean neg logit: 0.008

Epoch 1, Batch 860 | Acc: 0.5392 | PosAcc: 0.6389 | NegAcc: 0.4384
len(easy_positives): 0 , len(easy_negatives): 0
len(hard_positives): 0 , len(hard_negatives): 0

CUM Mean pos prob: 0.511, Mean neg prob: 0.502
CUM Mean pos logit: 0.044, Mean neg logit: 0.008

Epoch 1, Batch 880 | Acc: 0.5394 | PosAcc: 0.6408 | NegAcc: 0.4368
len(easy_positives): 0 , len(easy_negatives): 0
len(hard_positives): 0 , len(hard_negatives): 0

CUM Mean pos prob: 0.511, Mean neg prob: 0.502
CUM Mean pos logit: 0.046, Mean neg logit: 0.009

Epoch 1, Batch 900 | Acc: 0.5400 | PosAcc: 0.6403 | NegAcc: 0.4386
len(easy_positives): 0 , len(easy_negatives): 0
len(hard_positives): 0 , len(hard_negatives): 0

CUM Mean pos prob: 0.511, Mean neg prob: 0.502
CUM Mean pos logit: 0.046, Mean neg logit: 0.008

Epoch 1, Batch 920 | Acc: 0.5399 | PosAcc: 0.6401 | NegAcc: 0.4386
len(easy_positives): 0 , len(easy_negatives): 0
len(hard_positives): 0 , len(hard_negatives): 0

CUM Mean pos prob: 0.511, Mean neg prob: 0.502
CUM Mean pos logit: 0.046, Mean neg logit: 0.007

Epoch 1, Batch 940 | Acc: 0.5406 | PosAcc: 0.6368 | NegAcc: 0.4436
len(easy_positives): 0 , len(easy_negatives): 0
len(hard_positives): 0 , len(hard_negatives): 0

CUM Mean pos prob: 0.511, Mean neg prob: 0.501
CUM Mean pos logit: 0.045, Mean neg logit: 0.005

Epoch 1, Batch 960 | Acc: 0.5411 | PosAcc: 0.6361 | NegAcc: 0.4452
len(easy_positives): 0 , len(easy_negatives): 0
len(hard_positives): 0 , len(hard_negatives): 0

CUM Mean pos prob: 0.511, Mean neg prob: 0.501
CUM Mean pos logit: 0.045, Mean neg logit: 0.004

Epoch 1, Batch 980 | Acc: 0.5407 | PosAcc: 0.6374 | NegAcc: 0.4429
len(easy_positives): 0 , len(easy_negatives): 0
len(hard_positives): 0 , len(hard_negatives): 0

CUM Mean pos prob: 0.512, Mean neg prob: 0.501
CUM Mean pos logit: 0.047, Mean neg logit: 0.005

Epoch 1, Batch 1000 | Acc: 0.5412 | PosAcc: 0.6385 | NegAcc: 0.4426
len(easy_positives): 0 , len(easy_negatives): 0
len(hard_positives): 0 , len(hard_negatives): 0

CUM Mean pos prob: 0.512, Mean neg prob: 0.501
CUM Mean pos logit: 0.048, Mean neg logit: 0.005

Epoch 1, Batch 1020 | Acc: 0.5414 | PosAcc: 0.6390 | NegAcc: 0.4428
len(easy_positives): 0 , len(easy_negatives): 0
len(hard_positives): 0 , len(hard_negatives): 0

CUM Mean pos prob: 0.512, Mean neg prob: 0.501
CUM Mean pos logit: 0.048, Mean neg logit: 0.005

Epoch 1, Batch 1040 | Acc: 0.5423 | PosAcc: 0.6360 | NegAcc: 0.4478
len(easy_positives): 0 , len(easy_negatives): 0
len(hard_positives): 0 , len(hard_negatives): 0

CUM Mean pos prob: 0.512, Mean neg prob: 0.501
CUM Mean pos logit: 0.047, Mean neg logit: 0.002

Epoch 1, Batch 1060 | Acc: 0.5428 | PosAcc: 0.6340 | NegAcc: 0.4507
len(easy_positives): 0 , len(easy_negatives): 0
len(hard_positives): 0 , len(hard_negatives): 0

CUM Mean pos prob: 0.512, Mean neg prob: 0.500
CUM Mean pos logit: 0.046, Mean neg logit: 0.001

Epoch 1, Batch 1080 | Acc: 0.5424 | PosAcc: 0.6332 | NegAcc: 0.4506
len(easy_positives): 0 , len(easy_negatives): 0
len(hard_positives): 0 , len(hard_negatives): 0

CUM Mean pos prob: 0.512, Mean neg prob: 0.500
CUM Mean pos logit: 0.046, Mean neg logit: 0.001

Epoch 1, Batch 1100 | Acc: 0.5425 | PosAcc: 0.6359 | NegAcc: 0.4477
len(easy_positives): 0 , len(easy_negatives): 0
len(hard_positives): 0 , len(hard_negatives): 0

CUM Mean pos prob: 0.512, Mean neg prob: 0.501
CUM Mean pos logit: 0.049, Mean neg logit: 0.004

Epoch 1, Batch 1120 | Acc: 0.5428 | PosAcc: 0.6382 | NegAcc: 0.4461
len(easy_positives): 0 , len(easy_negatives): 0
len(hard_positives): 0 , len(hard_negatives): 0

CUM Mean pos prob: 0.513, Mean neg prob: 0.501
CUM Mean pos logit: 0.051, Mean neg logit: 0.005

Epoch 1, Batch 1140 | Acc: 0.5441 | PosAcc: 0.6371 | NegAcc: 0.4498
len(easy_positives): 0 , len(easy_negatives): 0
len(hard_positives): 0 , len(hard_negatives): 0

CUM Mean pos prob: 0.513, Mean neg prob: 0.501
CUM Mean pos logit: 0.051, Mean neg logit: 0.003

Epoch 1, Batch 1160 | Acc: 0.5440 | PosAcc: 0.6374 | NegAcc: 0.4495
len(easy_positives): 0 , len(easy_negatives): 0
len(hard_positives): 0 , len(hard_negatives): 0

CUM Mean pos prob: 0.513, Mean neg prob: 0.501
CUM Mean pos logit: 0.051, Mean neg logit: 0.004

Epoch 1, Batch 1180 | Acc: 0.5439 | PosAcc: 0.6350 | NegAcc: 0.4516
len(easy_positives): 0 , len(easy_negatives): 0
len(hard_positives): 0 , len(hard_negatives): 0

CUM Mean pos prob: 0.512, Mean neg prob: 0.501
CUM Mean pos logit: 0.050, Mean neg logit: 0.002

Epoch 1, Batch 1200 | Acc: 0.5442 | PosAcc: 0.6354 | NegAcc: 0.4518
len(easy_positives): 0 , len(easy_negatives): 0
len(hard_positives): 0 , len(hard_negatives): 0

CUM Mean pos prob: 0.513, Mean neg prob: 0.501
CUM Mean pos logit: 0.051, Mean neg logit: 0.002

Epoch 1, Batch 1220 | Acc: 0.5440 | PosAcc: 0.6331 | NegAcc: 0.4537
len(easy_positives): 0 , len(easy_negatives): 0
len(hard_positives): 0 , len(hard_negatives): 0

CUM Mean pos prob: 0.512, Mean neg prob: 0.500
CUM Mean pos logit: 0.050, Mean neg logit: 0.001

Epoch 1, Batch 1240 | Acc: 0.5449 | PosAcc: 0.6355 | NegAcc: 0.4527
len(easy_positives): 0 , len(easy_negatives): 0
len(hard_positives): 0 , len(hard_negatives): 0

CUM Mean pos prob: 0.513, Mean neg prob: 0.501
CUM Mean pos logit: 0.053, Mean neg logit: 0.003

Epoch 1, Batch 1260 | Acc: 0.5453 | PosAcc: 0.6378 | NegAcc: 0.4514
len(easy_positives): 0 , len(easy_negatives): 0
len(hard_positives): 0 , len(hard_negatives): 0

CUM Mean pos prob: 0.514, Mean neg prob: 0.501
CUM Mean pos logit: 0.056, Mean neg logit: 0.004

Epoch 1, Batch 1280 | Acc: 0.5454 | PosAcc: 0.6359 | NegAcc: 0.4535
len(easy_positives): 0 , len(easy_negatives): 0
len(hard_positives): 0 , len(hard_negatives): 0

CUM Mean pos prob: 0.514, Mean neg prob: 0.501
CUM Mean pos logit: 0.055, Mean neg logit: 0.003

Epoch 1, Batch 1300 | Acc: 0.5454 | PosAcc: 0.6336 | NegAcc: 0.4557
len(easy_positives): 0 , len(easy_negatives): 0
len(hard_positives): 0 , len(hard_negatives): 0

CUM Mean pos prob: 0.513, Mean neg prob: 0.500
CUM Mean pos logit: 0.054, Mean neg logit: 0.001

Epoch 1, Batch 1320 | Acc: 0.5453 | PosAcc: 0.6319 | NegAcc: 0.4576
len(easy_positives): 0 , len(easy_negatives): 0
len(hard_positives): 0 , len(hard_negatives): 0

CUM Mean pos prob: 0.513, Mean neg prob: 0.500
CUM Mean pos logit: 0.053, Mean neg logit: 0.000

Epoch 1, Batch 1340 | Acc: 0.5457 | PosAcc: 0.6285 | NegAcc: 0.4621
len(easy_positives): 0 , len(easy_negatives): 0
len(hard_positives): 0 , len(hard_negatives): 0

CUM Mean pos prob: 0.513, Mean neg prob: 0.500
CUM Mean pos logit: 0.051, Mean neg logit: -0.003

Epoch 1, Batch 1360 | Acc: 0.5457 | PosAcc: 0.6255 | NegAcc: 0.4650
len(easy_positives): 0 , len(easy_negatives): 0
len(hard_positives): 0 , len(hard_negatives): 0

CUM Mean pos prob: 0.512, Mean neg prob: 0.499
CUM Mean pos logit: 0.050, Mean neg logit: -0.004

Epoch 1, Batch 1380 | Acc: 0.5462 | PosAcc: 0.6288 | NegAcc: 0.4625
len(easy_positives): 0 , len(easy_negatives): 0
len(hard_positives): 0 , len(hard_negatives): 0

CUM Mean pos prob: 0.513, Mean neg prob: 0.500
CUM Mean pos logit: 0.054, Mean neg logit: -0.002

Epoch 1, Batch 1400 | Acc: 0.5467 | PosAcc: 0.6290 | NegAcc: 0.4632
len(easy_positives): 0 , len(easy_negatives): 0
len(hard_positives): 0 , len(hard_negatives): 0

CUM Mean pos prob: 0.513, Mean neg prob: 0.500
CUM Mean pos logit: 0.054, Mean neg logit: -0.002

Epoch 1, Batch 1420 | Acc: 0.5473 | PosAcc: 0.6298 | NegAcc: 0.4635
len(easy_positives): 0 , len(easy_negatives): 0
len(hard_positives): 0 , len(hard_negatives): 0

CUM Mean pos prob: 0.514, Mean neg prob: 0.500
CUM Mean pos logit: 0.055, Mean neg logit: -0.002

Epoch 1, Batch 1440 | Acc: 0.5477 | PosAcc: 0.6300 | NegAcc: 0.4641
len(easy_positives): 0 , len(easy_negatives): 0
len(hard_positives): 0 , len(hard_negatives): 0

CUM Mean pos prob: 0.514, Mean neg prob: 0.500
CUM Mean pos logit: 0.055, Mean neg logit: -0.002

Epoch 1, Batch 1460 | Acc: 0.5483 | PosAcc: 0.6275 | NegAcc: 0.4680
len(easy_positives): 0 , len(easy_negatives): 0
len(hard_positives): 0 , len(hard_negatives): 0

CUM Mean pos prob: 0.513, Mean neg prob: 0.499
CUM Mean pos logit: 0.054, Mean neg logit: -0.004

Epoch 1, Batch 1480 | Acc: 0.5485 | PosAcc: 0.6271 | NegAcc: 0.4688
len(easy_positives): 0 , len(easy_negatives): 0
len(hard_positives): 0 , len(hard_negatives): 0

CUM Mean pos prob: 0.513, Mean neg prob: 0.499
CUM Mean pos logit: 0.054, Mean neg logit: -0.004

Epoch 1, Batch 1500 | Acc: 0.5489 | PosAcc: 0.6264 | NegAcc: 0.4702
len(easy_positives): 0 , len(easy_negatives): 0
len(hard_positives): 0 , len(hard_negatives): 0

CUM Mean pos prob: 0.513, Mean neg prob: 0.499
CUM Mean pos logit: 0.055, Mean neg logit: -0.005

Epoch 1, Batch 1520 | Acc: 0.5489 | PosAcc: 0.6247 | NegAcc: 0.4721
len(easy_positives): 0 , len(easy_negatives): 0
len(hard_positives): 0 , len(hard_negatives): 0

CUM Mean pos prob: 0.513, Mean neg prob: 0.499
CUM Mean pos logit: 0.054, Mean neg logit: -0.006

Epoch 1, Batch 1540 | Acc: 0.5492 | PosAcc: 0.6248 | NegAcc: 0.4727
len(easy_positives): 0 , len(easy_negatives): 0
len(hard_positives): 0 , len(hard_negatives): 0

CUM Mean pos prob: 0.513, Mean neg prob: 0.498
CUM Mean pos logit: 0.054, Mean neg logit: -0.007

Epoch 1, Batch 1560 | Acc: 0.5497 | PosAcc: 0.6230 | NegAcc: 0.4756
len(easy_positives): 0 , len(easy_negatives): 0
len(hard_positives): 0 , len(hard_negatives): 0

CUM Mean pos prob: 0.513, Mean neg prob: 0.498
CUM Mean pos logit: 0.053, Mean neg logit: -0.008

Epoch 1, Batch 1580 | Acc: 0.5500 | PosAcc: 0.6216 | NegAcc: 0.4776
len(easy_positives): 0 , len(easy_negatives): 0
len(hard_positives): 0 , len(hard_negatives): 0

CUM Mean pos prob: 0.513, Mean neg prob: 0.498
CUM Mean pos logit: 0.052, Mean neg logit: -0.009

Epoch 1, Batch 1600 | Acc: 0.5507 | PosAcc: 0.6190 | NegAcc: 0.4819
len(easy_positives): 0 , len(easy_negatives): 0
len(hard_positives): 0 , len(hard_negatives): 0

CUM Mean pos prob: 0.513, Mean neg prob: 0.497
CUM Mean pos logit: 0.051, Mean neg logit: -0.012

Epoch 1, Batch 1620 | Acc: 0.5507 | PosAcc: 0.6192 | NegAcc: 0.4815
len(easy_positives): 2 , len(easy_negatives): 0
len(hard_positives): 0 , len(hard_negatives): 0

CUM Mean pos prob: 0.513, Mean neg prob: 0.497
CUM Mean pos logit: 0.052, Mean neg logit: -0.011

Epoch 1, Batch 1640 | Acc: 0.5512 | PosAcc: 0.6177 | NegAcc: 0.4840
len(easy_positives): 2 , len(easy_negatives): 0
len(hard_positives): 0 , len(hard_negatives): 0

CUM Mean pos prob: 0.513, Mean neg prob: 0.497
CUM Mean pos logit: 0.052, Mean neg logit: -0.013

Epoch 1, Batch 1660 | Acc: 0.5518 | PosAcc: 0.6174 | NegAcc: 0.4855
len(easy_positives): 2 , len(easy_negatives): 0
len(hard_positives): 0 , len(hard_negatives): 0

CUM Mean pos prob: 0.513, Mean neg prob: 0.497
CUM Mean pos logit: 0.052, Mean neg logit: -0.013

Epoch 1, Batch 1680 | Acc: 0.5518 | PosAcc: 0.6164 | NegAcc: 0.4867
len(easy_positives): 2 , len(easy_negatives): 0
len(hard_positives): 0 , len(hard_negatives): 0

CUM Mean pos prob: 0.513, Mean neg prob: 0.497
CUM Mean pos logit: 0.052, Mean neg logit: -0.014

Epoch 1, Batch 1700 | Acc: 0.5521 | PosAcc: 0.6156 | NegAcc: 0.4880
len(easy_positives): 2 , len(easy_negatives): 0
len(hard_positives): 0 , len(hard_negatives): 0

CUM Mean pos prob: 0.513, Mean neg prob: 0.496
CUM Mean pos logit: 0.052, Mean neg logit: -0.015

Epoch 1, Batch 1720 | Acc: 0.5528 | PosAcc: 0.6154 | NegAcc: 0.4896
len(easy_positives): 2 , len(easy_negatives): 0
len(hard_positives): 0 , len(hard_negatives): 0

CUM Mean pos prob: 0.513, Mean neg prob: 0.496
CUM Mean pos logit: 0.052, Mean neg logit: -0.016

Epoch 1, Batch 1740 | Acc: 0.5536 | PosAcc: 0.6162 | NegAcc: 0.4905
len(easy_positives): 3 , len(easy_negatives): 0
len(hard_positives): 0 , len(hard_negatives): 0

CUM Mean pos prob: 0.513, Mean neg prob: 0.496
CUM Mean pos logit: 0.054, Mean neg logit: -0.016

Epoch 1, Batch 1760 | Acc: 0.5538 | PosAcc: 0.6151 | NegAcc: 0.4920
len(easy_positives): 3 , len(easy_negatives): 0
len(hard_positives): 0 , len(hard_negatives): 0

CUM Mean pos prob: 0.513, Mean neg prob: 0.496
CUM Mean pos logit: 0.054, Mean neg logit: -0.018

Epoch 1, Batch 1780 | Acc: 0.5539 | PosAcc: 0.6135 | NegAcc: 0.4938
len(easy_positives): 3 , len(easy_negatives): 0
len(hard_positives): 0 , len(hard_negatives): 0

CUM Mean pos prob: 0.513, Mean neg prob: 0.495
CUM Mean pos logit: 0.053, Mean neg logit: -0.019

Epoch 1, Batch 1800 | Acc: 0.5543 | PosAcc: 0.6152 | NegAcc: 0.4927
len(easy_positives): 6 , len(easy_negatives): 0
len(hard_positives): 0 , len(hard_negatives): 0

CUM Mean pos prob: 0.514, Mean neg prob: 0.496
CUM Mean pos logit: 0.056, Mean neg logit: -0.018

Epoch 1, Batch 1820 | Acc: 0.5542 | PosAcc: 0.6130 | NegAcc: 0.4949
len(easy_positives): 6 , len(easy_negatives): 0
len(hard_positives): 0 , len(hard_negatives): 0

CUM Mean pos prob: 0.514, Mean neg prob: 0.495
CUM Mean pos logit: 0.055, Mean neg logit: -0.020

Epoch 1, Batch 1840 | Acc: 0.5548 | PosAcc: 0.6150 | NegAcc: 0.4939
len(easy_positives): 16 , len(easy_negatives): 0
len(hard_positives): 0 , len(hard_negatives): 2

CUM Mean pos prob: 0.514, Mean neg prob: 0.496
CUM Mean pos logit: 0.059, Mean neg logit: -0.018

Epoch 1, Batch 1860 | Acc: 0.5552 | PosAcc: 0.6146 | NegAcc: 0.4952
len(easy_positives): 17 , len(easy_negatives): 0
len(hard_positives): 0 , len(hard_negatives): 2

CUM Mean pos prob: 0.514, Mean neg prob: 0.495
CUM Mean pos logit: 0.059, Mean neg logit: -0.019

Epoch 1, Batch 1880 | Acc: 0.5554 | PosAcc: 0.6135 | NegAcc: 0.4967
len(easy_positives): 17 , len(easy_negatives): 0
len(hard_positives): 0 , len(hard_negatives): 2

CUM Mean pos prob: 0.514, Mean neg prob: 0.495
CUM Mean pos logit: 0.059, Mean neg logit: -0.020

Epoch 1, Batch 1900 | Acc: 0.5559 | PosAcc: 0.6129 | NegAcc: 0.4983
len(easy_positives): 17 , len(easy_negatives): 0
len(hard_positives): 0 , len(hard_negatives): 2

CUM Mean pos prob: 0.514, Mean neg prob: 0.495
CUM Mean pos logit: 0.058, Mean neg logit: -0.021

Epoch 1, Batch 1920 | Acc: 0.5562 | PosAcc: 0.6116 | NegAcc: 0.5004
len(easy_positives): 17 , len(easy_negatives): 0
len(hard_positives): 0 , len(hard_negatives): 2

CUM Mean pos prob: 0.514, Mean neg prob: 0.495
CUM Mean pos logit: 0.058, Mean neg logit: -0.022

Epoch 1, Batch 1940 | Acc: 0.5567 | PosAcc: 0.6093 | NegAcc: 0.5036
len(easy_positives): 17 , len(easy_negatives): 0
len(hard_positives): 0 , len(hard_negatives): 2

CUM Mean pos prob: 0.514, Mean neg prob: 0.494
CUM Mean pos logit: 0.056, Mean neg logit: -0.024

Epoch 1, Batch 1960 | Acc: 0.5574 | PosAcc: 0.6101 | NegAcc: 0.5041
len(easy_positives): 18 , len(easy_negatives): 0
len(hard_positives): 0 , len(hard_negatives): 2

CUM Mean pos prob: 0.514, Mean neg prob: 0.494
CUM Mean pos logit: 0.058, Mean neg logit: -0.024

Epoch 1, Batch 1980 | Acc: 0.5581 | PosAcc: 0.6097 | NegAcc: 0.5061
len(easy_positives): 18 , len(easy_negatives): 0
len(hard_positives): 0 , len(hard_negatives): 2

CUM Mean pos prob: 0.514, Mean neg prob: 0.494
CUM Mean pos logit: 0.058, Mean neg logit: -0.025

Epoch 1, Batch 2000 | Acc: 0.5586 | PosAcc: 0.6092 | NegAcc: 0.5076
len(easy_positives): 18 , len(easy_negatives): 0
len(hard_positives): 0 , len(hard_negatives): 2

CUM Mean pos prob: 0.514, Mean neg prob: 0.494
CUM Mean pos logit: 0.058, Mean neg logit: -0.026

Epoch 1, Batch 2020 | Acc: 0.5594 | PosAcc: 0.6086 | NegAcc: 0.5097
len(easy_positives): 19 , len(easy_negatives): 0
len(hard_positives): 0 , len(hard_negatives): 2

CUM Mean pos prob: 0.514, Mean neg prob: 0.493
CUM Mean pos logit: 0.058, Mean neg logit: -0.028

Epoch 1, Batch 2040 | Acc: 0.5599 | PosAcc: 0.6094 | NegAcc: 0.5101
len(easy_positives): 21 , len(easy_negatives): 0
len(hard_positives): 0 , len(hard_negatives): 2

CUM Mean pos prob: 0.515, Mean neg prob: 0.493
CUM Mean pos logit: 0.060, Mean neg logit: -0.028

Epoch 1, Batch 2060 | Acc: 0.5602 | PosAcc: 0.6087 | NegAcc: 0.5113
len(easy_positives): 21 , len(easy_negatives): 0
len(hard_positives): 0 , len(hard_negatives): 2

CUM Mean pos prob: 0.515, Mean neg prob: 0.493
CUM Mean pos logit: 0.060, Mean neg logit: -0.029

Epoch 1, Batch 2080 | Acc: 0.5608 | PosAcc: 0.6085 | NegAcc: 0.5128
len(easy_positives): 21 , len(easy_negatives): 1
len(hard_positives): 0 , len(hard_negatives): 2

CUM Mean pos prob: 0.515, Mean neg prob: 0.493
CUM Mean pos logit: 0.061, Mean neg logit: -0.030

Epoch 1, Batch 2100 | Acc: 0.5613 | PosAcc: 0.6064 | NegAcc: 0.5158
len(easy_positives): 22 , len(easy_negatives): 2
len(hard_positives): 0 , len(hard_negatives): 2

CUM Mean pos prob: 0.514, Mean neg prob: 0.492
CUM Mean pos logit: 0.059, Mean neg logit: -0.033

Epoch 1, Batch 2120 | Acc: 0.5618 | PosAcc: 0.6076 | NegAcc: 0.5156
len(easy_positives): 33 , len(easy_negatives): 2
len(hard_positives): 0 , len(hard_negatives): 3

CUM Mean pos prob: 0.515, Mean neg prob: 0.492
CUM Mean pos logit: 0.062, Mean neg logit: -0.032

Epoch 1, Batch 2140 | Acc: 0.5623 | PosAcc: 0.6066 | NegAcc: 0.5178
len(easy_positives): 33 , len(easy_negatives): 3
len(hard_positives): 0 , len(hard_negatives): 3

CUM Mean pos prob: 0.515, Mean neg prob: 0.492
CUM Mean pos logit: 0.061, Mean neg logit: -0.035

Epoch 1, Batch 2160 | Acc: 0.5627 | PosAcc: 0.6053 | NegAcc: 0.5198
len(easy_positives): 37 , len(easy_negatives): 4
len(hard_positives): 0 , len(hard_negatives): 3

CUM Mean pos prob: 0.515, Mean neg prob: 0.491
CUM Mean pos logit: 0.061, Mean neg logit: -0.037

Epoch 1, Batch 2180 | Acc: 0.5632 | PosAcc: 0.6071 | NegAcc: 0.5192
len(easy_positives): 50 , len(easy_negatives): 5
len(hard_positives): 0 , len(hard_negatives): 4

CUM Mean pos prob: 0.515, Mean neg prob: 0.491
CUM Mean pos logit: 0.064, Mean neg logit: -0.036

Epoch 1, Batch 2200 | Acc: 0.5637 | PosAcc: 0.6062 | NegAcc: 0.5209
len(easy_positives): 51 , len(easy_negatives): 7
len(hard_positives): 1 , len(hard_negatives): 4

CUM Mean pos prob: 0.515, Mean neg prob: 0.491
CUM Mean pos logit: 0.064, Mean neg logit: -0.038

Epoch 1, Batch 2220 | Acc: 0.5642 | PosAcc: 0.6057 | NegAcc: 0.5225
len(easy_positives): 53 , len(easy_negatives): 13
len(hard_positives): 1 , len(hard_negatives): 4

CUM Mean pos prob: 0.515, Mean neg prob: 0.490
CUM Mean pos logit: 0.064, Mean neg logit: -0.041

Epoch 1, Batch 2240 | Acc: 0.5648 | PosAcc: 0.6062 | NegAcc: 0.5232
len(easy_positives): 59 , len(easy_negatives): 13
len(hard_positives): 1 , len(hard_negatives): 4

CUM Mean pos prob: 0.516, Mean neg prob: 0.490
CUM Mean pos logit: 0.065, Mean neg logit: -0.041

Epoch 1, Batch 2260 | Acc: 0.5652 | PosAcc: 0.6067 | NegAcc: 0.5236
len(easy_positives): 65 , len(easy_negatives): 17
len(hard_positives): 2 , len(hard_negatives): 7

CUM Mean pos prob: 0.516, Mean neg prob: 0.490
CUM Mean pos logit: 0.067, Mean neg logit: -0.042

Epoch 1, Batch 2280 | Acc: 0.5658 | PosAcc: 0.6073 | NegAcc: 0.5239
len(easy_positives): 79 , len(easy_negatives): 23
len(hard_positives): 2 , len(hard_negatives): 9

CUM Mean pos prob: 0.517, Mean neg prob: 0.490
CUM Mean pos logit: 0.069, Mean neg logit: -0.042

Epoch 1, Batch 2300 | Acc: 0.5661 | PosAcc: 0.6065 | NegAcc: 0.5256
len(easy_positives): 82 , len(easy_negatives): 26
len(hard_positives): 2 , len(hard_negatives): 9

CUM Mean pos prob: 0.516, Mean neg prob: 0.489
CUM Mean pos logit: 0.069, Mean neg logit: -0.044

Epoch 1, Batch 2320 | Acc: 0.5664 | PosAcc: 0.6058 | NegAcc: 0.5268
len(easy_positives): 88 , len(easy_negatives): 36
len(hard_positives): 2 , len(hard_negatives): 9

CUM Mean pos prob: 0.517, Mean neg prob: 0.489
CUM Mean pos logit: 0.069, Mean neg logit: -0.046

Epoch 1, Batch 2340 | Acc: 0.5670 | PosAcc: 0.6055 | NegAcc: 0.5283
len(easy_positives): 92 , len(easy_negatives): 43
len(hard_positives): 3 , len(hard_negatives): 10

CUM Mean pos prob: 0.517, Mean neg prob: 0.489
CUM Mean pos logit: 0.070, Mean neg logit: -0.048

Epoch 1, Batch 2360 | Acc: 0.5674 | PosAcc: 0.6058 | NegAcc: 0.5290
len(easy_positives): 110 , len(easy_negatives): 52
len(hard_positives): 4 , len(hard_negatives): 11

CUM Mean pos prob: 0.517, Mean neg prob: 0.488
CUM Mean pos logit: 0.071, Mean neg logit: -0.049

Epoch 1, Batch 2380 | Acc: 0.5676 | PosAcc: 0.6052 | NegAcc: 0.5300
len(easy_positives): 119 , len(easy_negatives): 58
len(hard_positives): 4 , len(hard_negatives): 12

CUM Mean pos prob: 0.517, Mean neg prob: 0.488
CUM Mean pos logit: 0.072, Mean neg logit: -0.051

Epoch 1, Batch 2400 | Acc: 0.5681 | PosAcc: 0.6045 | NegAcc: 0.5315
len(easy_positives): 128 , len(easy_negatives): 70
len(hard_positives): 5 , len(hard_negatives): 14

CUM Mean pos prob: 0.517, Mean neg prob: 0.488
CUM Mean pos logit: 0.072, Mean neg logit: -0.052

Epoch 1, Batch 2420 | Acc: 0.5686 | PosAcc: 0.6054 | NegAcc: 0.5317
len(easy_positives): 146 , len(easy_negatives): 74
len(hard_positives): 5 , len(hard_negatives): 15

CUM Mean pos prob: 0.518, Mean neg prob: 0.488
CUM Mean pos logit: 0.075, Mean neg logit: -0.053

Epoch 1, Batch 2440 | Acc: 0.5690 | PosAcc: 0.6057 | NegAcc: 0.5321
len(easy_positives): 152 , len(easy_negatives): 79
len(hard_positives): 5 , len(hard_negatives): 16

CUM Mean pos prob: 0.518, Mean neg prob: 0.487
CUM Mean pos logit: 0.076, Mean neg logit: -0.053

Epoch 1, Batch 2460 | Acc: 0.5695 | PosAcc: 0.6049 | NegAcc: 0.5341
len(easy_positives): 155 , len(easy_negatives): 99
len(hard_positives): 6 , len(hard_negatives): 16

CUM Mean pos prob: 0.518, Mean neg prob: 0.487
CUM Mean pos logit: 0.076, Mean neg logit: -0.056

Epoch 1, Batch 2480 | Acc: 0.5703 | PosAcc: 0.6051 | NegAcc: 0.5354
len(easy_positives): 162 , len(easy_negatives): 118
len(hard_positives): 6 , len(hard_negatives): 17

CUM Mean pos prob: 0.518, Mean neg prob: 0.486
CUM Mean pos logit: 0.077, Mean neg logit: -0.059

Epoch 1, Batch 2500 | Acc: 0.5707 | PosAcc: 0.6046 | NegAcc: 0.5368
len(easy_positives): 170 , len(easy_negatives): 135
len(hard_positives): 9 , len(hard_negatives): 17

CUM Mean pos prob: 0.518, Mean neg prob: 0.486
CUM Mean pos logit: 0.077, Mean neg logit: -0.061

Epoch 1, Batch 2520 | Acc: 0.5713 | PosAcc: 0.6050 | NegAcc: 0.5376
len(easy_positives): 180 , len(easy_negatives): 149
len(hard_positives): 11 , len(hard_negatives): 18

CUM Mean pos prob: 0.519, Mean neg prob: 0.485
CUM Mean pos logit: 0.079, Mean neg logit: -0.063

Epoch 1, Batch 2540 | Acc: 0.5720 | PosAcc: 0.6049 | NegAcc: 0.5392
len(easy_positives): 189 , len(easy_negatives): 165
len(hard_positives): 15 , len(hard_negatives): 18

CUM Mean pos prob: 0.519, Mean neg prob: 0.485
CUM Mean pos logit: 0.079, Mean neg logit: -0.065

Epoch 1, Batch 2560 | Acc: 0.5727 | PosAcc: 0.6055 | NegAcc: 0.5399
len(easy_positives): 211 , len(easy_negatives): 188
len(hard_positives): 16 , len(hard_negatives): 21

CUM Mean pos prob: 0.519, Mean neg prob: 0.484
CUM Mean pos logit: 0.081, Mean neg logit: -0.067

Epoch 1, Batch 2580 | Acc: 0.5734 | PosAcc: 0.6060 | NegAcc: 0.5407
len(easy_positives): 229 , len(easy_negatives): 205
len(hard_positives): 18 , len(hard_negatives): 24

CUM Mean pos prob: 0.520, Mean neg prob: 0.484
CUM Mean pos logit: 0.083, Mean neg logit: -0.069

Epoch 1, Batch 2600 | Acc: 0.5741 | PosAcc: 0.6075 | NegAcc: 0.5405
len(easy_positives): 269 , len(easy_negatives): 216
len(hard_positives): 20 , len(hard_negatives): 30

CUM Mean pos prob: 0.520, Mean neg prob: 0.484
CUM Mean pos logit: 0.088, Mean neg logit: -0.069

Epoch 1, Batch 2620 | Acc: 0.5745 | PosAcc: 0.6075 | NegAcc: 0.5415
len(easy_positives): 285 , len(easy_negatives): 240
len(hard_positives): 22 , len(hard_negatives): 31

CUM Mean pos prob: 0.521, Mean neg prob: 0.484
CUM Mean pos logit: 0.089, Mean neg logit: -0.071

Epoch 1, Batch 2640 | Acc: 0.5752 | PosAcc: 0.6076 | NegAcc: 0.5426
len(easy_positives): 298 , len(easy_negatives): 256
len(hard_positives): 25 , len(hard_negatives): 33

CUM Mean pos prob: 0.521, Mean neg prob: 0.483
CUM Mean pos logit: 0.089, Mean neg logit: -0.073

Epoch 1, Batch 2660 | Acc: 0.5759 | PosAcc: 0.6082 | NegAcc: 0.5436
len(easy_positives): 314 , len(easy_negatives): 272
len(hard_positives): 26 , len(hard_negatives): 36

CUM Mean pos prob: 0.521, Mean neg prob: 0.483
CUM Mean pos logit: 0.091, Mean neg logit: -0.074

Epoch 1, Batch 2680 | Acc: 0.5761 | PosAcc: 0.6080 | NegAcc: 0.5442
len(easy_positives): 330 , len(easy_negatives): 293
len(hard_positives): 29 , len(hard_negatives): 39

CUM Mean pos prob: 0.521, Mean neg prob: 0.483
CUM Mean pos logit: 0.092, Mean neg logit: -0.076

Epoch 1, Batch 2700 | Acc: 0.5769 | PosAcc: 0.6090 | NegAcc: 0.5447
len(easy_positives): 361 , len(easy_negatives): 310
len(hard_positives): 32 , len(hard_negatives): 40

CUM Mean pos prob: 0.522, Mean neg prob: 0.482
CUM Mean pos logit: 0.095, Mean neg logit: -0.077

Epoch 1, Batch 2720 | Acc: 0.5777 | PosAcc: 0.6092 | NegAcc: 0.5462
len(easy_positives): 379 , len(easy_negatives): 344
len(hard_positives): 37 , len(hard_negatives): 41

CUM Mean pos prob: 0.522, Mean neg prob: 0.482
CUM Mean pos logit: 0.096, Mean neg logit: -0.080

Epoch 1, Batch 2740 | Acc: 0.5785 | PosAcc: 0.6100 | NegAcc: 0.5469
len(easy_positives): 408 , len(easy_negatives): 363
len(hard_positives): 39 , len(hard_negatives): 47

CUM Mean pos prob: 0.523, Mean neg prob: 0.482
CUM Mean pos logit: 0.098, Mean neg logit: -0.081

Epoch 1, Batch 2760 | Acc: 0.5792 | PosAcc: 0.6107 | NegAcc: 0.5477
len(easy_positives): 423 , len(easy_negatives): 384
len(hard_positives): 42 , len(hard_negatives): 48

CUM Mean pos prob: 0.523, Mean neg prob: 0.481
CUM Mean pos logit: 0.100, Mean neg logit: -0.083

Epoch 1, Batch 2780 | Acc: 0.5797 | PosAcc: 0.6111 | NegAcc: 0.5482
len(easy_positives): 440 , len(easy_negatives): 414
len(hard_positives): 45 , len(hard_negatives): 56

CUM Mean pos prob: 0.523, Mean neg prob: 0.481
CUM Mean pos logit: 0.102, Mean neg logit: -0.084

Epoch 1, Batch 2800 | Acc: 0.5803 | PosAcc: 0.6121 | NegAcc: 0.5483
len(easy_positives): 483 , len(easy_negatives): 431
len(hard_positives): 47 , len(hard_negatives): 63

CUM Mean pos prob: 0.524, Mean neg prob: 0.481
CUM Mean pos logit: 0.106, Mean neg logit: -0.085

Epoch 1, Batch 2820 | Acc: 0.5810 | PosAcc: 0.6124 | NegAcc: 0.5496
len(easy_positives): 506 , len(easy_negatives): 467
len(hard_positives): 53 , len(hard_negatives): 64

CUM Mean pos prob: 0.524, Mean neg prob: 0.480
CUM Mean pos logit: 0.107, Mean neg logit: -0.088

Epoch 1, Batch 2840 | Acc: 0.5819 | PosAcc: 0.6125 | NegAcc: 0.5512
len(easy_positives): 519 , len(easy_negatives): 507
len(hard_positives): 57 , len(hard_negatives): 64

CUM Mean pos prob: 0.525, Mean neg prob: 0.480
CUM Mean pos logit: 0.108, Mean neg logit: -0.092

Epoch 1, Batch 2860 | Acc: 0.5824 | PosAcc: 0.6128 | NegAcc: 0.5521
len(easy_positives): 534 , len(easy_negatives): 537
len(hard_positives): 61 , len(hard_negatives): 71

CUM Mean pos prob: 0.525, Mean neg prob: 0.479
CUM Mean pos logit: 0.109, Mean neg logit: -0.094

Epoch 1, Batch 2880 | Acc: 0.5829 | PosAcc: 0.6136 | NegAcc: 0.5522
len(easy_positives): 573 , len(easy_negatives): 552
len(hard_positives): 62 , len(hard_negatives): 80

CUM Mean pos prob: 0.526, Mean neg prob: 0.479
CUM Mean pos logit: 0.112, Mean neg logit: -0.094

Epoch 1, Batch 2900 | Acc: 0.5834 | PosAcc: 0.6141 | NegAcc: 0.5525
len(easy_positives): 601 , len(easy_negatives): 572
len(hard_positives): 64 , len(hard_negatives): 86

CUM Mean pos prob: 0.526, Mean neg prob: 0.479
CUM Mean pos logit: 0.114, Mean neg logit: -0.095

Epoch 1, Batch 2920 | Acc: 0.5840 | PosAcc: 0.6148 | NegAcc: 0.5532
len(easy_positives): 624 , len(easy_negatives): 595
len(hard_positives): 67 , len(hard_negatives): 89

CUM Mean pos prob: 0.526, Mean neg prob: 0.479
CUM Mean pos logit: 0.116, Mean neg logit: -0.096

Epoch 1, Batch 2940 | Acc: 0.5848 | PosAcc: 0.6154 | NegAcc: 0.5540
len(easy_positives): 654 , len(easy_negatives): 627
len(hard_positives): 70 , len(hard_negatives): 93

CUM Mean pos prob: 0.527, Mean neg prob: 0.478
CUM Mean pos logit: 0.118, Mean neg logit: -0.098

Epoch 1, Batch 2960 | Acc: 0.5852 | PosAcc: 0.6158 | NegAcc: 0.5546
len(easy_positives): 675 , len(easy_negatives): 663
len(hard_positives): 73 , len(hard_negatives): 97

CUM Mean pos prob: 0.527, Mean neg prob: 0.478
CUM Mean pos logit: 0.120, Mean neg logit: -0.100

Epoch 1, Batch 2980 | Acc: 0.5856 | PosAcc: 0.6163 | NegAcc: 0.5549
len(easy_positives): 699 , len(easy_negatives): 692
len(hard_positives): 80 , len(hard_negatives): 104

CUM Mean pos prob: 0.528, Mean neg prob: 0.478
CUM Mean pos logit: 0.122, Mean neg logit: -0.102

Epoch 1, Batch 3000 | Acc: 0.5859 | PosAcc: 0.6164 | NegAcc: 0.5553
len(easy_positives): 727 , len(easy_negatives): 729
len(hard_positives): 83 , len(hard_negatives): 108

CUM Mean pos prob: 0.528, Mean neg prob: 0.477
CUM Mean pos logit: 0.123, Mean neg logit: -0.104

Epoch 1, Batch 3020 | Acc: 0.5863 | PosAcc: 0.6175 | NegAcc: 0.5550
len(easy_positives): 760 , len(easy_negatives): 743
len(hard_positives): 87 , len(hard_negatives): 112

CUM Mean pos prob: 0.529, Mean neg prob: 0.477
CUM Mean pos logit: 0.126, Mean neg logit: -0.103

Epoch 1, Batch 3040 | Acc: 0.5868 | PosAcc: 0.6175 | NegAcc: 0.5560
len(easy_positives): 781 , len(easy_negatives): 772
len(hard_positives): 92 , len(hard_negatives): 113

CUM Mean pos prob: 0.529, Mean neg prob: 0.477
CUM Mean pos logit: 0.127, Mean neg logit: -0.106

Epoch 1, Batch 3060 | Acc: 0.5875 | PosAcc: 0.6187 | NegAcc: 0.5561
len(easy_positives): 817 , len(easy_negatives): 789
len(hard_positives): 93 , len(hard_negatives): 122

CUM Mean pos prob: 0.529, Mean neg prob: 0.477
CUM Mean pos logit: 0.130, Mean neg logit: -0.106

Epoch 1, Batch 3080 | Acc: 0.5881 | PosAcc: 0.6193 | NegAcc: 0.5568
len(easy_positives): 843 , len(easy_negatives): 820
len(hard_positives): 100 , len(hard_negatives): 129

CUM Mean pos prob: 0.530, Mean neg prob: 0.476
CUM Mean pos logit: 0.132, Mean neg logit: -0.108

Epoch 1, Batch 3100 | Acc: 0.5885 | PosAcc: 0.6198 | NegAcc: 0.5570
len(easy_positives): 881 , len(easy_negatives): 850
len(hard_positives): 101 , len(hard_negatives): 133

CUM Mean pos prob: 0.530, Mean neg prob: 0.476
CUM Mean pos logit: 0.135, Mean neg logit: -0.109

Epoch 1, Batch 3120 | Acc: 0.5891 | PosAcc: 0.6201 | NegAcc: 0.5580
len(easy_positives): 911 , len(easy_negatives): 889
len(hard_positives): 103 , len(hard_negatives): 133

CUM Mean pos prob: 0.531, Mean neg prob: 0.476
CUM Mean pos logit: 0.136, Mean neg logit: -0.112

Epoch 1, Batch 3140 | Acc: 0.5895 | PosAcc: 0.6202 | NegAcc: 0.5588
len(easy_positives): 938 , len(easy_negatives): 932
len(hard_positives): 114 , len(hard_negatives): 133

CUM Mean pos prob: 0.531, Mean neg prob: 0.475
CUM Mean pos logit: 0.138, Mean neg logit: -0.115

Epoch 1, Batch 3160 | Acc: 0.5901 | PosAcc: 0.6211 | NegAcc: 0.5589
len(easy_positives): 986 , len(easy_negatives): 966
len(hard_positives): 119 , len(hard_negatives): 142

CUM Mean pos prob: 0.531, Mean neg prob: 0.475
CUM Mean pos logit: 0.141, Mean neg logit: -0.115

Epoch 1, Batch 3180 | Acc: 0.5902 | PosAcc: 0.6214 | NegAcc: 0.5589
len(easy_positives): 1020 , len(easy_negatives): 997
len(hard_positives): 127 , len(hard_negatives): 149

CUM Mean pos prob: 0.532, Mean neg prob: 0.475
CUM Mean pos logit: 0.143, Mean neg logit: -0.116

Epoch 1, Batch 3200 | Acc: 0.5907 | PosAcc: 0.6220 | NegAcc: 0.5592
len(easy_positives): 1050 , len(easy_negatives): 1024
len(hard_positives): 131 , len(hard_negatives): 154

CUM Mean pos prob: 0.532, Mean neg prob: 0.475
CUM Mean pos logit: 0.145, Mean neg logit: -0.117

Epoch 1, Batch 3220 | Acc: 0.5912 | PosAcc: 0.6222 | NegAcc: 0.5600
len(easy_positives): 1071 , len(easy_negatives): 1062
len(hard_positives): 135 , len(hard_negatives): 160

CUM Mean pos prob: 0.532, Mean neg prob: 0.474
CUM Mean pos logit: 0.146, Mean neg logit: -0.120

Epoch 1, Batch 3240 | Acc: 0.5915 | PosAcc: 0.6220 | NegAcc: 0.5608
len(easy_positives): 1089 , len(easy_negatives): 1093
len(hard_positives): 139 , len(hard_negatives): 163

CUM Mean pos prob: 0.533, Mean neg prob: 0.474
CUM Mean pos logit: 0.146, Mean neg logit: -0.121

Epoch 1, Batch 3260 | Acc: 0.5921 | PosAcc: 0.6228 | NegAcc: 0.5611
len(easy_positives): 1117 , len(easy_negatives): 1121
len(hard_positives): 140 , len(hard_negatives): 164

CUM Mean pos prob: 0.533, Mean neg prob: 0.474
CUM Mean pos logit: 0.148, Mean neg logit: -0.122

Epoch 1, Batch 3280 | Acc: 0.5928 | PosAcc: 0.6236 | NegAcc: 0.5617
len(easy_positives): 1136 , len(easy_negatives): 1149
len(hard_positives): 144 , len(hard_negatives): 169

CUM Mean pos prob: 0.533, Mean neg prob: 0.473
CUM Mean pos logit: 0.150, Mean neg logit: -0.124

Epoch 1, Batch 3300 | Acc: 0.5934 | PosAcc: 0.6241 | NegAcc: 0.5625
len(easy_positives): 1155 , len(easy_negatives): 1189
len(hard_positives): 152 , len(hard_negatives): 173

CUM Mean pos prob: 0.534, Mean neg prob: 0.473
CUM Mean pos logit: 0.151, Mean neg logit: -0.126

Epoch 1, Batch 3320 | Acc: 0.5938 | PosAcc: 0.6242 | NegAcc: 0.5631
len(easy_positives): 1182 , len(easy_negatives): 1222
len(hard_positives): 153 , len(hard_negatives): 178

CUM Mean pos prob: 0.534, Mean neg prob: 0.473
CUM Mean pos logit: 0.152, Mean neg logit: -0.128

Epoch 1, Batch 3340 | Acc: 0.5942 | PosAcc: 0.6247 | NegAcc: 0.5635
len(easy_positives): 1222 , len(easy_negatives): 1248
len(hard_positives): 156 , len(hard_negatives): 188

CUM Mean pos prob: 0.534, Mean neg prob: 0.473
CUM Mean pos logit: 0.155, Mean neg logit: -0.129

Epoch 1, Batch 3360 | Acc: 0.5947 | PosAcc: 0.6252 | NegAcc: 0.5640
len(easy_positives): 1255 , len(easy_negatives): 1282
len(hard_positives): 161 , len(hard_negatives): 192

CUM Mean pos prob: 0.535, Mean neg prob: 0.472
CUM Mean pos logit: 0.156, Mean neg logit: -0.131

Epoch 1, Batch 3380 | Acc: 0.5950 | PosAcc: 0.6253 | NegAcc: 0.5646
len(easy_positives): 1283 , len(easy_negatives): 1311
len(hard_positives): 169 , len(hard_negatives): 195

CUM Mean pos prob: 0.535, Mean neg prob: 0.472
CUM Mean pos logit: 0.157, Mean neg logit: -0.133

Epoch 1, Batch 3400 | Acc: 0.5956 | PosAcc: 0.6257 | NegAcc: 0.5652
len(easy_positives): 1321 , len(easy_negatives): 1361
len(hard_positives): 173 , len(hard_negatives): 199

CUM Mean pos prob: 0.535, Mean neg prob: 0.471
CUM Mean pos logit: 0.160, Mean neg logit: -0.135

Epoch 1, Batch 3420 | Acc: 0.5961 | PosAcc: 0.6265 | NegAcc: 0.5654
len(easy_positives): 1360 , len(easy_negatives): 1392
len(hard_positives): 176 , len(hard_negatives): 202

CUM Mean pos prob: 0.536, Mean neg prob: 0.471
CUM Mean pos logit: 0.162, Mean neg logit: -0.136

Epoch 1, Batch 3440 | Acc: 0.5967 | PosAcc: 0.6274 | NegAcc: 0.5659
len(easy_positives): 1400 , len(easy_negatives): 1426
len(hard_positives): 178 , len(hard_negatives): 208

CUM Mean pos prob: 0.536, Mean neg prob: 0.471
CUM Mean pos logit: 0.164, Mean neg logit: -0.137

Epoch 1, Batch 3460 | Acc: 0.5970 | PosAcc: 0.6273 | NegAcc: 0.5665
len(easy_positives): 1419 , len(easy_negatives): 1466
len(hard_positives): 183 , len(hard_negatives): 214

CUM Mean pos prob: 0.536, Mean neg prob: 0.471
CUM Mean pos logit: 0.165, Mean neg logit: -0.139

Epoch 1, Batch 3480 | Acc: 0.5974 | PosAcc: 0.6277 | NegAcc: 0.5669
len(easy_positives): 1471 , len(easy_negatives): 1495
len(hard_positives): 188 , len(hard_negatives): 220

CUM Mean pos prob: 0.537, Mean neg prob: 0.470
CUM Mean pos logit: 0.167, Mean neg logit: -0.140

Epoch 1, Batch 3500 | Acc: 0.5978 | PosAcc: 0.6282 | NegAcc: 0.5671
len(easy_positives): 1508 , len(easy_negatives): 1532
len(hard_positives): 190 , len(hard_negatives): 224

CUM Mean pos prob: 0.537, Mean neg prob: 0.470
CUM Mean pos logit: 0.169, Mean neg logit: -0.142

Epoch 1, Batch 3520 | Acc: 0.5982 | PosAcc: 0.6287 | NegAcc: 0.5675
len(easy_positives): 1546 , len(easy_negatives): 1564
len(hard_positives): 194 , len(hard_negatives): 233

CUM Mean pos prob: 0.538, Mean neg prob: 0.470
CUM Mean pos logit: 0.171, Mean neg logit: -0.143

Epoch 1, Batch 3540 | Acc: 0.5985 | PosAcc: 0.6282 | NegAcc: 0.5686
len(easy_positives): 1559 , len(easy_negatives): 1615
len(hard_positives): 202 , len(hard_negatives): 237

CUM Mean pos prob: 0.537, Mean neg prob: 0.469
CUM Mean pos logit: 0.171, Mean neg logit: -0.146

Epoch 1, Batch 3560 | Acc: 0.5989 | PosAcc: 0.6285 | NegAcc: 0.5691
len(easy_positives): 1588 , len(easy_negatives): 1641
len(hard_positives): 205 , len(hard_negatives): 240

CUM Mean pos prob: 0.538, Mean neg prob: 0.469
CUM Mean pos logit: 0.172, Mean neg logit: -0.147

Epoch 1, Batch 3580 | Acc: 0.5995 | PosAcc: 0.6295 | NegAcc: 0.5693
len(easy_positives): 1628 , len(easy_negatives): 1668
len(hard_positives): 211 , len(hard_negatives): 246

CUM Mean pos prob: 0.538, Mean neg prob: 0.469
CUM Mean pos logit: 0.174, Mean neg logit: -0.148

Epoch 1, Batch 3600 | Acc: 0.6000 | PosAcc: 0.6298 | NegAcc: 0.5700
len(easy_positives): 1661 , len(easy_negatives): 1703
len(hard_positives): 217 , len(hard_negatives): 250

CUM Mean pos prob: 0.539, Mean neg prob: 0.469
CUM Mean pos logit: 0.176, Mean neg logit: -0.149

Epoch 1, Batch 3620 | Acc: 0.6002 | PosAcc: 0.6299 | NegAcc: 0.5703
len(easy_positives): 1695 , len(easy_negatives): 1745
len(hard_positives): 227 , len(hard_negatives): 254

CUM Mean pos prob: 0.539, Mean neg prob: 0.468
CUM Mean pos logit: 0.177, Mean neg logit: -0.151

Epoch 1, Batch 3640 | Acc: 0.6007 | PosAcc: 0.6307 | NegAcc: 0.5706
len(easy_positives): 1733 , len(easy_negatives): 1785
len(hard_positives): 230 , len(hard_negatives): 258

CUM Mean pos prob: 0.539, Mean neg prob: 0.468
CUM Mean pos logit: 0.179, Mean neg logit: -0.152

Epoch 1, Batch 3660 | Acc: 0.6013 | PosAcc: 0.6309 | NegAcc: 0.5715
len(easy_positives): 1759 , len(easy_negatives): 1828
len(hard_positives): 236 , len(hard_negatives): 259

CUM Mean pos prob: 0.539, Mean neg prob: 0.468
CUM Mean pos logit: 0.180, Mean neg logit: -0.155

Epoch 1, Batch 3680 | Acc: 0.6018 | PosAcc: 0.6312 | NegAcc: 0.5722
len(easy_positives): 1795 , len(easy_negatives): 1878
len(hard_positives): 246 , len(hard_negatives): 262

CUM Mean pos prob: 0.540, Mean neg prob: 0.467
CUM Mean pos logit: 0.181, Mean neg logit: -0.157

Epoch 1, Batch 3700 | Acc: 0.6022 | PosAcc: 0.6314 | NegAcc: 0.5728
len(easy_positives): 1833 , len(easy_negatives): 1919
len(hard_positives): 250 , len(hard_negatives): 265

CUM Mean pos prob: 0.540, Mean neg prob: 0.467
CUM Mean pos logit: 0.183, Mean neg logit: -0.159

Epoch 1, Batch 3720 | Acc: 0.6026 | PosAcc: 0.6316 | NegAcc: 0.5735
len(easy_positives): 1872 , len(easy_negatives): 1966
len(hard_positives): 256 , len(hard_negatives): 268

CUM Mean pos prob: 0.540, Mean neg prob: 0.466
CUM Mean pos logit: 0.184, Mean neg logit: -0.162

Epoch 1, Batch 3740 | Acc: 0.6030 | PosAcc: 0.6323 | NegAcc: 0.5735
len(easy_positives): 1927 , len(easy_negatives): 1997
len(hard_positives): 260 , len(hard_negatives): 286

CUM Mean pos prob: 0.541, Mean neg prob: 0.467
CUM Mean pos logit: 0.187, Mean neg logit: -0.162

Epoch 1, Batch 3760 | Acc: 0.6035 | PosAcc: 0.6324 | NegAcc: 0.5745
len(easy_positives): 1953 , len(easy_negatives): 2050
len(hard_positives): 266 , len(hard_negatives): 289

CUM Mean pos prob: 0.541, Mean neg prob: 0.466
CUM Mean pos logit: 0.188, Mean neg logit: -0.165

Epoch 1, Batch 3780 | Acc: 0.6038 | PosAcc: 0.6328 | NegAcc: 0.5748
len(easy_positives): 1986 , len(easy_negatives): 2095
len(hard_positives): 274 , len(hard_negatives): 292

CUM Mean pos prob: 0.541, Mean neg prob: 0.466
CUM Mean pos logit: 0.189, Mean neg logit: -0.166

Epoch 1, Batch 3800 | Acc: 0.6043 | PosAcc: 0.6328 | NegAcc: 0.5756
len(easy_positives): 2013 , len(easy_negatives): 2145
len(hard_positives): 275 , len(hard_negatives): 294

CUM Mean pos prob: 0.541, Mean neg prob: 0.465
CUM Mean pos logit: 0.190, Mean neg logit: -0.169

Epoch 1, Batch 3820 | Acc: 0.6046 | PosAcc: 0.6326 | NegAcc: 0.5764
len(easy_positives): 2043 , len(easy_negatives): 2202
len(hard_positives): 281 , len(hard_negatives): 299

CUM Mean pos prob: 0.541, Mean neg prob: 0.465
CUM Mean pos logit: 0.191, Mean neg logit: -0.172

Epoch 1, Batch 3840 | Acc: 0.6050 | PosAcc: 0.6329 | NegAcc: 0.5771
len(easy_positives): 2079 , len(easy_negatives): 2255
len(hard_positives): 289 , len(hard_negatives): 304

CUM Mean pos prob: 0.542, Mean neg prob: 0.464
CUM Mean pos logit: 0.192, Mean neg logit: -0.174

Epoch 1, Batch 3860 | Acc: 0.6056 | PosAcc: 0.6335 | NegAcc: 0.5775
len(easy_positives): 2126 , len(easy_negatives): 2296
len(hard_positives): 294 , len(hard_negatives): 315

CUM Mean pos prob: 0.542, Mean neg prob: 0.464
CUM Mean pos logit: 0.194, Mean neg logit: -0.176

Epoch 1, Batch 3880 | Acc: 0.6060 | PosAcc: 0.6337 | NegAcc: 0.5783
len(easy_positives): 2163 , len(easy_negatives): 2356
len(hard_positives): 301 , len(hard_negatives): 323

CUM Mean pos prob: 0.542, Mean neg prob: 0.463
CUM Mean pos logit: 0.195, Mean neg logit: -0.179

Epoch 1, Batch 3900 | Acc: 0.6065 | PosAcc: 0.6340 | NegAcc: 0.5790
len(easy_positives): 2204 , len(easy_negatives): 2407
len(hard_positives): 304 , len(hard_negatives): 329

CUM Mean pos prob: 0.543, Mean neg prob: 0.463
CUM Mean pos logit: 0.197, Mean neg logit: -0.181

Epoch 1, Batch 3920 | Acc: 0.6070 | PosAcc: 0.6346 | NegAcc: 0.5792
len(easy_positives): 2262 , len(easy_negatives): 2445
len(hard_positives): 307 , len(hard_negatives): 337

CUM Mean pos prob: 0.543, Mean neg prob: 0.463
CUM Mean pos logit: 0.200, Mean neg logit: -0.182

Epoch 1, Batch 3940 | Acc: 0.6075 | PosAcc: 0.6349 | NegAcc: 0.5800
len(easy_positives): 2307 , len(easy_negatives): 2497
len(hard_positives): 309 , len(hard_negatives): 341

CUM Mean pos prob: 0.543, Mean neg prob: 0.462
CUM Mean pos logit: 0.201, Mean neg logit: -0.185

Epoch 1, Batch 3960 | Acc: 0.6078 | PosAcc: 0.6353 | NegAcc: 0.5801
len(easy_positives): 2360 , len(easy_negatives): 2538
len(hard_positives): 320 , len(hard_negatives): 351

CUM Mean pos prob: 0.544, Mean neg prob: 0.462
CUM Mean pos logit: 0.203, Mean neg logit: -0.186

Epoch 1, Batch 3980 | Acc: 0.6082 | PosAcc: 0.6357 | NegAcc: 0.5806
len(easy_positives): 2407 , len(easy_negatives): 2588
len(hard_positives): 326 , len(hard_negatives): 360

CUM Mean pos prob: 0.544, Mean neg prob: 0.462
CUM Mean pos logit: 0.205, Mean neg logit: -0.188

Epoch 1, Batch 4000 | Acc: 0.6085 | PosAcc: 0.6362 | NegAcc: 0.5806
len(easy_positives): 2442 , len(easy_negatives): 2622
len(hard_positives): 331 , len(hard_negatives): 369

CUM Mean pos prob: 0.544, Mean neg prob: 0.462
CUM Mean pos logit: 0.206, Mean neg logit: -0.188

Epoch 1, Batch 4020 | Acc: 0.6088 | PosAcc: 0.6365 | NegAcc: 0.5811
len(easy_positives): 2476 , len(easy_negatives): 2663
len(hard_positives): 335 , len(hard_negatives): 372

CUM Mean pos prob: 0.545, Mean neg prob: 0.462
CUM Mean pos logit: 0.208, Mean neg logit: -0.190

Epoch 1, Batch 4040 | Acc: 0.6094 | PosAcc: 0.6372 | NegAcc: 0.5814
len(easy_positives): 2527 , len(easy_negatives): 2695
len(hard_positives): 338 , len(hard_negatives): 377

CUM Mean pos prob: 0.545, Mean neg prob: 0.461
CUM Mean pos logit: 0.210, Mean neg logit: -0.191

Epoch 1, Batch 4060 | Acc: 0.6096 | PosAcc: 0.6375 | NegAcc: 0.5815
len(easy_positives): 2562 , len(easy_negatives): 2733
len(hard_positives): 345 , len(hard_negatives): 387

CUM Mean pos prob: 0.545, Mean neg prob: 0.461
CUM Mean pos logit: 0.211, Mean neg logit: -0.192

Epoch 1, Batch 4080 | Acc: 0.6100 | PosAcc: 0.6377 | NegAcc: 0.5821
len(easy_positives): 2599 , len(easy_negatives): 2782
len(hard_positives): 350 , len(hard_negatives): 396

CUM Mean pos prob: 0.546, Mean neg prob: 0.461
CUM Mean pos logit: 0.212, Mean neg logit: -0.194

Epoch 1, Batch 4100 | Acc: 0.6105 | PosAcc: 0.6383 | NegAcc: 0.5825
len(easy_positives): 2637 , len(easy_negatives): 2826
len(hard_positives): 356 , len(hard_negatives): 401

CUM Mean pos prob: 0.546, Mean neg prob: 0.461
CUM Mean pos logit: 0.214, Mean neg logit: -0.196

Epoch 1, Batch 4120 | Acc: 0.6108 | PosAcc: 0.6386 | NegAcc: 0.5828
len(easy_positives): 2667 , len(easy_negatives): 2868
len(hard_positives): 364 , len(hard_negatives): 413

CUM Mean pos prob: 0.546, Mean neg prob: 0.460
CUM Mean pos logit: 0.215, Mean neg logit: -0.197

Epoch 1, Batch 4140 | Acc: 0.6111 | PosAcc: 0.6387 | NegAcc: 0.5834
len(easy_positives): 2702 , len(easy_negatives): 2912
len(hard_positives): 372 , len(hard_negatives): 418

CUM Mean pos prob: 0.546, Mean neg prob: 0.460
CUM Mean pos logit: 0.216, Mean neg logit: -0.199

Epoch 1, Batch 4160 | Acc: 0.6115 | PosAcc: 0.6389 | NegAcc: 0.5840
len(easy_positives): 2744 , len(easy_negatives): 2965
len(hard_positives): 377 , len(hard_negatives): 424

CUM Mean pos prob: 0.547, Mean neg prob: 0.460
CUM Mean pos logit: 0.217, Mean neg logit: -0.201

Epoch 1, Batch 4180 | Acc: 0.6119 | PosAcc: 0.6391 | NegAcc: 0.5845
len(easy_positives): 2777 , len(easy_negatives): 3014
len(hard_positives): 384 , len(hard_negatives): 433

CUM Mean pos prob: 0.547, Mean neg prob: 0.459
CUM Mean pos logit: 0.218, Mean neg logit: -0.203

Epoch 1, Batch 4200 | Acc: 0.6122 | PosAcc: 0.6393 | NegAcc: 0.5849
len(easy_positives): 2813 , len(easy_negatives): 3067
len(hard_positives): 391 , len(hard_negatives): 440

CUM Mean pos prob: 0.547, Mean neg prob: 0.459
CUM Mean pos logit: 0.219, Mean neg logit: -0.205

Epoch 1, Batch 4220 | Acc: 0.6124 | PosAcc: 0.6394 | NegAcc: 0.5853
len(easy_positives): 2848 , len(easy_negatives): 3121
len(hard_positives): 400 , len(hard_negatives): 447

CUM Mean pos prob: 0.547, Mean neg prob: 0.459
CUM Mean pos logit: 0.220, Mean neg logit: -0.207

Epoch 1, Batch 4240 | Acc: 0.6128 | PosAcc: 0.6405 | NegAcc: 0.5850
len(easy_positives): 2931 , len(easy_negatives): 3159
len(hard_positives): 403 , len(hard_negatives): 453

CUM Mean pos prob: 0.548, Mean neg prob: 0.459
CUM Mean pos logit: 0.224, Mean neg logit: -0.207

Epoch 1, Batch 4260 | Acc: 0.6133 | PosAcc: 0.6408 | NegAcc: 0.5858
len(easy_positives): 2971 , len(easy_negatives): 3205
len(hard_positives): 409 , len(hard_negatives): 456

CUM Mean pos prob: 0.548, Mean neg prob: 0.458
CUM Mean pos logit: 0.225, Mean neg logit: -0.209

Epoch 1, Batch 4280 | Acc: 0.6138 | PosAcc: 0.6413 | NegAcc: 0.5861
len(easy_positives): 3017 , len(easy_negatives): 3254
len(hard_positives): 411 , len(hard_negatives): 468

CUM Mean pos prob: 0.548, Mean neg prob: 0.458
CUM Mean pos logit: 0.227, Mean neg logit: -0.211

Epoch 1, Batch 4300 | Acc: 0.6140 | PosAcc: 0.6412 | NegAcc: 0.5867
len(easy_positives): 3052 , len(easy_negatives): 3308
len(hard_positives): 417 , len(hard_negatives): 470

CUM Mean pos prob: 0.549, Mean neg prob: 0.458
CUM Mean pos logit: 0.228, Mean neg logit: -0.213

Epoch 1, Batch 4320 | Acc: 0.6143 | PosAcc: 0.6415 | NegAcc: 0.5869
len(easy_positives): 3093 , len(easy_negatives): 3359
len(hard_positives): 420 , len(hard_negatives): 480

CUM Mean pos prob: 0.549, Mean neg prob: 0.458
CUM Mean pos logit: 0.229, Mean neg logit: -0.214

Epoch 1, Batch 4340 | Acc: 0.6144 | PosAcc: 0.6410 | NegAcc: 0.5877
len(easy_positives): 3113 , len(easy_negatives): 3435
len(hard_positives): 434 , len(hard_negatives): 482

CUM Mean pos prob: 0.549, Mean neg prob: 0.457
CUM Mean pos logit: 0.228, Mean neg logit: -0.218

Epoch 1, Batch 4360 | Acc: 0.6148 | PosAcc: 0.6413 | NegAcc: 0.5882
len(easy_positives): 3156 , len(easy_negatives): 3474
len(hard_positives): 434 , len(hard_negatives): 491

CUM Mean pos prob: 0.549, Mean neg prob: 0.457
CUM Mean pos logit: 0.230, Mean neg logit: -0.219

Epoch 1, Batch 4380 | Acc: 0.6151 | PosAcc: 0.6413 | NegAcc: 0.5887
len(easy_positives): 3182 , len(easy_negatives): 3541
len(hard_positives): 442 , len(hard_negatives): 495

CUM Mean pos prob: 0.549, Mean neg prob: 0.456
CUM Mean pos logit: 0.230, Mean neg logit: -0.221

Epoch 1, Batch 4400 | Acc: 0.6155 | PosAcc: 0.6418 | NegAcc: 0.5893
len(easy_positives): 3218 , len(easy_negatives): 3593
len(hard_positives): 447 , len(hard_negatives): 497

CUM Mean pos prob: 0.549, Mean neg prob: 0.456
CUM Mean pos logit: 0.231, Mean neg logit: -0.223

Epoch 1, Batch 4420 | Acc: 0.6159 | PosAcc: 0.6421 | NegAcc: 0.5897
len(easy_positives): 3250 , len(easy_negatives): 3653
len(hard_positives): 452 , len(hard_negatives): 501

CUM Mean pos prob: 0.549, Mean neg prob: 0.456
CUM Mean pos logit: 0.232, Mean neg logit: -0.225

Epoch 1, Batch 4440 | Acc: 0.6163 | PosAcc: 0.6426 | NegAcc: 0.5900
len(easy_positives): 3291 , len(easy_negatives): 3705
len(hard_positives): 460 , len(hard_negatives): 504

CUM Mean pos prob: 0.550, Mean neg prob: 0.455
CUM Mean pos logit: 0.234, Mean neg logit: -0.227

Epoch 1, Batch 4460 | Acc: 0.6165 | PosAcc: 0.6423 | NegAcc: 0.5906
len(easy_positives): 3321 , len(easy_negatives): 3782
len(hard_positives): 475 , len(hard_negatives): 508

CUM Mean pos prob: 0.550, Mean neg prob: 0.455
CUM Mean pos logit: 0.233, Mean neg logit: -0.230

Epoch 1, Batch 4480 | Acc: 0.6166 | PosAcc: 0.6426 | NegAcc: 0.5906
len(easy_positives): 3372 , len(easy_negatives): 3826
len(hard_positives): 477 , len(hard_negatives): 518

CUM Mean pos prob: 0.550, Mean neg prob: 0.455
CUM Mean pos logit: 0.235, Mean neg logit: -0.231

Epoch 1, Batch 4500 | Acc: 0.6170 | PosAcc: 0.6429 | NegAcc: 0.5910
len(easy_positives): 3411 , len(easy_negatives): 3865
len(hard_positives): 480 , len(hard_negatives): 524

CUM Mean pos prob: 0.550, Mean neg prob: 0.455
CUM Mean pos logit: 0.237, Mean neg logit: -0.232

Epoch 1, Batch 4520 | Acc: 0.6172 | PosAcc: 0.6435 | NegAcc: 0.5909
len(easy_positives): 3468 , len(easy_negatives): 3899
len(hard_positives): 483 , len(hard_negatives): 534

CUM Mean pos prob: 0.551, Mean neg prob: 0.455
CUM Mean pos logit: 0.239, Mean neg logit: -0.232

Epoch 1, Batch 4540 | Acc: 0.6176 | PosAcc: 0.6435 | NegAcc: 0.5916
len(easy_positives): 3500 , len(easy_negatives): 3962
len(hard_positives): 487 , len(hard_negatives): 538

CUM Mean pos prob: 0.551, Mean neg prob: 0.454
CUM Mean pos logit: 0.239, Mean neg logit: -0.235

Epoch 1, Batch 4560 | Acc: 0.6179 | PosAcc: 0.6438 | NegAcc: 0.5920
len(easy_positives): 3537 , len(easy_negatives): 4020
len(hard_positives): 490 , len(hard_negatives): 544

CUM Mean pos prob: 0.551, Mean neg prob: 0.454
CUM Mean pos logit: 0.240, Mean neg logit: -0.237

Epoch 1, Batch 4580 | Acc: 0.6181 | PosAcc: 0.6439 | NegAcc: 0.5924
len(easy_positives): 3570 , len(easy_negatives): 4075
len(hard_positives): 496 , len(hard_negatives): 551

CUM Mean pos prob: 0.551, Mean neg prob: 0.454
CUM Mean pos logit: 0.241, Mean neg logit: -0.239

Epoch 1, Batch 4600 | Acc: 0.6185 | PosAcc: 0.6439 | NegAcc: 0.5930
len(easy_positives): 3603 , len(easy_negatives): 4144
len(hard_positives): 507 , len(hard_negatives): 557

CUM Mean pos prob: 0.551, Mean neg prob: 0.453
CUM Mean pos logit: 0.242, Mean neg logit: -0.241

Epoch 1, Batch 4620 | Acc: 0.6185 | PosAcc: 0.6440 | NegAcc: 0.5931
len(easy_positives): 3641 , len(easy_negatives): 4193
len(hard_positives): 511 , len(hard_negatives): 575

CUM Mean pos prob: 0.552, Mean neg prob: 0.453
CUM Mean pos logit: 0.243, Mean neg logit: -0.242

Epoch 1, Batch 4640 | Acc: 0.6188 | PosAcc: 0.6443 | NegAcc: 0.5933
len(easy_positives): 3683 , len(easy_negatives): 4247
len(hard_positives): 513 , len(hard_negatives): 591

CUM Mean pos prob: 0.552, Mean neg prob: 0.453
CUM Mean pos logit: 0.244, Mean neg logit: -0.243

Epoch 1, Batch 4660 | Acc: 0.6190 | PosAcc: 0.6444 | NegAcc: 0.5936
len(easy_positives): 3712 , len(easy_negatives): 4296
len(hard_positives): 518 , len(hard_negatives): 596

CUM Mean pos prob: 0.552, Mean neg prob: 0.453
CUM Mean pos logit: 0.245, Mean neg logit: -0.245

Epoch 1, Batch 4680 | Acc: 0.6194 | PosAcc: 0.6446 | NegAcc: 0.5942
len(easy_positives): 3753 , len(easy_negatives): 4355
len(hard_positives): 524 , len(hard_negatives): 602

CUM Mean pos prob: 0.552, Mean neg prob: 0.452
CUM Mean pos logit: 0.246, Mean neg logit: -0.247

Epoch 1, Batch 4700 | Acc: 0.6198 | PosAcc: 0.6451 | NegAcc: 0.5945
len(easy_positives): 3799 , len(easy_negatives): 4401
len(hard_positives): 526 , len(hard_negatives): 609

CUM Mean pos prob: 0.553, Mean neg prob: 0.452
CUM Mean pos logit: 0.248, Mean neg logit: -0.248

Epoch 1, Batch 4720 | Acc: 0.6203 | PosAcc: 0.6456 | NegAcc: 0.5949
len(easy_positives): 3853 , len(easy_negatives): 4454
len(hard_positives): 530 , len(hard_negatives): 619

CUM Mean pos prob: 0.553, Mean neg prob: 0.452
CUM Mean pos logit: 0.250, Mean neg logit: -0.250

Epoch 1, Batch 4740 | Acc: 0.6206 | PosAcc: 0.6455 | NegAcc: 0.5956
len(easy_positives): 3897 , len(easy_negatives): 4527
len(hard_positives): 537 , len(hard_negatives): 624

CUM Mean pos prob: 0.553, Mean neg prob: 0.451
CUM Mean pos logit: 0.251, Mean neg logit: -0.253

Epoch 1, Batch 4760 | Acc: 0.6208 | PosAcc: 0.6461 | NegAcc: 0.5955
len(easy_positives): 3963 , len(easy_negatives): 4568
len(hard_positives): 543 , len(hard_negatives): 641

CUM Mean pos prob: 0.553, Mean neg prob: 0.451
CUM Mean pos logit: 0.253, Mean neg logit: -0.253

Epoch 1, Batch 4780 | Acc: 0.6211 | PosAcc: 0.6464 | NegAcc: 0.5957
len(easy_positives): 4010 , len(easy_negatives): 4616
len(hard_positives): 547 , len(hard_negatives): 647

CUM Mean pos prob: 0.554, Mean neg prob: 0.451
CUM Mean pos logit: 0.254, Mean neg logit: -0.255

Epoch 1, Batch 4800 | Acc: 0.6213 | PosAcc: 0.6466 | NegAcc: 0.5961
len(easy_positives): 4038 , len(easy_negatives): 4669
len(hard_positives): 554 , len(hard_negatives): 648

CUM Mean pos prob: 0.554, Mean neg prob: 0.451
CUM Mean pos logit: 0.255, Mean neg logit: -0.256

Epoch 1, Batch 4820 | Acc: 0.6218 | PosAcc: 0.6471 | NegAcc: 0.5964
len(easy_positives): 4085 , len(easy_negatives): 4713
len(hard_positives): 555 , len(hard_negatives): 653

CUM Mean pos prob: 0.554, Mean neg prob: 0.451
CUM Mean pos logit: 0.257, Mean neg logit: -0.257

Epoch 1, Batch 4840 | Acc: 0.6221 | PosAcc: 0.6472 | NegAcc: 0.5970
len(easy_positives): 4128 , len(easy_negatives): 4775
len(hard_positives): 561 , len(hard_negatives): 660

CUM Mean pos prob: 0.554, Mean neg prob: 0.450
CUM Mean pos logit: 0.257, Mean neg logit: -0.260

Epoch 1, Batch 4860 | Acc: 0.6222 | PosAcc: 0.6472 | NegAcc: 0.5972
len(easy_positives): 4163 , len(easy_negatives): 4837
len(hard_positives): 563 , len(hard_negatives): 675

CUM Mean pos prob: 0.555, Mean neg prob: 0.450
CUM Mean pos logit: 0.258, Mean neg logit: -0.261

Epoch 1, Batch 4880 | Acc: 0.6225 | PosAcc: 0.6475 | NegAcc: 0.5975
len(easy_positives): 4208 , len(easy_negatives): 4880
len(hard_positives): 568 , len(hard_negatives): 682

CUM Mean pos prob: 0.555, Mean neg prob: 0.450
CUM Mean pos logit: 0.259, Mean neg logit: -0.262

Epoch 1, Batch 4900 | Acc: 0.6228 | PosAcc: 0.6477 | NegAcc: 0.5978
len(easy_positives): 4257 , len(easy_negatives): 4927
len(hard_positives): 573 , len(hard_negatives): 693

CUM Mean pos prob: 0.555, Mean neg prob: 0.450
CUM Mean pos logit: 0.260, Mean neg logit: -0.263

Epoch 1, Batch 4920 | Acc: 0.6231 | PosAcc: 0.6481 | NegAcc: 0.5980
len(easy_positives): 4312 , len(easy_negatives): 4984
len(hard_positives): 577 , len(hard_negatives): 708

CUM Mean pos prob: 0.555, Mean neg prob: 0.449
CUM Mean pos logit: 0.262, Mean neg logit: -0.265

	train_accuracy: 0.6232522796352583
	pos train_accuracy: 0.6481425194191152
	neg train_accuracy: 0.5983620398514016
Epoch 1, Batch 20 | Val Acc: 0.6969 | Val PosAcc: 0.6174 | Val NegAcc: 0.7720
len(easy_positives): 32 , len(easy_negatives): 92
len(hard_positives): 11 , len(hard_negatives): 5
CUM Mean pos prob: 0.565, Mean neg prob: 0.336
CUM Mean pos logit: 0.313, Mean neg logit: -0.946

Epoch 1, Batch 40 | Val Acc: 0.6875 | Val PosAcc: 0.6109 | Val NegAcc: 0.7641
len(easy_positives): 73 , len(easy_negatives): 171
len(hard_positives): 22 , len(hard_negatives): 10
CUM Mean pos prob: 0.566, Mean neg prob: 0.346
CUM Mean pos logit: 0.320, Mean neg logit: -0.879

Epoch 1, Batch 60 | Val Acc: 0.6802 | Val PosAcc: 0.5971 | Val NegAcc: 0.7630
len(easy_positives): 118 , len(easy_negatives): 262
len(hard_positives): 36 , len(hard_negatives): 15
CUM Mean pos prob: 0.562, Mean neg prob: 0.347
CUM Mean pos logit: 0.304, Mean neg logit: -0.889

Epoch 1, Batch 80 | Val Acc: 0.6816 | Val PosAcc: 0.5939 | Val NegAcc: 0.7685
len(easy_positives): 148 , len(easy_negatives): 353
len(hard_positives): 54 , len(hard_negatives): 18
CUM Mean pos prob: 0.557, Mean neg prob: 0.346
CUM Mean pos logit: 0.277, Mean neg logit: -0.886

Epoch 1, Batch 100 | Val Acc: 0.6856 | Val PosAcc: 0.6000 | Val NegAcc: 0.7718
len(easy_positives): 191 , len(easy_negatives): 434
len(hard_positives): 65 , len(hard_negatives): 21
CUM Mean pos prob: 0.559, Mean neg prob: 0.344
CUM Mean pos logit: 0.289, Mean neg logit: -0.896

Epoch 1, Batch 120 | Val Acc: 0.6911 | Val PosAcc: 0.6115 | Val NegAcc: 0.7723
len(easy_positives): 223 , len(easy_negatives): 528
len(hard_positives): 74 , len(hard_negatives): 23
CUM Mean pos prob: 0.562, Mean neg prob: 0.343
CUM Mean pos logit: 0.298, Mean neg logit: -0.903

Epoch 1, Batch 140 | Val Acc: 0.6917 | Val PosAcc: 0.6138 | Val NegAcc: 0.7705
len(easy_positives): 252 , len(easy_negatives): 621
len(hard_positives): 90 , len(hard_negatives): 28
CUM Mean pos prob: 0.560, Mean neg prob: 0.343
CUM Mean pos logit: 0.289, Mean neg logit: -0.905

Epoch 1, Batch 160 | Val Acc: 0.6928 | Val PosAcc: 0.6187 | Val NegAcc: 0.7670
len(easy_positives): 287 , len(easy_negatives): 700
len(hard_positives): 103 , len(hard_negatives): 31
CUM Mean pos prob: 0.561, Mean neg prob: 0.345
CUM Mean pos logit: 0.292, Mean neg logit: -0.889

Epoch 1, Batch 180 | Val Acc: 0.6913 | Val PosAcc: 0.6219 | Val NegAcc: 0.7605
len(easy_positives): 329 , len(easy_negatives): 791
len(hard_positives): 111 , len(hard_negatives): 39
CUM Mean pos prob: 0.563, Mean neg prob: 0.347
CUM Mean pos logit: 0.302, Mean neg logit: -0.876

Epoch 1, Batch 200 | Val Acc: 0.6923 | Val PosAcc: 0.6252 | Val NegAcc: 0.7597
len(easy_positives): 370 , len(easy_negatives): 878
len(hard_positives): 124 , len(hard_negatives): 42
CUM Mean pos prob: 0.563, Mean neg prob: 0.347
CUM Mean pos logit: 0.306, Mean neg logit: -0.873

Epoch 1, Batch 220 | Val Acc: 0.6923 | Val PosAcc: 0.6253 | Val NegAcc: 0.7591
len(easy_positives): 408 , len(easy_negatives): 966
len(hard_positives): 139 , len(hard_negatives): 48
CUM Mean pos prob: 0.562, Mean neg prob: 0.347
CUM Mean pos logit: 0.301, Mean neg logit: -0.871

Epoch 1, Batch 240 | Val Acc: 0.6932 | Val PosAcc: 0.6259 | Val NegAcc: 0.7605
len(easy_positives): 443 , len(easy_negatives): 1060
len(hard_positives): 146 , len(hard_negatives): 48
CUM Mean pos prob: 0.563, Mean neg prob: 0.346
CUM Mean pos logit: 0.301, Mean neg logit: -0.881

Epoch 1, Batch 260 | Val Acc: 0.6937 | Val PosAcc: 0.6242 | Val NegAcc: 0.7632
len(easy_positives): 478 , len(easy_negatives): 1161
len(hard_positives): 154 , len(hard_negatives): 52
CUM Mean pos prob: 0.562, Mean neg prob: 0.345
CUM Mean pos logit: 0.298, Mean neg logit: -0.888

Epoch 1, Batch 280 | Val Acc: 0.6955 | Val PosAcc: 0.6279 | Val NegAcc: 0.7631
len(easy_positives): 521 , len(easy_negatives): 1250
len(hard_positives): 163 , len(hard_negatives): 58
CUM Mean pos prob: 0.563, Mean neg prob: 0.344
CUM Mean pos logit: 0.305, Mean neg logit: -0.888

Epoch 1, Batch 300 | Val Acc: 0.6958 | Val PosAcc: 0.6277 | Val NegAcc: 0.7640
len(easy_positives): 560 , len(easy_negatives): 1329
len(hard_positives): 172 , len(hard_negatives): 61
CUM Mean pos prob: 0.564, Mean neg prob: 0.345
CUM Mean pos logit: 0.306, Mean neg logit: -0.880

Epoch 1, Batch 320 | Val Acc: 0.6956 | Val PosAcc: 0.6251 | Val NegAcc: 0.7658
len(easy_positives): 594 , len(easy_negatives): 1419
len(hard_positives): 175 , len(hard_negatives): 64
CUM Mean pos prob: 0.564, Mean neg prob: 0.345
CUM Mean pos logit: 0.306, Mean neg logit: -0.881

Epoch 1, Batch 340 | Val Acc: 0.6950 | Val PosAcc: 0.6251 | Val NegAcc: 0.7650
len(easy_positives): 618 , len(easy_negatives): 1500
len(hard_positives): 181 , len(hard_negatives): 67
CUM Mean pos prob: 0.563, Mean neg prob: 0.345
CUM Mean pos logit: 0.302, Mean neg logit: -0.877

Epoch 1, Batch 360 | Val Acc: 0.6965 | Val PosAcc: 0.6276 | Val NegAcc: 0.7654
len(easy_positives): 660 , len(easy_negatives): 1591
len(hard_positives): 189 , len(hard_negatives): 69
CUM Mean pos prob: 0.564, Mean neg prob: 0.345
CUM Mean pos logit: 0.309, Mean neg logit: -0.877

Epoch 1, Batch 380 | Val Acc: 0.6971 | Val PosAcc: 0.6286 | Val NegAcc: 0.7651
len(easy_positives): 695 , len(easy_negatives): 1687
len(hard_positives): 198 , len(hard_negatives): 76
CUM Mean pos prob: 0.564, Mean neg prob: 0.344
CUM Mean pos logit: 0.308, Mean neg logit: -0.877

Epoch 1, Batch 400 | Val Acc: 0.6970 | Val PosAcc: 0.6283 | Val NegAcc: 0.7653
len(easy_positives): 723 , len(easy_negatives): 1771
len(hard_positives): 206 , len(hard_negatives): 79
CUM Mean pos prob: 0.564, Mean neg prob: 0.344
CUM Mean pos logit: 0.307, Mean neg logit: -0.878

Epoch 1, Batch 420 | Val Acc: 0.6969 | Val PosAcc: 0.6276 | Val NegAcc: 0.7660
len(easy_positives): 761 , len(easy_negatives): 1859
len(hard_positives): 217 , len(hard_negatives): 80
CUM Mean pos prob: 0.564, Mean neg prob: 0.344
CUM Mean pos logit: 0.306, Mean neg logit: -0.880

Epoch 1, Batch 440 | Val Acc: 0.6985 | Val PosAcc: 0.6276 | Val NegAcc: 0.7688
len(easy_positives): 796 , len(easy_negatives): 1949
len(hard_positives): 225 , len(hard_negatives): 82
CUM Mean pos prob: 0.564, Mean neg prob: 0.343
CUM Mean pos logit: 0.306, Mean neg logit: -0.885

Epoch 1, Batch 460 | Val Acc: 0.7003 | Val PosAcc: 0.6285 | Val NegAcc: 0.7718
len(easy_positives): 834 , len(easy_negatives): 2043
len(hard_positives): 236 , len(hard_negatives): 85
CUM Mean pos prob: 0.564, Mean neg prob: 0.342
CUM Mean pos logit: 0.309, Mean neg logit: -0.891

Epoch 1, Batch 480 | Val Acc: 0.7002 | Val PosAcc: 0.6302 | Val NegAcc: 0.7696
len(easy_positives): 878 , len(easy_negatives): 2119
len(hard_positives): 244 , len(hard_negatives): 88
CUM Mean pos prob: 0.565, Mean neg prob: 0.343
CUM Mean pos logit: 0.312, Mean neg logit: -0.886

Epoch 1, Batch 500 | Val Acc: 0.7005 | Val PosAcc: 0.6298 | Val NegAcc: 0.7702
len(easy_positives): 908 , len(easy_negatives): 2212
len(hard_positives): 254 , len(hard_negatives): 91
CUM Mean pos prob: 0.565, Mean neg prob: 0.342
CUM Mean pos logit: 0.310, Mean neg logit: -0.888

Epoch 1, Batch 520 | Val Acc: 0.6994 | Val PosAcc: 0.6278 | Val NegAcc: 0.7699
len(easy_positives): 943 , len(easy_negatives): 2296
len(hard_positives): 267 , len(hard_negatives): 95
CUM Mean pos prob: 0.564, Mean neg prob: 0.343
CUM Mean pos logit: 0.307, Mean neg logit: -0.886

Epoch 1, Batch 540 | Val Acc: 0.6992 | Val PosAcc: 0.6280 | Val NegAcc: 0.7695
len(easy_positives): 975 , len(easy_negatives): 2383
len(hard_positives): 277 , len(hard_negatives): 101
CUM Mean pos prob: 0.564, Mean neg prob: 0.343
CUM Mean pos logit: 0.306, Mean neg logit: -0.886

Epoch 1, Batch 560 | Val Acc: 0.6994 | Val PosAcc: 0.6274 | Val NegAcc: 0.7703
len(easy_positives): 999 , len(easy_negatives): 2495
len(hard_positives): 285 , len(hard_negatives): 105
CUM Mean pos prob: 0.563, Mean neg prob: 0.342
CUM Mean pos logit: 0.303, Mean neg logit: -0.890

Epoch 1, Batch 580 | Val Acc: 0.7005 | Val PosAcc: 0.6291 | Val NegAcc: 0.7708
len(easy_positives): 1026 , len(easy_negatives): 2582
len(hard_positives): 297 , len(hard_negatives): 109
CUM Mean pos prob: 0.563, Mean neg prob: 0.342
CUM Mean pos logit: 0.303, Mean neg logit: -0.889

Epoch 1, Batch 600 | Val Acc: 0.6999 | Val PosAcc: 0.6279 | Val NegAcc: 0.7710
len(easy_positives): 1048 , len(easy_negatives): 2669
len(hard_positives): 312 , len(hard_negatives): 112
CUM Mean pos prob: 0.562, Mean neg prob: 0.342
CUM Mean pos logit: 0.298, Mean neg logit: -0.888

Epoch 1, Batch 620 | Val Acc: 0.7005 | Val PosAcc: 0.6296 | Val NegAcc: 0.7705
len(easy_positives): 1089 , len(easy_negatives): 2756
len(hard_positives): 324 , len(hard_negatives): 116
CUM Mean pos prob: 0.563, Mean neg prob: 0.343
CUM Mean pos logit: 0.300, Mean neg logit: -0.887

Epoch 1, Batch 640 | Val Acc: 0.7005 | Val PosAcc: 0.6296 | Val NegAcc: 0.7705
len(easy_positives): 1123 , len(easy_negatives): 2843
len(hard_positives): 335 , len(hard_negatives): 120
CUM Mean pos prob: 0.562, Mean neg prob: 0.343
CUM Mean pos logit: 0.299, Mean neg logit: -0.886

Epoch 1, Batch 660 | Val Acc: 0.7009 | Val PosAcc: 0.6307 | Val NegAcc: 0.7702
len(easy_positives): 1168 , len(easy_negatives): 2935
len(hard_positives): 343 , len(hard_negatives): 122
CUM Mean pos prob: 0.563, Mean neg prob: 0.343
CUM Mean pos logit: 0.301, Mean neg logit: -0.886

Epoch 1, Batch 680 | Val Acc: 0.7004 | Val PosAcc: 0.6300 | Val NegAcc: 0.7703
len(easy_positives): 1199 , len(easy_negatives): 3022
len(hard_positives): 355 , len(hard_negatives): 126
CUM Mean pos prob: 0.562, Mean neg prob: 0.343
CUM Mean pos logit: 0.300, Mean neg logit: -0.885

Epoch 1, Batch 700 | Val Acc: 0.7004 | Val PosAcc: 0.6297 | Val NegAcc: 0.7705
len(easy_positives): 1231 , len(easy_negatives): 3111
len(hard_positives): 361 , len(hard_negatives): 130
CUM Mean pos prob: 0.562, Mean neg prob: 0.343
CUM Mean pos logit: 0.299, Mean neg logit: -0.885

Epoch 1, Batch 720 | Val Acc: 0.6996 | Val PosAcc: 0.6301 | Val NegAcc: 0.7686
len(easy_positives): 1270 , len(easy_negatives): 3195
len(hard_positives): 367 , len(hard_negatives): 138
CUM Mean pos prob: 0.562, Mean neg prob: 0.344
CUM Mean pos logit: 0.300, Mean neg logit: -0.882

Epoch 1, Batch 740 | Val Acc: 0.7000 | Val PosAcc: 0.6302 | Val NegAcc: 0.7692
len(easy_positives): 1304 , len(easy_negatives): 3289
len(hard_positives): 381 , len(hard_negatives): 141
CUM Mean pos prob: 0.562, Mean neg prob: 0.344
CUM Mean pos logit: 0.299, Mean neg logit: -0.881

Epoch 1, Batch 760 | Val Acc: 0.6994 | Val PosAcc: 0.6294 | Val NegAcc: 0.7688
len(easy_positives): 1330 , len(easy_negatives): 3380
len(hard_positives): 388 , len(hard_negatives): 145
CUM Mean pos prob: 0.562, Mean neg prob: 0.344
CUM Mean pos logit: 0.298, Mean neg logit: -0.880

Epoch 1, Batch 780 | Val Acc: 0.6993 | Val PosAcc: 0.6297 | Val NegAcc: 0.7686
len(easy_positives): 1367 , len(easy_negatives): 3470
len(hard_positives): 398 , len(hard_negatives): 148
CUM Mean pos prob: 0.562, Mean neg prob: 0.344
CUM Mean pos logit: 0.299, Mean neg logit: -0.881

Epoch 1, Batch 800 | Val Acc: 0.6995 | Val PosAcc: 0.6299 | Val NegAcc: 0.7689
len(easy_positives): 1403 , len(easy_negatives): 3551
len(hard_positives): 406 , len(hard_negatives): 151
CUM Mean pos prob: 0.562, Mean neg prob: 0.344
CUM Mean pos logit: 0.299, Mean neg logit: -0.880

Epoch 1, Batch 820 | Val Acc: 0.6990 | Val PosAcc: 0.6295 | Val NegAcc: 0.7685
len(easy_positives): 1430 , len(easy_negatives): 3622
len(hard_positives): 421 , len(hard_negatives): 155
CUM Mean pos prob: 0.562, Mean neg prob: 0.345
CUM Mean pos logit: 0.296, Mean neg logit: -0.877

Epoch 1, Batch 840 | Val Acc: 0.6988 | Val PosAcc: 0.6288 | Val NegAcc: 0.7685
len(easy_positives): 1459 , len(easy_negatives): 3706
len(hard_positives): 434 , len(hard_negatives): 158
CUM Mean pos prob: 0.561, Mean neg prob: 0.345
CUM Mean pos logit: 0.294, Mean neg logit: -0.877

Epoch 1, Batch 860 | Val Acc: 0.6985 | Val PosAcc: 0.6289 | Val NegAcc: 0.7682
len(easy_positives): 1503 , len(easy_negatives): 3788
len(hard_positives): 444 , len(hard_negatives): 163
CUM Mean pos prob: 0.562, Mean neg prob: 0.345
CUM Mean pos logit: 0.295, Mean neg logit: -0.876

Epoch 1, Batch 880 | Val Acc: 0.6979 | Val PosAcc: 0.6272 | Val NegAcc: 0.7688
len(easy_positives): 1537 , len(easy_negatives): 3872
len(hard_positives): 456 , len(hard_negatives): 169
CUM Mean pos prob: 0.561, Mean neg prob: 0.345
CUM Mean pos logit: 0.293, Mean neg logit: -0.875

Epoch 1, Batch 900 | Val Acc: 0.6977 | Val PosAcc: 0.6266 | Val NegAcc: 0.7689
len(easy_positives): 1570 , len(easy_negatives): 3966
len(hard_positives): 463 , len(hard_negatives): 174
CUM Mean pos prob: 0.561, Mean neg prob: 0.345
CUM Mean pos logit: 0.291, Mean neg logit: -0.875

Epoch 1, Batch 920 | Val Acc: 0.6974 | Val PosAcc: 0.6262 | Val NegAcc: 0.7686
len(easy_positives): 1605 , len(easy_negatives): 4056
len(hard_positives): 476 , len(hard_negatives): 174
CUM Mean pos prob: 0.561, Mean neg prob: 0.345
CUM Mean pos logit: 0.290, Mean neg logit: -0.874

Epoch 1, Batch 940 | Val Acc: 0.6972 | Val PosAcc: 0.6255 | Val NegAcc: 0.7689
len(easy_positives): 1634 , len(easy_negatives): 4155
len(hard_positives): 487 , len(hard_negatives): 179
CUM Mean pos prob: 0.560, Mean neg prob: 0.345
CUM Mean pos logit: 0.289, Mean neg logit: -0.876

Epoch 1, Batch 960 | Val Acc: 0.6974 | Val PosAcc: 0.6256 | Val NegAcc: 0.7689
len(easy_positives): 1677 , len(easy_negatives): 4241
len(hard_positives): 498 , len(hard_negatives): 185
CUM Mean pos prob: 0.561, Mean neg prob: 0.345
CUM Mean pos logit: 0.291, Mean neg logit: -0.875

Epoch 1, Batch 980 | Val Acc: 0.6975 | Val PosAcc: 0.6254 | Val NegAcc: 0.7695
len(easy_positives): 1723 , len(easy_negatives): 4354
len(hard_positives): 506 , len(hard_negatives): 187
CUM Mean pos prob: 0.561, Mean neg prob: 0.344
CUM Mean pos logit: 0.291, Mean neg logit: -0.880

Epoch 1, Batch 1000 | Val Acc: 0.6973 | Val PosAcc: 0.6253 | Val NegAcc: 0.7692
len(easy_positives): 1761 , len(easy_negatives): 4449
len(hard_positives): 514 , len(hard_negatives): 192
CUM Mean pos prob: 0.561, Mean neg prob: 0.344
CUM Mean pos logit: 0.292, Mean neg logit: -0.879

Epoch 1, Batch 1020 | Val Acc: 0.6972 | Val PosAcc: 0.6255 | Val NegAcc: 0.7689
len(easy_positives): 1800 , len(easy_negatives): 4530
len(hard_positives): 521 , len(hard_negatives): 194
CUM Mean pos prob: 0.561, Mean neg prob: 0.344
CUM Mean pos logit: 0.293, Mean neg logit: -0.878

Epoch 1, Batch 1040 | Val Acc: 0.6971 | Val PosAcc: 0.6253 | Val NegAcc: 0.7687
len(easy_positives): 1840 , len(easy_negatives): 4614
len(hard_positives): 532 , len(hard_negatives): 200
CUM Mean pos prob: 0.561, Mean neg prob: 0.344
CUM Mean pos logit: 0.293, Mean neg logit: -0.877

Epoch 1, Batch 1060 | Val Acc: 0.6971 | Val PosAcc: 0.6250 | Val NegAcc: 0.7691
len(easy_positives): 1883 , len(easy_negatives): 4704
len(hard_positives): 549 , len(hard_negatives): 202
CUM Mean pos prob: 0.561, Mean neg prob: 0.344
CUM Mean pos logit: 0.293, Mean neg logit: -0.878

Epoch 1, Batch 1080 | Val Acc: 0.6966 | Val PosAcc: 0.6249 | Val NegAcc: 0.7682
len(easy_positives): 1918 , len(easy_negatives): 4797
len(hard_positives): 558 , len(hard_negatives): 204
CUM Mean pos prob: 0.561, Mean neg prob: 0.344
CUM Mean pos logit: 0.293, Mean neg logit: -0.877

Epoch 1, Batch 1100 | Val Acc: 0.6963 | Val PosAcc: 0.6244 | Val NegAcc: 0.7680
len(easy_positives): 1958 , len(easy_negatives): 4893
len(hard_positives): 573 , len(hard_negatives): 206
CUM Mean pos prob: 0.561, Mean neg prob: 0.344
CUM Mean pos logit: 0.293, Mean neg logit: -0.877

Epoch 1, Batch 1120 | Val Acc: 0.6965 | Val PosAcc: 0.6245 | Val NegAcc: 0.7682
len(easy_positives): 1999 , len(easy_negatives): 4973
len(hard_positives): 586 , len(hard_negatives): 211
CUM Mean pos prob: 0.561, Mean neg prob: 0.344
CUM Mean pos logit: 0.293, Mean neg logit: -0.876

Epoch 1, Batch 1140 | Val Acc: 0.6965 | Val PosAcc: 0.6241 | Val NegAcc: 0.7687
len(easy_positives): 2040 , len(easy_negatives): 5057
len(hard_positives): 600 , len(hard_negatives): 216
CUM Mean pos prob: 0.561, Mean neg prob: 0.344
CUM Mean pos logit: 0.292, Mean neg logit: -0.877

Epoch 1, Batch 1160 | Val Acc: 0.6966 | Val PosAcc: 0.6246 | Val NegAcc: 0.7684
len(easy_positives): 2074 , len(easy_negatives): 5138
len(hard_positives): 610 , len(hard_negatives): 220
CUM Mean pos prob: 0.561, Mean neg prob: 0.344
CUM Mean pos logit: 0.293, Mean neg logit: -0.878

Epoch 1, Batch 1180 | Val Acc: 0.6963 | Val PosAcc: 0.6239 | Val NegAcc: 0.7686
len(easy_positives): 2114 , len(easy_negatives): 5225
len(hard_positives): 623 , len(hard_negatives): 224
CUM Mean pos prob: 0.561, Mean neg prob: 0.344
CUM Mean pos logit: 0.293, Mean neg logit: -0.879

Epoch 1, Batch 1200 | Val Acc: 0.6964 | Val PosAcc: 0.6241 | Val NegAcc: 0.7686
len(easy_positives): 2149 , len(easy_negatives): 5310
len(hard_positives): 637 , len(hard_negatives): 232
CUM Mean pos prob: 0.561, Mean neg prob: 0.344
CUM Mean pos logit: 0.293, Mean neg logit: -0.878

Epoch 1, Batch 1220 | Val Acc: 0.6967 | Val PosAcc: 0.6245 | Val NegAcc: 0.7689
len(easy_positives): 2185 , len(easy_negatives): 5395
len(hard_positives): 649 , len(hard_negatives): 238
CUM Mean pos prob: 0.561, Mean neg prob: 0.344
CUM Mean pos logit: 0.292, Mean neg logit: -0.878

	val_accuracy: 0.6965298885511652
	pos val_accuracy: 0.6243667679837892
	neg val_accuracy: 0.768693009118541
../Sim5/model1_FE2dis_inrWaterPHD2_5.pt
Epoch 2, Batch 20 | Acc: 0.7000 | PosAcc: 0.7615 | NegAcc: 0.6273
len(easy_positives): 66 , len(easy_negatives): 51
len(hard_positives): 5 , len(hard_negatives): 10

CUM Mean pos prob: 0.644, Mean neg prob: 0.405
CUM Mean pos logit: 0.737, Mean neg logit: -0.600

Epoch 2, Batch 40 | Acc: 0.7104 | PosAcc: 0.7674 | NegAcc: 0.6477
len(easy_positives): 123 , len(easy_negatives): 100
len(hard_positives): 10 , len(hard_negatives): 23

CUM Mean pos prob: 0.645, Mean neg prob: 0.406
CUM Mean pos logit: 0.728, Mean neg logit: -0.574

Epoch 2, Batch 60 | Acc: 0.7208 | PosAcc: 0.7612 | NegAcc: 0.6760
len(easy_positives): 189 , len(easy_negatives): 155
len(hard_positives): 13 , len(hard_negatives): 26

CUM Mean pos prob: 0.641, Mean neg prob: 0.395
CUM Mean pos logit: 0.707, Mean neg logit: -0.631

Epoch 2, Batch 80 | Acc: 0.7167 | PosAcc: 0.7622 | NegAcc: 0.6667
len(easy_positives): 242 , len(easy_negatives): 213
len(hard_positives): 19 , len(hard_negatives): 38

CUM Mean pos prob: 0.639, Mean neg prob: 0.397
CUM Mean pos logit: 0.699, Mean neg logit: -0.614

Epoch 2, Batch 100 | Acc: 0.7200 | PosAcc: 0.7560 | NegAcc: 0.6806
len(easy_positives): 304 , len(easy_negatives): 275
len(hard_positives): 25 , len(hard_negatives): 42

CUM Mean pos prob: 0.637, Mean neg prob: 0.391
CUM Mean pos logit: 0.688, Mean neg logit: -0.640

Epoch 2, Batch 120 | Acc: 0.7125 | PosAcc: 0.7599 | NegAcc: 0.6614
len(easy_positives): 372 , len(easy_negatives): 326
len(hard_positives): 34 , len(hard_negatives): 55

CUM Mean pos prob: 0.639, Mean neg prob: 0.398
CUM Mean pos logit: 0.699, Mean neg logit: -0.617

Epoch 2, Batch 140 | Acc: 0.7131 | PosAcc: 0.7532 | NegAcc: 0.6707
len(easy_positives): 415 , len(easy_negatives): 388
len(hard_positives): 39 , len(hard_negatives): 59

CUM Mean pos prob: 0.635, Mean neg prob: 0.393
CUM Mean pos logit: 0.679, Mean neg logit: -0.642

Epoch 2, Batch 160 | Acc: 0.7107 | PosAcc: 0.7454 | NegAcc: 0.6743
len(easy_positives): 473 , len(easy_negatives): 449
len(hard_positives): 48 , len(hard_negatives): 70

CUM Mean pos prob: 0.632, Mean neg prob: 0.391
CUM Mean pos logit: 0.668, Mean neg logit: -0.653

Epoch 2, Batch 180 | Acc: 0.7102 | PosAcc: 0.7458 | NegAcc: 0.6734
len(easy_positives): 508 , len(easy_negatives): 523
len(hard_positives): 49 , len(hard_negatives): 82

CUM Mean pos prob: 0.631, Mean neg prob: 0.390
CUM Mean pos logit: 0.661, Mean neg logit: -0.667

Epoch 2, Batch 200 | Acc: 0.7110 | PosAcc: 0.7435 | NegAcc: 0.6775
len(easy_positives): 555 , len(easy_negatives): 606
len(hard_positives): 54 , len(hard_negatives): 85

CUM Mean pos prob: 0.630, Mean neg prob: 0.385
CUM Mean pos logit: 0.656, Mean neg logit: -0.702

Epoch 2, Batch 220 | Acc: 0.7125 | PosAcc: 0.7466 | NegAcc: 0.6773
len(easy_positives): 609 , len(easy_negatives): 669
len(hard_positives): 57 , len(hard_negatives): 102

CUM Mean pos prob: 0.631, Mean neg prob: 0.386
CUM Mean pos logit: 0.663, Mean neg logit: -0.702

Epoch 2, Batch 240 | Acc: 0.7116 | PosAcc: 0.7469 | NegAcc: 0.6749
len(easy_positives): 669 , len(easy_negatives): 718
len(hard_positives): 64 , len(hard_negatives): 115

CUM Mean pos prob: 0.631, Mean neg prob: 0.388
CUM Mean pos logit: 0.664, Mean neg logit: -0.690

Epoch 2, Batch 260 | Acc: 0.7123 | PosAcc: 0.7436 | NegAcc: 0.6800
len(easy_positives): 713 , len(easy_negatives): 801
len(hard_positives): 68 , len(hard_negatives): 119

CUM Mean pos prob: 0.630, Mean neg prob: 0.385
CUM Mean pos logit: 0.660, Mean neg logit: -0.706

Epoch 2, Batch 280 | Acc: 0.7125 | PosAcc: 0.7445 | NegAcc: 0.6795
len(easy_positives): 776 , len(easy_negatives): 864
len(hard_positives): 74 , len(hard_negatives): 135

CUM Mean pos prob: 0.631, Mean neg prob: 0.386
CUM Mean pos logit: 0.663, Mean neg logit: -0.702

Epoch 2, Batch 300 | Acc: 0.7119 | PosAcc: 0.7404 | NegAcc: 0.6827
len(easy_positives): 816 , len(easy_negatives): 934
len(hard_positives): 81 , len(hard_negatives): 141

CUM Mean pos prob: 0.629, Mean neg prob: 0.384
CUM Mean pos logit: 0.653, Mean neg logit: -0.717

Epoch 2, Batch 320 | Acc: 0.7122 | PosAcc: 0.7397 | NegAcc: 0.6841
len(easy_positives): 864 , len(easy_negatives): 1004
len(hard_positives): 87 , len(hard_negatives): 154

CUM Mean pos prob: 0.629, Mean neg prob: 0.383
CUM Mean pos logit: 0.652, Mean neg logit: -0.723

Epoch 2, Batch 340 | Acc: 0.7132 | PosAcc: 0.7417 | NegAcc: 0.6841
len(easy_positives): 923 , len(easy_negatives): 1064
len(hard_positives): 90 , len(hard_negatives): 160

CUM Mean pos prob: 0.630, Mean neg prob: 0.383
CUM Mean pos logit: 0.657, Mean neg logit: -0.727

Epoch 2, Batch 360 | Acc: 0.7146 | PosAcc: 0.7401 | NegAcc: 0.6887
len(easy_positives): 960 , len(easy_negatives): 1164
len(hard_positives): 102 , len(hard_negatives): 165

CUM Mean pos prob: 0.628, Mean neg prob: 0.379
CUM Mean pos logit: 0.648, Mean neg logit: -0.751

Epoch 2, Batch 380 | Acc: 0.7144 | PosAcc: 0.7434 | NegAcc: 0.6848
len(easy_positives): 1029 , len(easy_negatives): 1217
len(hard_positives): 108 , len(hard_negatives): 179

CUM Mean pos prob: 0.630, Mean neg prob: 0.381
CUM Mean pos logit: 0.661, Mean neg logit: -0.739

Epoch 2, Batch 400 | Acc: 0.7152 | PosAcc: 0.7472 | NegAcc: 0.6821
len(easy_positives): 1122 , len(easy_negatives): 1268
len(hard_positives): 112 , len(hard_negatives): 194

CUM Mean pos prob: 0.634, Mean neg prob: 0.383
CUM Mean pos logit: 0.680, Mean neg logit: -0.727

Epoch 2, Batch 420 | Acc: 0.7147 | PosAcc: 0.7470 | NegAcc: 0.6814
len(easy_positives): 1170 , len(easy_negatives): 1325
len(hard_positives): 121 , len(hard_negatives): 203

CUM Mean pos prob: 0.633, Mean neg prob: 0.383
CUM Mean pos logit: 0.675, Mean neg logit: -0.730

Epoch 2, Batch 440 | Acc: 0.7127 | PosAcc: 0.7436 | NegAcc: 0.6810
len(easy_positives): 1212 , len(easy_negatives): 1400
len(hard_positives): 131 , len(hard_negatives): 213

CUM Mean pos prob: 0.631, Mean neg prob: 0.383
CUM Mean pos logit: 0.666, Mean neg logit: -0.733

Epoch 2, Batch 460 | Acc: 0.7120 | PosAcc: 0.7425 | NegAcc: 0.6809
len(easy_positives): 1254 , len(easy_negatives): 1470
len(hard_positives): 142 , len(hard_negatives): 219

CUM Mean pos prob: 0.630, Mean neg prob: 0.383
CUM Mean pos logit: 0.659, Mean neg logit: -0.732

Epoch 2, Batch 480 | Acc: 0.7110 | PosAcc: 0.7398 | NegAcc: 0.6817
len(easy_positives): 1295 , len(easy_negatives): 1531
len(hard_positives): 150 , len(hard_negatives): 226

CUM Mean pos prob: 0.628, Mean neg prob: 0.383
CUM Mean pos logit: 0.649, Mean neg logit: -0.735

Epoch 2, Batch 500 | Acc: 0.7107 | PosAcc: 0.7405 | NegAcc: 0.6806
len(easy_positives): 1339 , len(easy_negatives): 1585
len(hard_positives): 153 , len(hard_negatives): 235

CUM Mean pos prob: 0.628, Mean neg prob: 0.383
CUM Mean pos logit: 0.647, Mean neg logit: -0.731

Epoch 2, Batch 520 | Acc: 0.7099 | PosAcc: 0.7391 | NegAcc: 0.6804
len(easy_positives): 1375 , len(easy_negatives): 1650
len(hard_positives): 161 , len(hard_negatives): 239

CUM Mean pos prob: 0.627, Mean neg prob: 0.383
CUM Mean pos logit: 0.640, Mean neg logit: -0.727

Epoch 2, Batch 540 | Acc: 0.7109 | PosAcc: 0.7398 | NegAcc: 0.6816
len(easy_positives): 1422 , len(easy_negatives): 1719
len(hard_positives): 165 , len(hard_negatives): 243

CUM Mean pos prob: 0.627, Mean neg prob: 0.382
CUM Mean pos logit: 0.640, Mean neg logit: -0.733

Epoch 2, Batch 560 | Acc: 0.7110 | PosAcc: 0.7400 | NegAcc: 0.6817
len(easy_positives): 1478 , len(easy_negatives): 1787
len(hard_positives): 170 , len(hard_negatives): 249

CUM Mean pos prob: 0.627, Mean neg prob: 0.382
CUM Mean pos logit: 0.640, Mean neg logit: -0.735

Epoch 2, Batch 580 | Acc: 0.7119 | PosAcc: 0.7423 | NegAcc: 0.6811
len(easy_positives): 1552 , len(easy_negatives): 1833
len(hard_positives): 178 , len(hard_negatives): 258

CUM Mean pos prob: 0.628, Mean neg prob: 0.383
CUM Mean pos logit: 0.647, Mean neg logit: -0.730

Epoch 2, Batch 600 | Acc: 0.7101 | PosAcc: 0.7398 | NegAcc: 0.6801
len(easy_positives): 1602 , len(easy_negatives): 1894
len(hard_positives): 187 , len(hard_negatives): 272

CUM Mean pos prob: 0.627, Mean neg prob: 0.383
CUM Mean pos logit: 0.641, Mean neg logit: -0.729

Epoch 2, Batch 620 | Acc: 0.7108 | PosAcc: 0.7405 | NegAcc: 0.6808
len(easy_positives): 1633 , len(easy_negatives): 1966
len(hard_positives): 192 , len(hard_negatives): 281

CUM Mean pos prob: 0.627, Mean neg prob: 0.383
CUM Mean pos logit: 0.638, Mean neg logit: -0.734

Epoch 2, Batch 640 | Acc: 0.7111 | PosAcc: 0.7425 | NegAcc: 0.6794
len(easy_positives): 1698 , len(easy_negatives): 2015
len(hard_positives): 195 , len(hard_negatives): 295

CUM Mean pos prob: 0.628, Mean neg prob: 0.384
CUM Mean pos logit: 0.644, Mean neg logit: -0.729

Epoch 2, Batch 660 | Acc: 0.7112 | PosAcc: 0.7419 | NegAcc: 0.6799
len(easy_positives): 1743 , len(easy_negatives): 2070
len(hard_positives): 205 , len(hard_negatives): 306

CUM Mean pos prob: 0.627, Mean neg prob: 0.384
CUM Mean pos logit: 0.640, Mean neg logit: -0.726

Epoch 2, Batch 680 | Acc: 0.7108 | PosAcc: 0.7413 | NegAcc: 0.6799
len(easy_positives): 1803 , len(easy_negatives): 2125
len(hard_positives): 208 , len(hard_negatives): 318

CUM Mean pos prob: 0.627, Mean neg prob: 0.384
CUM Mean pos logit: 0.641, Mean neg logit: -0.722

Epoch 2, Batch 700 | Acc: 0.7120 | PosAcc: 0.7422 | NegAcc: 0.6812
len(easy_positives): 1863 , len(easy_negatives): 2193
len(hard_positives): 214 , len(hard_negatives): 323

CUM Mean pos prob: 0.628, Mean neg prob: 0.384
CUM Mean pos logit: 0.642, Mean neg logit: -0.727

Epoch 2, Batch 720 | Acc: 0.7130 | PosAcc: 0.7452 | NegAcc: 0.6802
len(easy_positives): 1933 , len(easy_negatives): 2241
len(hard_positives): 219 , len(hard_negatives): 338

CUM Mean pos prob: 0.629, Mean neg prob: 0.384
CUM Mean pos logit: 0.650, Mean neg logit: -0.722

Epoch 2, Batch 740 | Acc: 0.7122 | PosAcc: 0.7424 | NegAcc: 0.6814
len(easy_positives): 1968 , len(easy_negatives): 2315
len(hard_positives): 233 , len(hard_negatives): 346

CUM Mean pos prob: 0.628, Mean neg prob: 0.384
CUM Mean pos logit: 0.642, Mean neg logit: -0.725

Epoch 2, Batch 760 | Acc: 0.7120 | PosAcc: 0.7402 | NegAcc: 0.6834
len(easy_positives): 2001 , len(easy_negatives): 2395
len(hard_positives): 241 , len(hard_negatives): 350

CUM Mean pos prob: 0.626, Mean neg prob: 0.383
CUM Mean pos logit: 0.635, Mean neg logit: -0.733

Epoch 2, Batch 780 | Acc: 0.7123 | PosAcc: 0.7413 | NegAcc: 0.6828
len(easy_positives): 2066 , len(easy_negatives): 2446
len(hard_positives): 248 , len(hard_negatives): 358

CUM Mean pos prob: 0.627, Mean neg prob: 0.383
CUM Mean pos logit: 0.638, Mean neg logit: -0.729

Epoch 2, Batch 800 | Acc: 0.7125 | PosAcc: 0.7423 | NegAcc: 0.6822
len(easy_positives): 2129 , len(easy_negatives): 2502
len(hard_positives): 249 , len(hard_negatives): 363

CUM Mean pos prob: 0.628, Mean neg prob: 0.383
CUM Mean pos logit: 0.643, Mean neg logit: -0.728

Epoch 2, Batch 820 | Acc: 0.7114 | PosAcc: 0.7410 | NegAcc: 0.6814
len(easy_positives): 2160 , len(easy_negatives): 2566
len(hard_positives): 256 , len(hard_negatives): 373

CUM Mean pos prob: 0.627, Mean neg prob: 0.384
CUM Mean pos logit: 0.638, Mean neg logit: -0.729

Epoch 2, Batch 840 | Acc: 0.7120 | PosAcc: 0.7409 | NegAcc: 0.6827
len(easy_positives): 2198 , len(easy_negatives): 2653
len(hard_positives): 259 , len(hard_negatives): 381

CUM Mean pos prob: 0.627, Mean neg prob: 0.382
CUM Mean pos logit: 0.637, Mean neg logit: -0.738

Epoch 2, Batch 860 | Acc: 0.7114 | PosAcc: 0.7394 | NegAcc: 0.6832
len(easy_positives): 2231 , len(easy_negatives): 2707
len(hard_positives): 267 , len(hard_negatives): 386

CUM Mean pos prob: 0.626, Mean neg prob: 0.382
CUM Mean pos logit: 0.633, Mean neg logit: -0.738

Epoch 2, Batch 880 | Acc: 0.7116 | PosAcc: 0.7407 | NegAcc: 0.6822
len(easy_positives): 2297 , len(easy_negatives): 2756
len(hard_positives): 273 , len(hard_negatives): 398

CUM Mean pos prob: 0.627, Mean neg prob: 0.383
CUM Mean pos logit: 0.637, Mean neg logit: -0.733

Epoch 2, Batch 900 | Acc: 0.7119 | PosAcc: 0.7412 | NegAcc: 0.6823
len(easy_positives): 2359 , len(easy_negatives): 2812
len(hard_positives): 276 , len(hard_negatives): 404

CUM Mean pos prob: 0.627, Mean neg prob: 0.383
CUM Mean pos logit: 0.638, Mean neg logit: -0.734

Epoch 2, Batch 920 | Acc: 0.7115 | PosAcc: 0.7405 | NegAcc: 0.6821
len(easy_positives): 2410 , len(easy_negatives): 2883
len(hard_positives): 286 , len(hard_negatives): 408

CUM Mean pos prob: 0.627, Mean neg prob: 0.383
CUM Mean pos logit: 0.637, Mean neg logit: -0.737

Epoch 2, Batch 940 | Acc: 0.7114 | PosAcc: 0.7413 | NegAcc: 0.6811
len(easy_positives): 2467 , len(easy_negatives): 2949
len(hard_positives): 292 , len(hard_negatives): 419

CUM Mean pos prob: 0.627, Mean neg prob: 0.383
CUM Mean pos logit: 0.640, Mean neg logit: -0.736

Epoch 2, Batch 960 | Acc: 0.7119 | PosAcc: 0.7409 | NegAcc: 0.6827
len(easy_positives): 2509 , len(easy_negatives): 3032
len(hard_positives): 304 , len(hard_negatives): 424

CUM Mean pos prob: 0.627, Mean neg prob: 0.382
CUM Mean pos logit: 0.637, Mean neg logit: -0.741

Epoch 2, Batch 980 | Acc: 0.7120 | PosAcc: 0.7412 | NegAcc: 0.6825
len(easy_positives): 2570 , len(easy_negatives): 3086
len(hard_positives): 307 , len(hard_negatives): 436

CUM Mean pos prob: 0.627, Mean neg prob: 0.382
CUM Mean pos logit: 0.641, Mean neg logit: -0.740

Epoch 2, Batch 1000 | Acc: 0.7115 | PosAcc: 0.7407 | NegAcc: 0.6819
len(easy_positives): 2616 , len(easy_negatives): 3156
len(hard_positives): 318 , len(hard_negatives): 443

CUM Mean pos prob: 0.627, Mean neg prob: 0.382
CUM Mean pos logit: 0.638, Mean neg logit: -0.741

Epoch 2, Batch 1020 | Acc: 0.7116 | PosAcc: 0.7408 | NegAcc: 0.6821
len(easy_positives): 2667 , len(easy_negatives): 3213
len(hard_positives): 319 , len(hard_negatives): 451

CUM Mean pos prob: 0.627, Mean neg prob: 0.382
CUM Mean pos logit: 0.639, Mean neg logit: -0.740

Epoch 2, Batch 1040 | Acc: 0.7118 | PosAcc: 0.7409 | NegAcc: 0.6824
len(easy_positives): 2712 , len(easy_negatives): 3278
len(hard_positives): 327 , len(hard_negatives): 456

CUM Mean pos prob: 0.627, Mean neg prob: 0.382
CUM Mean pos logit: 0.638, Mean neg logit: -0.742

Epoch 2, Batch 1060 | Acc: 0.7116 | PosAcc: 0.7412 | NegAcc: 0.6817
len(easy_positives): 2769 , len(easy_negatives): 3341
len(hard_positives): 333 , len(hard_negatives): 473

CUM Mean pos prob: 0.627, Mean neg prob: 0.382
CUM Mean pos logit: 0.640, Mean neg logit: -0.741

Epoch 2, Batch 1080 | Acc: 0.7113 | PosAcc: 0.7401 | NegAcc: 0.6824
len(easy_positives): 2819 , len(easy_negatives): 3423
len(hard_positives): 341 , len(hard_negatives): 479

CUM Mean pos prob: 0.627, Mean neg prob: 0.381
CUM Mean pos logit: 0.638, Mean neg logit: -0.746

Epoch 2, Batch 1100 | Acc: 0.7116 | PosAcc: 0.7402 | NegAcc: 0.6828
len(easy_positives): 2878 , len(easy_negatives): 3498
len(hard_positives): 349 , len(hard_negatives): 488

CUM Mean pos prob: 0.627, Mean neg prob: 0.381
CUM Mean pos logit: 0.639, Mean neg logit: -0.748

Epoch 2, Batch 1120 | Acc: 0.7115 | PosAcc: 0.7396 | NegAcc: 0.6831
len(easy_positives): 2923 , len(easy_negatives): 3566
len(hard_positives): 356 , len(hard_negatives): 496

CUM Mean pos prob: 0.627, Mean neg prob: 0.381
CUM Mean pos logit: 0.638, Mean neg logit: -0.749

Epoch 2, Batch 1140 | Acc: 0.7116 | PosAcc: 0.7403 | NegAcc: 0.6826
len(easy_positives): 2987 , len(easy_negatives): 3629
len(hard_positives): 360 , len(hard_negatives): 510

CUM Mean pos prob: 0.627, Mean neg prob: 0.381
CUM Mean pos logit: 0.641, Mean neg logit: -0.750

Epoch 2, Batch 1160 | Acc: 0.7108 | PosAcc: 0.7396 | NegAcc: 0.6819
len(easy_positives): 3032 , len(easy_negatives): 3700
len(hard_positives): 366 , len(hard_negatives): 520

CUM Mean pos prob: 0.627, Mean neg prob: 0.381
CUM Mean pos logit: 0.640, Mean neg logit: -0.750

Epoch 2, Batch 1180 | Acc: 0.7110 | PosAcc: 0.7395 | NegAcc: 0.6824
len(easy_positives): 3089 , len(easy_negatives): 3756
len(hard_positives): 373 , len(hard_negatives): 527

CUM Mean pos prob: 0.627, Mean neg prob: 0.381
CUM Mean pos logit: 0.640, Mean neg logit: -0.749

Epoch 2, Batch 1200 | Acc: 0.7113 | PosAcc: 0.7390 | NegAcc: 0.6835
len(easy_positives): 3137 , len(easy_negatives): 3838
len(hard_positives): 376 , len(hard_negatives): 533

CUM Mean pos prob: 0.627, Mean neg prob: 0.380
CUM Mean pos logit: 0.639, Mean neg logit: -0.753

Epoch 2, Batch 1220 | Acc: 0.7118 | PosAcc: 0.7393 | NegAcc: 0.6842
len(easy_positives): 3191 , len(easy_negatives): 3916
len(hard_positives): 383 , len(hard_negatives): 543

CUM Mean pos prob: 0.627, Mean neg prob: 0.380
CUM Mean pos logit: 0.640, Mean neg logit: -0.757

Epoch 2, Batch 1240 | Acc: 0.7119 | PosAcc: 0.7387 | NegAcc: 0.6851
len(easy_positives): 3238 , len(easy_negatives): 3998
len(hard_positives): 394 , len(hard_negatives): 553

CUM Mean pos prob: 0.627, Mean neg prob: 0.379
CUM Mean pos logit: 0.638, Mean neg logit: -0.760

Epoch 2, Batch 1260 | Acc: 0.7120 | PosAcc: 0.7393 | NegAcc: 0.6846
len(easy_positives): 3302 , len(easy_negatives): 4058
len(hard_positives): 397 , len(hard_negatives): 562

CUM Mean pos prob: 0.627, Mean neg prob: 0.379
CUM Mean pos logit: 0.641, Mean neg logit: -0.760

Epoch 2, Batch 1280 | Acc: 0.7122 | PosAcc: 0.7392 | NegAcc: 0.6851
len(easy_positives): 3350 , len(easy_negatives): 4130
len(hard_positives): 402 , len(hard_negatives): 570

CUM Mean pos prob: 0.627, Mean neg prob: 0.379
CUM Mean pos logit: 0.641, Mean neg logit: -0.764

Epoch 2, Batch 1300 | Acc: 0.7123 | PosAcc: 0.7396 | NegAcc: 0.6850
len(easy_positives): 3416 , len(easy_negatives): 4190
len(hard_positives): 409 , len(hard_negatives): 578

CUM Mean pos prob: 0.628, Mean neg prob: 0.379
CUM Mean pos logit: 0.643, Mean neg logit: -0.764

Epoch 2, Batch 1320 | Acc: 0.7131 | PosAcc: 0.7404 | NegAcc: 0.6857
len(easy_positives): 3486 , len(easy_negatives): 4260
len(hard_positives): 416 , len(hard_negatives): 589

CUM Mean pos prob: 0.628, Mean neg prob: 0.379
CUM Mean pos logit: 0.646, Mean neg logit: -0.768

Epoch 2, Batch 1340 | Acc: 0.7134 | PosAcc: 0.7411 | NegAcc: 0.6856
len(easy_positives): 3554 , len(easy_negatives): 4329
len(hard_positives): 427 , len(hard_negatives): 600

CUM Mean pos prob: 0.628, Mean neg prob: 0.379
CUM Mean pos logit: 0.648, Mean neg logit: -0.769

Epoch 2, Batch 1360 | Acc: 0.7129 | PosAcc: 0.7402 | NegAcc: 0.6855
len(easy_positives): 3604 , len(easy_negatives): 4392
len(hard_positives): 437 , len(hard_negatives): 608

CUM Mean pos prob: 0.628, Mean neg prob: 0.379
CUM Mean pos logit: 0.646, Mean neg logit: -0.769

Epoch 2, Batch 1380 | Acc: 0.7127 | PosAcc: 0.7411 | NegAcc: 0.6842
len(easy_positives): 3680 , len(easy_negatives): 4436
len(hard_positives): 442 , len(hard_negatives): 622

CUM Mean pos prob: 0.629, Mean neg prob: 0.379
CUM Mean pos logit: 0.649, Mean neg logit: -0.766

Epoch 2, Batch 1400 | Acc: 0.7129 | PosAcc: 0.7415 | NegAcc: 0.6842
len(easy_positives): 3746 , len(easy_negatives): 4498
len(hard_positives): 447 , len(hard_negatives): 631

CUM Mean pos prob: 0.629, Mean neg prob: 0.379
CUM Mean pos logit: 0.651, Mean neg logit: -0.766

Epoch 2, Batch 1420 | Acc: 0.7125 | PosAcc: 0.7416 | NegAcc: 0.6832
len(easy_positives): 3810 , len(easy_negatives): 4555
len(hard_positives): 458 , len(hard_negatives): 645

CUM Mean pos prob: 0.629, Mean neg prob: 0.380
CUM Mean pos logit: 0.652, Mean neg logit: -0.763

Epoch 2, Batch 1440 | Acc: 0.7130 | PosAcc: 0.7412 | NegAcc: 0.6846
len(easy_positives): 3844 , len(easy_negatives): 4636
len(hard_positives): 462 , len(hard_negatives): 648

CUM Mean pos prob: 0.629, Mean neg prob: 0.379
CUM Mean pos logit: 0.650, Mean neg logit: -0.768

Epoch 2, Batch 1460 | Acc: 0.7135 | PosAcc: 0.7411 | NegAcc: 0.6857
len(easy_positives): 3888 , len(easy_negatives): 4690
len(hard_positives): 468 , len(hard_negatives): 656

CUM Mean pos prob: 0.629, Mean neg prob: 0.379
CUM Mean pos logit: 0.650, Mean neg logit: -0.768

Epoch 2, Batch 1480 | Acc: 0.7136 | PosAcc: 0.7415 | NegAcc: 0.6855
len(easy_positives): 3957 , len(easy_negatives): 4748
len(hard_positives): 471 , len(hard_negatives): 670

CUM Mean pos prob: 0.629, Mean neg prob: 0.379
CUM Mean pos logit: 0.651, Mean neg logit: -0.766

Epoch 2, Batch 1500 | Acc: 0.7142 | PosAcc: 0.7422 | NegAcc: 0.6859
len(easy_positives): 4019 , len(easy_negatives): 4818
len(hard_positives): 478 , len(hard_negatives): 677

CUM Mean pos prob: 0.629, Mean neg prob: 0.379
CUM Mean pos logit: 0.652, Mean neg logit: -0.770

Epoch 2, Batch 1520 | Acc: 0.7142 | PosAcc: 0.7420 | NegAcc: 0.6862
len(easy_positives): 4078 , len(easy_negatives): 4885
len(hard_positives): 487 , len(hard_negatives): 683

CUM Mean pos prob: 0.629, Mean neg prob: 0.379
CUM Mean pos logit: 0.652, Mean neg logit: -0.770

Epoch 2, Batch 1540 | Acc: 0.7147 | PosAcc: 0.7426 | NegAcc: 0.6866
len(easy_positives): 4148 , len(easy_negatives): 4945
len(hard_positives): 492 , len(hard_negatives): 692

CUM Mean pos prob: 0.629, Mean neg prob: 0.379
CUM Mean pos logit: 0.654, Mean neg logit: -0.772

Epoch 2, Batch 1560 | Acc: 0.7148 | PosAcc: 0.7426 | NegAcc: 0.6868
len(easy_positives): 4197 , len(easy_negatives): 5015
len(hard_positives): 503 , len(hard_negatives): 704

CUM Mean pos prob: 0.629, Mean neg prob: 0.378
CUM Mean pos logit: 0.653, Mean neg logit: -0.774

Epoch 2, Batch 1580 | Acc: 0.7147 | PosAcc: 0.7431 | NegAcc: 0.6861
len(easy_positives): 4262 , len(easy_negatives): 5073
len(hard_positives): 511 , len(hard_negatives): 713

CUM Mean pos prob: 0.630, Mean neg prob: 0.379
CUM Mean pos logit: 0.656, Mean neg logit: -0.773

Epoch 2, Batch 1600 | Acc: 0.7153 | PosAcc: 0.7441 | NegAcc: 0.6863
len(easy_positives): 4333 , len(easy_negatives): 5145
len(hard_positives): 513 , len(hard_negatives): 722

CUM Mean pos prob: 0.630, Mean neg prob: 0.378
CUM Mean pos logit: 0.659, Mean neg logit: -0.776

Epoch 2, Batch 1620 | Acc: 0.7154 | PosAcc: 0.7434 | NegAcc: 0.6872
len(easy_positives): 4389 , len(easy_negatives): 5234
len(hard_positives): 521 , len(hard_negatives): 730

CUM Mean pos prob: 0.630, Mean neg prob: 0.378
CUM Mean pos logit: 0.659, Mean neg logit: -0.780

Epoch 2, Batch 1640 | Acc: 0.7159 | PosAcc: 0.7438 | NegAcc: 0.6877
len(easy_positives): 4458 , len(easy_negatives): 5311
len(hard_positives): 526 , len(hard_negatives): 733

CUM Mean pos prob: 0.631, Mean neg prob: 0.377
CUM Mean pos logit: 0.661, Mean neg logit: -0.783

Epoch 2, Batch 1660 | Acc: 0.7159 | PosAcc: 0.7442 | NegAcc: 0.6875
len(easy_positives): 4519 , len(easy_negatives): 5392
len(hard_positives): 532 , len(hard_negatives): 747

CUM Mean pos prob: 0.631, Mean neg prob: 0.377
CUM Mean pos logit: 0.662, Mean neg logit: -0.785

Epoch 2, Batch 1680 | Acc: 0.7159 | PosAcc: 0.7442 | NegAcc: 0.6875
len(easy_positives): 4581 , len(easy_negatives): 5480
len(hard_positives): 540 , len(hard_negatives): 758

CUM Mean pos prob: 0.631, Mean neg prob: 0.377
CUM Mean pos logit: 0.663, Mean neg logit: -0.788

Epoch 2, Batch 1700 | Acc: 0.7155 | PosAcc: 0.7432 | NegAcc: 0.6877
len(easy_positives): 4630 , len(easy_negatives): 5551
len(hard_positives): 554 , len(hard_negatives): 771

CUM Mean pos prob: 0.630, Mean neg prob: 0.377
CUM Mean pos logit: 0.661, Mean neg logit: -0.790

Epoch 2, Batch 1720 | Acc: 0.7157 | PosAcc: 0.7435 | NegAcc: 0.6878
len(easy_positives): 4672 , len(easy_negatives): 5613
len(hard_positives): 558 , len(hard_negatives): 783

CUM Mean pos prob: 0.630, Mean neg prob: 0.377
CUM Mean pos logit: 0.660, Mean neg logit: -0.789

Epoch 2, Batch 1740 | Acc: 0.7161 | PosAcc: 0.7444 | NegAcc: 0.6876
len(easy_positives): 4747 , len(easy_negatives): 5674
len(hard_positives): 560 , len(hard_negatives): 794

CUM Mean pos prob: 0.631, Mean neg prob: 0.377
CUM Mean pos logit: 0.663, Mean neg logit: -0.790

Epoch 2, Batch 1760 | Acc: 0.7161 | PosAcc: 0.7435 | NegAcc: 0.6885
len(easy_positives): 4787 , len(easy_negatives): 5759
len(hard_positives): 575 , len(hard_negatives): 798

CUM Mean pos prob: 0.630, Mean neg prob: 0.376
CUM Mean pos logit: 0.660, Mean neg logit: -0.794

Epoch 2, Batch 1780 | Acc: 0.7162 | PosAcc: 0.7442 | NegAcc: 0.6880
len(easy_positives): 4872 , len(easy_negatives): 5825
len(hard_positives): 580 , len(hard_negatives): 811

CUM Mean pos prob: 0.631, Mean neg prob: 0.376
CUM Mean pos logit: 0.664, Mean neg logit: -0.793

Epoch 2, Batch 1800 | Acc: 0.7161 | PosAcc: 0.7433 | NegAcc: 0.6889
len(easy_positives): 4915 , len(easy_negatives): 5923
len(hard_positives): 585 , len(hard_negatives): 817

CUM Mean pos prob: 0.631, Mean neg prob: 0.376
CUM Mean pos logit: 0.663, Mean neg logit: -0.796

Epoch 2, Batch 1820 | Acc: 0.7159 | PosAcc: 0.7431 | NegAcc: 0.6888
len(easy_positives): 4977 , len(easy_negatives): 5983
len(hard_positives): 594 , len(hard_negatives): 824

CUM Mean pos prob: 0.631, Mean neg prob: 0.376
CUM Mean pos logit: 0.663, Mean neg logit: -0.796

Epoch 2, Batch 1840 | Acc: 0.7161 | PosAcc: 0.7431 | NegAcc: 0.6890
len(easy_positives): 5033 , len(easy_negatives): 6061
len(hard_positives): 600 , len(hard_negatives): 833

CUM Mean pos prob: 0.631, Mean neg prob: 0.375
CUM Mean pos logit: 0.663, Mean neg logit: -0.799

Epoch 2, Batch 1860 | Acc: 0.7159 | PosAcc: 0.7425 | NegAcc: 0.6892
len(easy_positives): 5080 , len(easy_negatives): 6123
len(hard_positives): 611 , len(hard_negatives): 842

CUM Mean pos prob: 0.630, Mean neg prob: 0.375
CUM Mean pos logit: 0.662, Mean neg logit: -0.798

Epoch 2, Batch 1880 | Acc: 0.7160 | PosAcc: 0.7431 | NegAcc: 0.6888
len(easy_positives): 5158 , len(easy_negatives): 6176
len(hard_positives): 619 , len(hard_negatives): 854

CUM Mean pos prob: 0.631, Mean neg prob: 0.376
CUM Mean pos logit: 0.664, Mean neg logit: -0.797

Epoch 2, Batch 1900 | Acc: 0.7158 | PosAcc: 0.7435 | NegAcc: 0.6879
len(easy_positives): 5221 , len(easy_negatives): 6232
len(hard_positives): 624 , len(hard_negatives): 866

CUM Mean pos prob: 0.631, Mean neg prob: 0.376
CUM Mean pos logit: 0.665, Mean neg logit: -0.795

Epoch 2, Batch 1920 | Acc: 0.7161 | PosAcc: 0.7437 | NegAcc: 0.6884
len(easy_positives): 5276 , len(easy_negatives): 6307
len(hard_positives): 630 , len(hard_negatives): 876

CUM Mean pos prob: 0.631, Mean neg prob: 0.376
CUM Mean pos logit: 0.666, Mean neg logit: -0.797

Epoch 2, Batch 1940 | Acc: 0.7160 | PosAcc: 0.7439 | NegAcc: 0.6881
len(easy_positives): 5357 , len(easy_negatives): 6375
len(hard_positives): 634 , len(hard_negatives): 891

CUM Mean pos prob: 0.631, Mean neg prob: 0.376
CUM Mean pos logit: 0.668, Mean neg logit: -0.798

Epoch 2, Batch 1960 | Acc: 0.7156 | PosAcc: 0.7428 | NegAcc: 0.6884
len(easy_positives): 5401 , len(easy_negatives): 6457
len(hard_positives): 643 , len(hard_negatives): 895

CUM Mean pos prob: 0.631, Mean neg prob: 0.375
CUM Mean pos logit: 0.666, Mean neg logit: -0.800

Epoch 2, Batch 1980 | Acc: 0.7157 | PosAcc: 0.7435 | NegAcc: 0.6877
len(easy_positives): 5477 , len(easy_negatives): 6525
len(hard_positives): 644 , len(hard_negatives): 907

CUM Mean pos prob: 0.631, Mean neg prob: 0.376
CUM Mean pos logit: 0.669, Mean neg logit: -0.800

Epoch 2, Batch 2000 | Acc: 0.7158 | PosAcc: 0.7440 | NegAcc: 0.6874
len(easy_positives): 5554 , len(easy_negatives): 6590
len(hard_positives): 648 , len(hard_negatives): 915

CUM Mean pos prob: 0.632, Mean neg prob: 0.376
CUM Mean pos logit: 0.671, Mean neg logit: -0.799

Epoch 2, Batch 2020 | Acc: 0.7162 | PosAcc: 0.7442 | NegAcc: 0.6881
len(easy_positives): 5609 , len(easy_negatives): 6686
len(hard_positives): 652 , len(hard_negatives): 920

CUM Mean pos prob: 0.632, Mean neg prob: 0.375
CUM Mean pos logit: 0.671, Mean neg logit: -0.804

Epoch 2, Batch 2040 | Acc: 0.7163 | PosAcc: 0.7449 | NegAcc: 0.6876
len(easy_positives): 5707 , len(easy_negatives): 6757
len(hard_positives): 661 , len(hard_negatives): 939

CUM Mean pos prob: 0.632, Mean neg prob: 0.375
CUM Mean pos logit: 0.676, Mean neg logit: -0.804

Epoch 2, Batch 2060 | Acc: 0.7163 | PosAcc: 0.7448 | NegAcc: 0.6877
len(easy_positives): 5757 , len(easy_negatives): 6837
len(hard_positives): 671 , len(hard_negatives): 948

CUM Mean pos prob: 0.632, Mean neg prob: 0.375
CUM Mean pos logit: 0.675, Mean neg logit: -0.806

Epoch 2, Batch 2080 | Acc: 0.7164 | PosAcc: 0.7448 | NegAcc: 0.6880
len(easy_positives): 5797 , len(easy_negatives): 6911
len(hard_positives): 677 , len(hard_negatives): 956

CUM Mean pos prob: 0.632, Mean neg prob: 0.375
CUM Mean pos logit: 0.674, Mean neg logit: -0.808

Epoch 2, Batch 2100 | Acc: 0.7167 | PosAcc: 0.7451 | NegAcc: 0.6883
len(easy_positives): 5861 , len(easy_negatives): 6993
len(hard_positives): 687 , len(hard_negatives): 966

CUM Mean pos prob: 0.632, Mean neg prob: 0.375
CUM Mean pos logit: 0.674, Mean neg logit: -0.810

Epoch 2, Batch 2120 | Acc: 0.7169 | PosAcc: 0.7451 | NegAcc: 0.6887
len(easy_positives): 5930 , len(easy_negatives): 7086
len(hard_positives): 691 , len(hard_negatives): 984

CUM Mean pos prob: 0.632, Mean neg prob: 0.374
CUM Mean pos logit: 0.675, Mean neg logit: -0.814

Epoch 2, Batch 2140 | Acc: 0.7170 | PosAcc: 0.7449 | NegAcc: 0.6890
len(easy_positives): 5974 , len(easy_negatives): 7170
len(hard_positives): 695 , len(hard_negatives): 991

CUM Mean pos prob: 0.632, Mean neg prob: 0.374
CUM Mean pos logit: 0.674, Mean neg logit: -0.816

Epoch 2, Batch 2160 | Acc: 0.7170 | PosAcc: 0.7445 | NegAcc: 0.6895
len(easy_positives): 6037 , len(easy_negatives): 7257
len(hard_positives): 701 , len(hard_negatives): 999

CUM Mean pos prob: 0.632, Mean neg prob: 0.374
CUM Mean pos logit: 0.674, Mean neg logit: -0.819

Epoch 2, Batch 2180 | Acc: 0.7173 | PosAcc: 0.7445 | NegAcc: 0.6900
len(easy_positives): 6110 , len(easy_negatives): 7334
len(hard_positives): 709 , len(hard_negatives): 1007

CUM Mean pos prob: 0.632, Mean neg prob: 0.373
CUM Mean pos logit: 0.676, Mean neg logit: -0.820

Epoch 2, Batch 2200 | Acc: 0.7173 | PosAcc: 0.7449 | NegAcc: 0.6896
len(easy_positives): 6187 , len(easy_negatives): 7397
len(hard_positives): 715 , len(hard_negatives): 1025

CUM Mean pos prob: 0.633, Mean neg prob: 0.374
CUM Mean pos logit: 0.678, Mean neg logit: -0.820

Epoch 2, Batch 2220 | Acc: 0.7175 | PosAcc: 0.7449 | NegAcc: 0.6901
len(easy_positives): 6248 , len(easy_negatives): 7479
len(hard_positives): 722 , len(hard_negatives): 1032

CUM Mean pos prob: 0.633, Mean neg prob: 0.373
CUM Mean pos logit: 0.679, Mean neg logit: -0.823

Epoch 2, Batch 2240 | Acc: 0.7176 | PosAcc: 0.7449 | NegAcc: 0.6904
len(easy_positives): 6308 , len(easy_negatives): 7553
len(hard_positives): 726 , len(hard_negatives): 1042

CUM Mean pos prob: 0.633, Mean neg prob: 0.373
CUM Mean pos logit: 0.679, Mean neg logit: -0.824

Epoch 2, Batch 2260 | Acc: 0.7177 | PosAcc: 0.7451 | NegAcc: 0.6903
len(easy_positives): 6370 , len(easy_negatives): 7631
len(hard_positives): 733 , len(hard_negatives): 1055

CUM Mean pos prob: 0.633, Mean neg prob: 0.373
CUM Mean pos logit: 0.679, Mean neg logit: -0.824

Epoch 2, Batch 2280 | Acc: 0.7177 | PosAcc: 0.7449 | NegAcc: 0.6904
len(easy_positives): 6426 , len(easy_negatives): 7722
len(hard_positives): 739 , len(hard_negatives): 1066

CUM Mean pos prob: 0.633, Mean neg prob: 0.373
CUM Mean pos logit: 0.679, Mean neg logit: -0.827

Epoch 2, Batch 2300 | Acc: 0.7180 | PosAcc: 0.7452 | NegAcc: 0.6908
len(easy_positives): 6501 , len(easy_negatives): 7812
len(hard_positives): 745 , len(hard_negatives): 1077

CUM Mean pos prob: 0.633, Mean neg prob: 0.372
CUM Mean pos logit: 0.681, Mean neg logit: -0.829

Epoch 2, Batch 2320 | Acc: 0.7182 | PosAcc: 0.7451 | NegAcc: 0.6913
len(easy_positives): 6542 , len(easy_negatives): 7908
len(hard_positives): 756 , len(hard_negatives): 1084

CUM Mean pos prob: 0.633, Mean neg prob: 0.372
CUM Mean pos logit: 0.680, Mean neg logit: -0.833

Epoch 2, Batch 2340 | Acc: 0.7181 | PosAcc: 0.7447 | NegAcc: 0.6916
len(easy_positives): 6599 , len(easy_negatives): 7974
len(hard_positives): 769 , len(hard_negatives): 1095

CUM Mean pos prob: 0.633, Mean neg prob: 0.372
CUM Mean pos logit: 0.680, Mean neg logit: -0.834

Epoch 2, Batch 2360 | Acc: 0.7180 | PosAcc: 0.7442 | NegAcc: 0.6918
len(easy_positives): 6635 , len(easy_negatives): 8061
len(hard_positives): 782 , len(hard_negatives): 1102

CUM Mean pos prob: 0.632, Mean neg prob: 0.372
CUM Mean pos logit: 0.678, Mean neg logit: -0.836

Epoch 2, Batch 2380 | Acc: 0.7182 | PosAcc: 0.7444 | NegAcc: 0.6920
len(easy_positives): 6689 , len(easy_negatives): 8130
len(hard_positives): 785 , len(hard_negatives): 1110

CUM Mean pos prob: 0.632, Mean neg prob: 0.372
CUM Mean pos logit: 0.678, Mean neg logit: -0.836

Epoch 2, Batch 2400 | Acc: 0.7182 | PosAcc: 0.7447 | NegAcc: 0.6918
len(easy_positives): 6750 , len(easy_negatives): 8180
len(hard_positives): 789 , len(hard_negatives): 1120

CUM Mean pos prob: 0.633, Mean neg prob: 0.372
CUM Mean pos logit: 0.679, Mean neg logit: -0.834

Epoch 2, Batch 2420 | Acc: 0.7182 | PosAcc: 0.7448 | NegAcc: 0.6916
len(easy_positives): 6810 , len(easy_negatives): 8250
len(hard_positives): 793 , len(hard_negatives): 1131

CUM Mean pos prob: 0.633, Mean neg prob: 0.372
CUM Mean pos logit: 0.680, Mean neg logit: -0.835

Epoch 2, Batch 2440 | Acc: 0.7185 | PosAcc: 0.7450 | NegAcc: 0.6919
len(easy_positives): 6869 , len(easy_negatives): 8330
len(hard_positives): 795 , len(hard_negatives): 1140

CUM Mean pos prob: 0.633, Mean neg prob: 0.372
CUM Mean pos logit: 0.680, Mean neg logit: -0.837

Epoch 2, Batch 2460 | Acc: 0.7188 | PosAcc: 0.7456 | NegAcc: 0.6920
len(easy_positives): 6960 , len(easy_negatives): 8395
len(hard_positives): 801 , len(hard_negatives): 1155

CUM Mean pos prob: 0.633, Mean neg prob: 0.372
CUM Mean pos logit: 0.683, Mean neg logit: -0.836

Epoch 2, Batch 2480 | Acc: 0.7190 | PosAcc: 0.7457 | NegAcc: 0.6924
len(easy_positives): 7028 , len(easy_negatives): 8472
len(hard_positives): 811 , len(hard_negatives): 1165

CUM Mean pos prob: 0.633, Mean neg prob: 0.371
CUM Mean pos logit: 0.684, Mean neg logit: -0.838

Epoch 2, Batch 2500 | Acc: 0.7191 | PosAcc: 0.7458 | NegAcc: 0.6923
len(easy_positives): 7095 , len(easy_negatives): 8545
len(hard_positives): 816 , len(hard_negatives): 1173

CUM Mean pos prob: 0.633, Mean neg prob: 0.371
CUM Mean pos logit: 0.686, Mean neg logit: -0.839

Epoch 2, Batch 2520 | Acc: 0.7190 | PosAcc: 0.7452 | NegAcc: 0.6929
len(easy_positives): 7138 , len(easy_negatives): 8647
len(hard_positives): 833 , len(hard_negatives): 1182

CUM Mean pos prob: 0.633, Mean neg prob: 0.371
CUM Mean pos logit: 0.684, Mean neg logit: -0.844

Epoch 2, Batch 2540 | Acc: 0.7192 | PosAcc: 0.7460 | NegAcc: 0.6924
len(easy_positives): 7233 , len(easy_negatives): 8692
len(hard_positives): 836 , len(hard_negatives): 1193

CUM Mean pos prob: 0.634, Mean neg prob: 0.371
CUM Mean pos logit: 0.688, Mean neg logit: -0.842

Epoch 2, Batch 2560 | Acc: 0.7194 | PosAcc: 0.7461 | NegAcc: 0.6927
len(easy_positives): 7310 , len(easy_negatives): 8767
len(hard_positives): 842 , len(hard_negatives): 1203

CUM Mean pos prob: 0.634, Mean neg prob: 0.371
CUM Mean pos logit: 0.689, Mean neg logit: -0.843

Epoch 2, Batch 2580 | Acc: 0.7194 | PosAcc: 0.7467 | NegAcc: 0.6922
len(easy_positives): 7402 , len(easy_negatives): 8832
len(hard_positives): 848 , len(hard_negatives): 1219

CUM Mean pos prob: 0.634, Mean neg prob: 0.371
CUM Mean pos logit: 0.692, Mean neg logit: -0.842

Epoch 2, Batch 2600 | Acc: 0.7195 | PosAcc: 0.7464 | NegAcc: 0.6926
len(easy_positives): 7466 , len(easy_negatives): 8925
len(hard_positives): 859 , len(hard_negatives): 1231

CUM Mean pos prob: 0.634, Mean neg prob: 0.371
CUM Mean pos logit: 0.692, Mean neg logit: -0.845

Epoch 2, Batch 2620 | Acc: 0.7196 | PosAcc: 0.7467 | NegAcc: 0.6924
len(easy_positives): 7540 , len(easy_negatives): 8986
len(hard_positives): 862 , len(hard_negatives): 1242

CUM Mean pos prob: 0.635, Mean neg prob: 0.371
CUM Mean pos logit: 0.693, Mean neg logit: -0.845

Epoch 2, Batch 2640 | Acc: 0.7195 | PosAcc: 0.7465 | NegAcc: 0.6925
len(easy_positives): 7593 , len(easy_negatives): 9069
len(hard_positives): 867 , len(hard_negatives): 1253

CUM Mean pos prob: 0.634, Mean neg prob: 0.371
CUM Mean pos logit: 0.693, Mean neg logit: -0.846

Epoch 2, Batch 2660 | Acc: 0.7195 | PosAcc: 0.7463 | NegAcc: 0.6927
len(easy_positives): 7663 , len(easy_negatives): 9140
len(hard_positives): 876 , len(hard_negatives): 1262

CUM Mean pos prob: 0.635, Mean neg prob: 0.371
CUM Mean pos logit: 0.693, Mean neg logit: -0.847

Epoch 2, Batch 2680 | Acc: 0.7196 | PosAcc: 0.7471 | NegAcc: 0.6921
len(easy_positives): 7756 , len(easy_negatives): 9193
len(hard_positives): 879 , len(hard_negatives): 1278

CUM Mean pos prob: 0.635, Mean neg prob: 0.371
CUM Mean pos logit: 0.696, Mean neg logit: -0.845

Epoch 2, Batch 2700 | Acc: 0.7199 | PosAcc: 0.7471 | NegAcc: 0.6926
len(easy_positives): 7817 , len(easy_negatives): 9266
len(hard_positives): 886 , len(hard_negatives): 1282

CUM Mean pos prob: 0.635, Mean neg prob: 0.371
CUM Mean pos logit: 0.696, Mean neg logit: -0.846

Epoch 2, Batch 2720 | Acc: 0.7199 | PosAcc: 0.7474 | NegAcc: 0.6924
len(easy_positives): 7893 , len(easy_negatives): 9351
len(hard_positives): 893 , len(hard_negatives): 1291

CUM Mean pos prob: 0.635, Mean neg prob: 0.371
CUM Mean pos logit: 0.698, Mean neg logit: -0.847

Epoch 2, Batch 2740 | Acc: 0.7201 | PosAcc: 0.7477 | NegAcc: 0.6925
len(easy_positives): 7962 , len(easy_negatives): 9435
len(hard_positives): 898 , len(hard_negatives): 1298

CUM Mean pos prob: 0.636, Mean neg prob: 0.371
CUM Mean pos logit: 0.699, Mean neg logit: -0.849

Epoch 2, Batch 2760 | Acc: 0.7203 | PosAcc: 0.7480 | NegAcc: 0.6924
len(easy_positives): 8062 , len(easy_negatives): 9499
len(hard_positives): 902 , len(hard_negatives): 1312

CUM Mean pos prob: 0.636, Mean neg prob: 0.371
CUM Mean pos logit: 0.703, Mean neg logit: -0.849

Epoch 2, Batch 2780 | Acc: 0.7203 | PosAcc: 0.7477 | NegAcc: 0.6928
len(easy_positives): 8119 , len(easy_negatives): 9599
len(hard_positives): 912 , len(hard_negatives): 1318

CUM Mean pos prob: 0.636, Mean neg prob: 0.370
CUM Mean pos logit: 0.703, Mean neg logit: -0.853

Epoch 2, Batch 2800 | Acc: 0.7206 | PosAcc: 0.7479 | NegAcc: 0.6933
len(easy_positives): 8178 , len(easy_negatives): 9694
len(hard_positives): 917 , len(hard_negatives): 1329

CUM Mean pos prob: 0.636, Mean neg prob: 0.370
CUM Mean pos logit: 0.703, Mean neg logit: -0.856

Epoch 2, Batch 2820 | Acc: 0.7208 | PosAcc: 0.7477 | NegAcc: 0.6939
len(easy_positives): 8214 , len(easy_negatives): 9799
len(hard_positives): 927 , len(hard_negatives): 1335

CUM Mean pos prob: 0.636, Mean neg prob: 0.369
CUM Mean pos logit: 0.702, Mean neg logit: -0.860

Epoch 2, Batch 2840 | Acc: 0.7208 | PosAcc: 0.7477 | NegAcc: 0.6940
len(easy_positives): 8285 , len(easy_negatives): 9881
len(hard_positives): 937 , len(hard_negatives): 1344

CUM Mean pos prob: 0.636, Mean neg prob: 0.369
CUM Mean pos logit: 0.703, Mean neg logit: -0.863

Epoch 2, Batch 2860 | Acc: 0.7209 | PosAcc: 0.7476 | NegAcc: 0.6942
len(easy_positives): 8353 , len(easy_negatives): 9982
len(hard_positives): 947 , len(hard_negatives): 1359

CUM Mean pos prob: 0.636, Mean neg prob: 0.369
CUM Mean pos logit: 0.704, Mean neg logit: -0.865

Epoch 2, Batch 2880 | Acc: 0.7208 | PosAcc: 0.7474 | NegAcc: 0.6941
len(easy_positives): 8414 , len(easy_negatives): 10058
len(hard_positives): 954 , len(hard_negatives): 1368

CUM Mean pos prob: 0.636, Mean neg prob: 0.369
CUM Mean pos logit: 0.704, Mean neg logit: -0.866

Epoch 2, Batch 2900 | Acc: 0.7210 | PosAcc: 0.7473 | NegAcc: 0.6948
len(easy_positives): 8459 , len(easy_negatives): 10147
len(hard_positives): 968 , len(hard_negatives): 1377

CUM Mean pos prob: 0.636, Mean neg prob: 0.369
CUM Mean pos logit: 0.703, Mean neg logit: -0.868

Epoch 2, Batch 2920 | Acc: 0.7212 | PosAcc: 0.7473 | NegAcc: 0.6952
len(easy_positives): 8515 , len(easy_negatives): 10226
len(hard_positives): 969 , len(hard_negatives): 1383

CUM Mean pos prob: 0.636, Mean neg prob: 0.369
CUM Mean pos logit: 0.703, Mean neg logit: -0.869

Epoch 2, Batch 2940 | Acc: 0.7213 | PosAcc: 0.7470 | NegAcc: 0.6956
len(easy_positives): 8574 , len(easy_negatives): 10327
len(hard_positives): 978 , len(hard_negatives): 1394

CUM Mean pos prob: 0.636, Mean neg prob: 0.368
CUM Mean pos logit: 0.703, Mean neg logit: -0.872

Epoch 2, Batch 2960 | Acc: 0.7214 | PosAcc: 0.7471 | NegAcc: 0.6958
len(easy_positives): 8644 , len(easy_negatives): 10411
len(hard_positives): 984 , len(hard_negatives): 1401

CUM Mean pos prob: 0.636, Mean neg prob: 0.368
CUM Mean pos logit: 0.703, Mean neg logit: -0.876

Epoch 2, Batch 2980 | Acc: 0.7214 | PosAcc: 0.7473 | NegAcc: 0.6956
len(easy_positives): 8710 , len(easy_negatives): 10489
len(hard_positives): 988 , len(hard_negatives): 1412

CUM Mean pos prob: 0.636, Mean neg prob: 0.368
CUM Mean pos logit: 0.704, Mean neg logit: -0.876

Epoch 2, Batch 3000 | Acc: 0.7217 | PosAcc: 0.7477 | NegAcc: 0.6958
len(easy_positives): 8794 , len(easy_negatives): 10569
len(hard_positives): 991 , len(hard_negatives): 1420

CUM Mean pos prob: 0.636, Mean neg prob: 0.368
CUM Mean pos logit: 0.706, Mean neg logit: -0.878

Epoch 2, Batch 3020 | Acc: 0.7217 | PosAcc: 0.7477 | NegAcc: 0.6958
len(easy_positives): 8847 , len(easy_negatives): 10653
len(hard_positives): 997 , len(hard_negatives): 1432

CUM Mean pos prob: 0.636, Mean neg prob: 0.368
CUM Mean pos logit: 0.706, Mean neg logit: -0.880

Epoch 2, Batch 3040 | Acc: 0.7219 | PosAcc: 0.7478 | NegAcc: 0.6960
len(easy_positives): 8916 , len(easy_negatives): 10755
len(hard_positives): 1004 , len(hard_negatives): 1446

CUM Mean pos prob: 0.636, Mean neg prob: 0.367
CUM Mean pos logit: 0.707, Mean neg logit: -0.883

Epoch 2, Batch 3060 | Acc: 0.7219 | PosAcc: 0.7484 | NegAcc: 0.6956
len(easy_positives): 8993 , len(easy_negatives): 10818
len(hard_positives): 1010 , len(hard_negatives): 1461

CUM Mean pos prob: 0.637, Mean neg prob: 0.368
CUM Mean pos logit: 0.709, Mean neg logit: -0.883

Epoch 2, Batch 3080 | Acc: 0.7221 | PosAcc: 0.7485 | NegAcc: 0.6957
len(easy_positives): 9043 , len(easy_negatives): 10890
len(hard_positives): 1015 , len(hard_negatives): 1469

CUM Mean pos prob: 0.637, Mean neg prob: 0.367
CUM Mean pos logit: 0.709, Mean neg logit: -0.884

Epoch 2, Batch 3100 | Acc: 0.7222 | PosAcc: 0.7486 | NegAcc: 0.6958
len(easy_positives): 9110 , len(easy_negatives): 10965
len(hard_positives): 1021 , len(hard_negatives): 1477

CUM Mean pos prob: 0.637, Mean neg prob: 0.367
CUM Mean pos logit: 0.710, Mean neg logit: -0.885

Epoch 2, Batch 3120 | Acc: 0.7221 | PosAcc: 0.7483 | NegAcc: 0.6959
len(easy_positives): 9148 , len(easy_negatives): 11047
len(hard_positives): 1030 , len(hard_negatives): 1489

CUM Mean pos prob: 0.637, Mean neg prob: 0.367
CUM Mean pos logit: 0.709, Mean neg logit: -0.885

Epoch 2, Batch 3140 | Acc: 0.7223 | PosAcc: 0.7484 | NegAcc: 0.6962
len(easy_positives): 9228 , len(easy_negatives): 11132
len(hard_positives): 1039 , len(hard_negatives): 1502

CUM Mean pos prob: 0.637, Mean neg prob: 0.367
CUM Mean pos logit: 0.710, Mean neg logit: -0.886

Epoch 2, Batch 3160 | Acc: 0.7223 | PosAcc: 0.7482 | NegAcc: 0.6964
len(easy_positives): 9287 , len(easy_negatives): 11224
len(hard_positives): 1044 , len(hard_negatives): 1512

CUM Mean pos prob: 0.637, Mean neg prob: 0.367
CUM Mean pos logit: 0.710, Mean neg logit: -0.887

Epoch 2, Batch 3180 | Acc: 0.7224 | PosAcc: 0.7484 | NegAcc: 0.6964
len(easy_positives): 9356 , len(easy_negatives): 11301
len(hard_positives): 1050 , len(hard_negatives): 1521

CUM Mean pos prob: 0.637, Mean neg prob: 0.367
CUM Mean pos logit: 0.710, Mean neg logit: -0.888

Epoch 2, Batch 3200 | Acc: 0.7223 | PosAcc: 0.7483 | NegAcc: 0.6964
len(easy_positives): 9405 , len(easy_negatives): 11382
len(hard_positives): 1057 , len(hard_negatives): 1526

CUM Mean pos prob: 0.637, Mean neg prob: 0.367
CUM Mean pos logit: 0.710, Mean neg logit: -0.889

Epoch 2, Batch 3220 | Acc: 0.7223 | PosAcc: 0.7483 | NegAcc: 0.6963
len(easy_positives): 9462 , len(easy_negatives): 11465
len(hard_positives): 1066 , len(hard_negatives): 1535

CUM Mean pos prob: 0.637, Mean neg prob: 0.367
CUM Mean pos logit: 0.710, Mean neg logit: -0.891

Epoch 2, Batch 3240 | Acc: 0.7224 | PosAcc: 0.7484 | NegAcc: 0.6965
len(easy_positives): 9540 , len(easy_negatives): 11562
len(hard_positives): 1072 , len(hard_negatives): 1547

CUM Mean pos prob: 0.637, Mean neg prob: 0.367
CUM Mean pos logit: 0.711, Mean neg logit: -0.894

Epoch 2, Batch 3260 | Acc: 0.7225 | PosAcc: 0.7486 | NegAcc: 0.6965
len(easy_positives): 9601 , len(easy_negatives): 11647
len(hard_positives): 1084 , len(hard_negatives): 1562

CUM Mean pos prob: 0.637, Mean neg prob: 0.366
CUM Mean pos logit: 0.711, Mean neg logit: -0.895

Epoch 2, Batch 3280 | Acc: 0.7226 | PosAcc: 0.7485 | NegAcc: 0.6968
len(easy_positives): 9655 , len(easy_negatives): 11732
len(hard_positives): 1090 , len(hard_negatives): 1569

CUM Mean pos prob: 0.637, Mean neg prob: 0.366
CUM Mean pos logit: 0.711, Mean neg logit: -0.897

Epoch 2, Batch 3300 | Acc: 0.7226 | PosAcc: 0.7488 | NegAcc: 0.6965
len(easy_positives): 9732 , len(easy_negatives): 11809
len(hard_positives): 1097 , len(hard_negatives): 1579

CUM Mean pos prob: 0.637, Mean neg prob: 0.366
CUM Mean pos logit: 0.713, Mean neg logit: -0.898

Epoch 2, Batch 3320 | Acc: 0.7227 | PosAcc: 0.7488 | NegAcc: 0.6966
len(easy_positives): 9791 , len(easy_negatives): 11887
len(hard_positives): 1107 , len(hard_negatives): 1590

CUM Mean pos prob: 0.637, Mean neg prob: 0.366
CUM Mean pos logit: 0.713, Mean neg logit: -0.899

Epoch 2, Batch 3340 | Acc: 0.7227 | PosAcc: 0.7489 | NegAcc: 0.6966
len(easy_positives): 9840 , len(easy_negatives): 11987
len(hard_positives): 1115 , len(hard_negatives): 1600

CUM Mean pos prob: 0.637, Mean neg prob: 0.366
CUM Mean pos logit: 0.713, Mean neg logit: -0.901

Epoch 2, Batch 3360 | Acc: 0.7227 | PosAcc: 0.7492 | NegAcc: 0.6964
len(easy_positives): 9922 , len(easy_negatives): 12048
len(hard_positives): 1118 , len(hard_negatives): 1610

CUM Mean pos prob: 0.637, Mean neg prob: 0.366
CUM Mean pos logit: 0.714, Mean neg logit: -0.900

Epoch 2, Batch 3380 | Acc: 0.7229 | PosAcc: 0.7489 | NegAcc: 0.6970
len(easy_positives): 9974 , len(easy_negatives): 12151
len(hard_positives): 1122 , len(hard_negatives): 1611

CUM Mean pos prob: 0.637, Mean neg prob: 0.366
CUM Mean pos logit: 0.714, Mean neg logit: -0.903

Epoch 2, Batch 3400 | Acc: 0.7230 | PosAcc: 0.7489 | NegAcc: 0.6972
len(easy_positives): 10031 , len(easy_negatives): 12255
len(hard_positives): 1135 , len(hard_negatives): 1619

CUM Mean pos prob: 0.637, Mean neg prob: 0.365
CUM Mean pos logit: 0.713, Mean neg logit: -0.905

Epoch 2, Batch 3420 | Acc: 0.7231 | PosAcc: 0.7491 | NegAcc: 0.6972
len(easy_positives): 10107 , len(easy_negatives): 12336
len(hard_positives): 1142 , len(hard_negatives): 1630

CUM Mean pos prob: 0.637, Mean neg prob: 0.365
CUM Mean pos logit: 0.714, Mean neg logit: -0.907

Epoch 2, Batch 3440 | Acc: 0.7233 | PosAcc: 0.7494 | NegAcc: 0.6974
len(easy_positives): 10183 , len(easy_negatives): 12415
len(hard_positives): 1149 , len(hard_negatives): 1640

CUM Mean pos prob: 0.638, Mean neg prob: 0.365
CUM Mean pos logit: 0.715, Mean neg logit: -0.909

Epoch 2, Batch 3460 | Acc: 0.7234 | PosAcc: 0.7497 | NegAcc: 0.6974
len(easy_positives): 10257 , len(easy_negatives): 12488
len(hard_positives): 1153 , len(hard_negatives): 1653

CUM Mean pos prob: 0.638, Mean neg prob: 0.365
CUM Mean pos logit: 0.716, Mean neg logit: -0.909

Epoch 2, Batch 3480 | Acc: 0.7237 | PosAcc: 0.7500 | NegAcc: 0.6975
len(easy_positives): 10335 , len(easy_negatives): 12574
len(hard_positives): 1156 , len(hard_negatives): 1659

CUM Mean pos prob: 0.638, Mean neg prob: 0.365
CUM Mean pos logit: 0.718, Mean neg logit: -0.911

Epoch 2, Batch 3500 | Acc: 0.7237 | PosAcc: 0.7502 | NegAcc: 0.6974
len(easy_positives): 10418 , len(easy_negatives): 12643
len(hard_positives): 1166 , len(hard_negatives): 1671

CUM Mean pos prob: 0.638, Mean neg prob: 0.365
CUM Mean pos logit: 0.719, Mean neg logit: -0.911

Epoch 2, Batch 3520 | Acc: 0.7239 | PosAcc: 0.7503 | NegAcc: 0.6975
len(easy_positives): 10486 , len(easy_negatives): 12712
len(hard_positives): 1173 , len(hard_negatives): 1675

CUM Mean pos prob: 0.638, Mean neg prob: 0.365
CUM Mean pos logit: 0.719, Mean neg logit: -0.912

Epoch 2, Batch 3540 | Acc: 0.7238 | PosAcc: 0.7502 | NegAcc: 0.6974
len(easy_positives): 10551 , len(easy_negatives): 12785
len(hard_positives): 1177 , len(hard_negatives): 1687

CUM Mean pos prob: 0.638, Mean neg prob: 0.365
CUM Mean pos logit: 0.720, Mean neg logit: -0.913

Epoch 2, Batch 3560 | Acc: 0.7239 | PosAcc: 0.7506 | NegAcc: 0.6973
len(easy_positives): 10623 , len(easy_negatives): 12858
len(hard_positives): 1182 , len(hard_negatives): 1695

CUM Mean pos prob: 0.639, Mean neg prob: 0.365
CUM Mean pos logit: 0.721, Mean neg logit: -0.914

Epoch 2, Batch 3580 | Acc: 0.7239 | PosAcc: 0.7508 | NegAcc: 0.6971
len(easy_positives): 10709 , len(easy_negatives): 12923
len(hard_positives): 1186 , len(hard_negatives): 1711

CUM Mean pos prob: 0.639, Mean neg prob: 0.365
CUM Mean pos logit: 0.722, Mean neg logit: -0.914

Epoch 2, Batch 3600 | Acc: 0.7241 | PosAcc: 0.7506 | NegAcc: 0.6977
len(easy_positives): 10771 , len(easy_negatives): 13015
len(hard_positives): 1193 , len(hard_negatives): 1716

CUM Mean pos prob: 0.639, Mean neg prob: 0.365
CUM Mean pos logit: 0.721, Mean neg logit: -0.916

Epoch 2, Batch 3620 | Acc: 0.7241 | PosAcc: 0.7507 | NegAcc: 0.6976
len(easy_positives): 10854 , len(easy_negatives): 13100
len(hard_positives): 1196 , len(hard_negatives): 1721

CUM Mean pos prob: 0.639, Mean neg prob: 0.365
CUM Mean pos logit: 0.723, Mean neg logit: -0.917

Epoch 2, Batch 3640 | Acc: 0.7242 | PosAcc: 0.7507 | NegAcc: 0.6978
len(easy_positives): 10931 , len(easy_negatives): 13200
len(hard_positives): 1203 , len(hard_negatives): 1736

CUM Mean pos prob: 0.639, Mean neg prob: 0.365
CUM Mean pos logit: 0.723, Mean neg logit: -0.919

Epoch 2, Batch 3660 | Acc: 0.7239 | PosAcc: 0.7507 | NegAcc: 0.6973
len(easy_positives): 11028 , len(easy_negatives): 13262
len(hard_positives): 1209 , len(hard_negatives): 1760

CUM Mean pos prob: 0.639, Mean neg prob: 0.365
CUM Mean pos logit: 0.725, Mean neg logit: -0.918

Epoch 2, Batch 3680 | Acc: 0.7240 | PosAcc: 0.7507 | NegAcc: 0.6975
len(easy_positives): 11095 , len(easy_negatives): 13348
len(hard_positives): 1213 , len(hard_negatives): 1770

CUM Mean pos prob: 0.639, Mean neg prob: 0.365
CUM Mean pos logit: 0.725, Mean neg logit: -0.920

Epoch 2, Batch 3700 | Acc: 0.7240 | PosAcc: 0.7506 | NegAcc: 0.6974
len(easy_positives): 11164 , len(easy_negatives): 13425
len(hard_positives): 1219 , len(hard_negatives): 1780

CUM Mean pos prob: 0.639, Mean neg prob: 0.365
CUM Mean pos logit: 0.726, Mean neg logit: -0.920

Epoch 2, Batch 3720 | Acc: 0.7241 | PosAcc: 0.7511 | NegAcc: 0.6972
len(easy_positives): 11242 , len(easy_negatives): 13498
len(hard_positives): 1223 , len(hard_negatives): 1789

CUM Mean pos prob: 0.639, Mean neg prob: 0.365
CUM Mean pos logit: 0.726, Mean neg logit: -0.920

Epoch 2, Batch 3740 | Acc: 0.7242 | PosAcc: 0.7512 | NegAcc: 0.6973
len(easy_positives): 11318 , len(easy_negatives): 13580
len(hard_positives): 1228 , len(hard_negatives): 1800

CUM Mean pos prob: 0.639, Mean neg prob: 0.365
CUM Mean pos logit: 0.727, Mean neg logit: -0.921

Epoch 2, Batch 3760 | Acc: 0.7244 | PosAcc: 0.7513 | NegAcc: 0.6975
len(easy_positives): 11385 , len(easy_negatives): 13664
len(hard_positives): 1234 , len(hard_negatives): 1816

CUM Mean pos prob: 0.640, Mean neg prob: 0.364
CUM Mean pos logit: 0.728, Mean neg logit: -0.923

Epoch 2, Batch 3780 | Acc: 0.7244 | PosAcc: 0.7515 | NegAcc: 0.6973
len(easy_positives): 11447 , len(easy_negatives): 13746
len(hard_positives): 1240 , len(hard_negatives): 1822

CUM Mean pos prob: 0.640, Mean neg prob: 0.364
CUM Mean pos logit: 0.728, Mean neg logit: -0.924

Epoch 2, Batch 3800 | Acc: 0.7247 | PosAcc: 0.7521 | NegAcc: 0.6973
len(easy_positives): 11513 , len(easy_negatives): 13818
len(hard_positives): 1244 , len(hard_negatives): 1835

CUM Mean pos prob: 0.640, Mean neg prob: 0.364
CUM Mean pos logit: 0.729, Mean neg logit: -0.925

Epoch 2, Batch 3820 | Acc: 0.7247 | PosAcc: 0.7521 | NegAcc: 0.6973
len(easy_positives): 11584 , len(easy_negatives): 13896
len(hard_positives): 1249 , len(hard_negatives): 1844

CUM Mean pos prob: 0.640, Mean neg prob: 0.364
CUM Mean pos logit: 0.730, Mean neg logit: -0.926

Epoch 2, Batch 3840 | Acc: 0.7248 | PosAcc: 0.7526 | NegAcc: 0.6971
len(easy_positives): 11664 , len(easy_negatives): 13968
len(hard_positives): 1254 , len(hard_negatives): 1864

CUM Mean pos prob: 0.640, Mean neg prob: 0.364
CUM Mean pos logit: 0.731, Mean neg logit: -0.926

Epoch 2, Batch 3860 | Acc: 0.7248 | PosAcc: 0.7525 | NegAcc: 0.6972
len(easy_positives): 11725 , len(easy_negatives): 14048
len(hard_positives): 1267 , len(hard_negatives): 1874

CUM Mean pos prob: 0.640, Mean neg prob: 0.364
CUM Mean pos logit: 0.731, Mean neg logit: -0.927

Epoch 2, Batch 3880 | Acc: 0.7249 | PosAcc: 0.7526 | NegAcc: 0.6971
len(easy_positives): 11794 , len(easy_negatives): 14126
len(hard_positives): 1271 , len(hard_negatives): 1883

CUM Mean pos prob: 0.640, Mean neg prob: 0.364
CUM Mean pos logit: 0.731, Mean neg logit: -0.928

Epoch 2, Batch 3900 | Acc: 0.7249 | PosAcc: 0.7527 | NegAcc: 0.6971
len(easy_positives): 11859 , len(easy_negatives): 14220
len(hard_positives): 1278 , len(hard_negatives): 1891

CUM Mean pos prob: 0.640, Mean neg prob: 0.364
CUM Mean pos logit: 0.731, Mean neg logit: -0.929

Epoch 2, Batch 3920 | Acc: 0.7249 | PosAcc: 0.7530 | NegAcc: 0.6968
len(easy_positives): 11932 , len(easy_negatives): 14298
len(hard_positives): 1282 , len(hard_negatives): 1903

CUM Mean pos prob: 0.641, Mean neg prob: 0.364
CUM Mean pos logit: 0.732, Mean neg logit: -0.929

Epoch 2, Batch 3940 | Acc: 0.7251 | PosAcc: 0.7532 | NegAcc: 0.6971
len(easy_positives): 11997 , len(easy_negatives): 14389
len(hard_positives): 1287 , len(hard_negatives): 1906

CUM Mean pos prob: 0.641, Mean neg prob: 0.364
CUM Mean pos logit: 0.732, Mean neg logit: -0.931

Epoch 2, Batch 3960 | Acc: 0.7253 | PosAcc: 0.7534 | NegAcc: 0.6974
len(easy_positives): 12071 , len(easy_negatives): 14477
len(hard_positives): 1292 , len(hard_negatives): 1914

CUM Mean pos prob: 0.641, Mean neg prob: 0.364
CUM Mean pos logit: 0.733, Mean neg logit: -0.933

Epoch 2, Batch 3980 | Acc: 0.7255 | PosAcc: 0.7536 | NegAcc: 0.6974
len(easy_positives): 12163 , len(easy_negatives): 14571
len(hard_positives): 1301 , len(hard_negatives): 1928

CUM Mean pos prob: 0.641, Mean neg prob: 0.364
CUM Mean pos logit: 0.735, Mean neg logit: -0.936

Epoch 2, Batch 4000 | Acc: 0.7256 | PosAcc: 0.7538 | NegAcc: 0.6973
len(easy_positives): 12248 , len(easy_negatives): 14662
len(hard_positives): 1308 , len(hard_negatives): 1949

CUM Mean pos prob: 0.641, Mean neg prob: 0.364
CUM Mean pos logit: 0.736, Mean neg logit: -0.937

Epoch 2, Batch 4020 | Acc: 0.7255 | PosAcc: 0.7539 | NegAcc: 0.6972
len(easy_positives): 12321 , len(easy_negatives): 14739
len(hard_positives): 1321 , len(hard_negatives): 1964

CUM Mean pos prob: 0.641, Mean neg prob: 0.364
CUM Mean pos logit: 0.736, Mean neg logit: -0.938

Epoch 2, Batch 4040 | Acc: 0.7255 | PosAcc: 0.7538 | NegAcc: 0.6973
len(easy_positives): 12374 , len(easy_negatives): 14837
len(hard_positives): 1327 , len(hard_negatives): 1971

CUM Mean pos prob: 0.641, Mean neg prob: 0.364
CUM Mean pos logit: 0.736, Mean neg logit: -0.939

Epoch 2, Batch 4060 | Acc: 0.7255 | PosAcc: 0.7538 | NegAcc: 0.6972
len(easy_positives): 12429 , len(easy_negatives): 14910
len(hard_positives): 1331 , len(hard_negatives): 1979

CUM Mean pos prob: 0.641, Mean neg prob: 0.364
CUM Mean pos logit: 0.736, Mean neg logit: -0.940

Epoch 2, Batch 4080 | Acc: 0.7257 | PosAcc: 0.7541 | NegAcc: 0.6973
len(easy_positives): 12493 , len(easy_negatives): 14992
len(hard_positives): 1339 , len(hard_negatives): 1985

CUM Mean pos prob: 0.641, Mean neg prob: 0.363
CUM Mean pos logit: 0.736, Mean neg logit: -0.940

Epoch 2, Batch 4100 | Acc: 0.7259 | PosAcc: 0.7543 | NegAcc: 0.6976
len(easy_positives): 12570 , len(easy_negatives): 15089
len(hard_positives): 1346 , len(hard_negatives): 1999

CUM Mean pos prob: 0.641, Mean neg prob: 0.363
CUM Mean pos logit: 0.737, Mean neg logit: -0.944

Epoch 2, Batch 4120 | Acc: 0.7262 | PosAcc: 0.7547 | NegAcc: 0.6977
len(easy_positives): 12643 , len(easy_negatives): 15189
len(hard_positives): 1353 , len(hard_negatives): 2012

CUM Mean pos prob: 0.642, Mean neg prob: 0.363
CUM Mean pos logit: 0.738, Mean neg logit: -0.946

Epoch 2, Batch 4140 | Acc: 0.7261 | PosAcc: 0.7545 | NegAcc: 0.6978
len(easy_positives): 12721 , len(easy_negatives): 15265
len(hard_positives): 1367 , len(hard_negatives): 2025

CUM Mean pos prob: 0.641, Mean neg prob: 0.363
CUM Mean pos logit: 0.738, Mean neg logit: -0.947

Epoch 2, Batch 4160 | Acc: 0.7260 | PosAcc: 0.7546 | NegAcc: 0.6975
len(easy_positives): 12800 , len(easy_negatives): 15343
len(hard_positives): 1374 , len(hard_negatives): 2041

CUM Mean pos prob: 0.642, Mean neg prob: 0.363
CUM Mean pos logit: 0.738, Mean neg logit: -0.947

Epoch 2, Batch 4180 | Acc: 0.7263 | PosAcc: 0.7549 | NegAcc: 0.6977
len(easy_positives): 12876 , len(easy_negatives): 15422
len(hard_positives): 1380 , len(hard_negatives): 2046

CUM Mean pos prob: 0.642, Mean neg prob: 0.363
CUM Mean pos logit: 0.739, Mean neg logit: -0.948

Epoch 2, Batch 4200 | Acc: 0.7262 | PosAcc: 0.7548 | NegAcc: 0.6977
len(easy_positives): 12945 , len(easy_negatives): 15515
len(hard_positives): 1385 , len(hard_negatives): 2060

CUM Mean pos prob: 0.642, Mean neg prob: 0.363
CUM Mean pos logit: 0.740, Mean neg logit: -0.949

Epoch 2, Batch 4220 | Acc: 0.7263 | PosAcc: 0.7547 | NegAcc: 0.6980
len(easy_positives): 13018 , len(easy_negatives): 15612
len(hard_positives): 1393 , len(hard_negatives): 2066

CUM Mean pos prob: 0.642, Mean neg prob: 0.363
CUM Mean pos logit: 0.740, Mean neg logit: -0.951

Epoch 2, Batch 4240 | Acc: 0.7264 | PosAcc: 0.7549 | NegAcc: 0.6978
len(easy_positives): 13106 , len(easy_negatives): 15688
len(hard_positives): 1400 , len(hard_negatives): 2076

CUM Mean pos prob: 0.642, Mean neg prob: 0.363
CUM Mean pos logit: 0.741, Mean neg logit: -0.950

Epoch 2, Batch 4260 | Acc: 0.7266 | PosAcc: 0.7553 | NegAcc: 0.6980
len(easy_positives): 13208 , len(easy_negatives): 15767
len(hard_positives): 1403 , len(hard_negatives): 2089

CUM Mean pos prob: 0.642, Mean neg prob: 0.363
CUM Mean pos logit: 0.743, Mean neg logit: -0.951

Epoch 2, Batch 4280 | Acc: 0.7268 | PosAcc: 0.7553 | NegAcc: 0.6982
len(easy_positives): 13273 , len(easy_negatives): 15856
len(hard_positives): 1413 , len(hard_negatives): 2102

CUM Mean pos prob: 0.642, Mean neg prob: 0.362
CUM Mean pos logit: 0.743, Mean neg logit: -0.953

Epoch 2, Batch 4300 | Acc: 0.7269 | PosAcc: 0.7555 | NegAcc: 0.6983
len(easy_positives): 13347 , len(easy_negatives): 15938
len(hard_positives): 1418 , len(hard_negatives): 2109

CUM Mean pos prob: 0.643, Mean neg prob: 0.362
CUM Mean pos logit: 0.744, Mean neg logit: -0.954

Epoch 2, Batch 4320 | Acc: 0.7269 | PosAcc: 0.7556 | NegAcc: 0.6982
len(easy_positives): 13427 , len(easy_negatives): 16030
len(hard_positives): 1425 , len(hard_negatives): 2122

CUM Mean pos prob: 0.643, Mean neg prob: 0.362
CUM Mean pos logit: 0.745, Mean neg logit: -0.956

Epoch 2, Batch 4340 | Acc: 0.7269 | PosAcc: 0.7554 | NegAcc: 0.6984
len(easy_positives): 13488 , len(easy_negatives): 16135
len(hard_positives): 1431 , len(hard_negatives): 2133

CUM Mean pos prob: 0.643, Mean neg prob: 0.362
CUM Mean pos logit: 0.744, Mean neg logit: -0.958

Epoch 2, Batch 4360 | Acc: 0.7269 | PosAcc: 0.7554 | NegAcc: 0.6984
len(easy_positives): 13553 , len(easy_negatives): 16219
len(hard_positives): 1442 , len(hard_negatives): 2148

CUM Mean pos prob: 0.643, Mean neg prob: 0.362
CUM Mean pos logit: 0.745, Mean neg logit: -0.959

Epoch 2, Batch 4380 | Acc: 0.7268 | PosAcc: 0.7553 | NegAcc: 0.6984
len(easy_positives): 13623 , len(easy_negatives): 16303
len(hard_positives): 1446 , len(hard_negatives): 2154

CUM Mean pos prob: 0.643, Mean neg prob: 0.362
CUM Mean pos logit: 0.745, Mean neg logit: -0.960

Epoch 2, Batch 4400 | Acc: 0.7269 | PosAcc: 0.7554 | NegAcc: 0.6984
len(easy_positives): 13703 , len(easy_negatives): 16385
len(hard_positives): 1450 , len(hard_negatives): 2165

CUM Mean pos prob: 0.643, Mean neg prob: 0.362
CUM Mean pos logit: 0.746, Mean neg logit: -0.961

Epoch 2, Batch 4420 | Acc: 0.7268 | PosAcc: 0.7555 | NegAcc: 0.6981
len(easy_positives): 13775 , len(easy_negatives): 16457
len(hard_positives): 1454 , len(hard_negatives): 2180

CUM Mean pos prob: 0.643, Mean neg prob: 0.362
CUM Mean pos logit: 0.746, Mean neg logit: -0.961

Epoch 2, Batch 4440 | Acc: 0.7270 | PosAcc: 0.7554 | NegAcc: 0.6985
len(easy_positives): 13834 , len(easy_negatives): 16547
len(hard_positives): 1461 , len(hard_negatives): 2186

CUM Mean pos prob: 0.643, Mean neg prob: 0.362
CUM Mean pos logit: 0.746, Mean neg logit: -0.963

Epoch 2, Batch 4460 | Acc: 0.7269 | PosAcc: 0.7554 | NegAcc: 0.6984
len(easy_positives): 13904 , len(easy_negatives): 16637
len(hard_positives): 1470 , len(hard_negatives): 2197

CUM Mean pos prob: 0.643, Mean neg prob: 0.362
CUM Mean pos logit: 0.746, Mean neg logit: -0.964

Epoch 2, Batch 4480 | Acc: 0.7272 | PosAcc: 0.7558 | NegAcc: 0.6985
len(easy_positives): 13975 , len(easy_negatives): 16707
len(hard_positives): 1475 , len(hard_negatives): 2206

CUM Mean pos prob: 0.643, Mean neg prob: 0.362
CUM Mean pos logit: 0.747, Mean neg logit: -0.965

Epoch 2, Batch 4500 | Acc: 0.7272 | PosAcc: 0.7557 | NegAcc: 0.6988
len(easy_positives): 14038 , len(easy_negatives): 16787
len(hard_positives): 1493 , len(hard_negatives): 2213

CUM Mean pos prob: 0.643, Mean neg prob: 0.362
CUM Mean pos logit: 0.746, Mean neg logit: -0.966

Epoch 2, Batch 4520 | Acc: 0.7272 | PosAcc: 0.7562 | NegAcc: 0.6982
len(easy_positives): 14130 , len(easy_negatives): 16849
len(hard_positives): 1493 , len(hard_negatives): 2231

CUM Mean pos prob: 0.643, Mean neg prob: 0.362
CUM Mean pos logit: 0.748, Mean neg logit: -0.965

Epoch 2, Batch 4540 | Acc: 0.7272 | PosAcc: 0.7561 | NegAcc: 0.6984
len(easy_positives): 14192 , len(easy_negatives): 16931
len(hard_positives): 1499 , len(hard_negatives): 2233

CUM Mean pos prob: 0.643, Mean neg prob: 0.362
CUM Mean pos logit: 0.748, Mean neg logit: -0.966

Epoch 2, Batch 4560 | Acc: 0.7273 | PosAcc: 0.7559 | NegAcc: 0.6987
len(easy_positives): 14251 , len(easy_negatives): 17039
len(hard_positives): 1509 , len(hard_negatives): 2240

CUM Mean pos prob: 0.643, Mean neg prob: 0.362
CUM Mean pos logit: 0.747, Mean neg logit: -0.968

Epoch 2, Batch 4580 | Acc: 0.7274 | PosAcc: 0.7560 | NegAcc: 0.6988
len(easy_positives): 14327 , len(easy_negatives): 17118
len(hard_positives): 1515 , len(hard_negatives): 2245

CUM Mean pos prob: 0.643, Mean neg prob: 0.361
CUM Mean pos logit: 0.748, Mean neg logit: -0.969

Epoch 2, Batch 4600 | Acc: 0.7275 | PosAcc: 0.7561 | NegAcc: 0.6990
len(easy_positives): 14387 , len(easy_negatives): 17215
len(hard_positives): 1522 , len(hard_negatives): 2254

CUM Mean pos prob: 0.643, Mean neg prob: 0.361
CUM Mean pos logit: 0.748, Mean neg logit: -0.970

Epoch 2, Batch 4620 | Acc: 0.7276 | PosAcc: 0.7564 | NegAcc: 0.6988
len(easy_positives): 14478 , len(easy_negatives): 17282
len(hard_positives): 1530 , len(hard_negatives): 2272

CUM Mean pos prob: 0.643, Mean neg prob: 0.361
CUM Mean pos logit: 0.749, Mean neg logit: -0.970

Epoch 2, Batch 4640 | Acc: 0.7275 | PosAcc: 0.7562 | NegAcc: 0.6989
len(easy_positives): 14527 , len(easy_negatives): 17368
len(hard_positives): 1534 , len(hard_negatives): 2277

CUM Mean pos prob: 0.643, Mean neg prob: 0.361
CUM Mean pos logit: 0.748, Mean neg logit: -0.971

Epoch 2, Batch 4660 | Acc: 0.7277 | PosAcc: 0.7564 | NegAcc: 0.6991
len(easy_positives): 14604 , len(easy_negatives): 17456
len(hard_positives): 1538 , len(hard_negatives): 2291

CUM Mean pos prob: 0.643, Mean neg prob: 0.361
CUM Mean pos logit: 0.749, Mean neg logit: -0.973

Epoch 2, Batch 4680 | Acc: 0.7278 | PosAcc: 0.7566 | NegAcc: 0.6990
len(easy_positives): 14684 , len(easy_negatives): 17536
len(hard_positives): 1544 , len(hard_negatives): 2307

CUM Mean pos prob: 0.644, Mean neg prob: 0.361
CUM Mean pos logit: 0.750, Mean neg logit: -0.974

Epoch 2, Batch 4700 | Acc: 0.7280 | PosAcc: 0.7569 | NegAcc: 0.6992
len(easy_positives): 14753 , len(easy_negatives): 17636
len(hard_positives): 1551 , len(hard_negatives): 2318

CUM Mean pos prob: 0.644, Mean neg prob: 0.361
CUM Mean pos logit: 0.751, Mean neg logit: -0.976

Epoch 2, Batch 4720 | Acc: 0.7281 | PosAcc: 0.7569 | NegAcc: 0.6993
len(easy_positives): 14819 , len(easy_negatives): 17739
len(hard_positives): 1555 , len(hard_negatives): 2326

CUM Mean pos prob: 0.644, Mean neg prob: 0.361
CUM Mean pos logit: 0.751, Mean neg logit: -0.977

Epoch 2, Batch 4740 | Acc: 0.7281 | PosAcc: 0.7567 | NegAcc: 0.6996
len(easy_positives): 14885 , len(easy_negatives): 17852
len(hard_positives): 1563 , len(hard_negatives): 2330

CUM Mean pos prob: 0.644, Mean neg prob: 0.361
CUM Mean pos logit: 0.750, Mean neg logit: -0.981

Epoch 2, Batch 4760 | Acc: 0.7284 | PosAcc: 0.7571 | NegAcc: 0.6997
len(easy_positives): 14994 , len(easy_negatives): 17939
len(hard_positives): 1569 , len(hard_negatives): 2344

CUM Mean pos prob: 0.644, Mean neg prob: 0.361
CUM Mean pos logit: 0.753, Mean neg logit: -0.982

Epoch 2, Batch 4780 | Acc: 0.7285 | PosAcc: 0.7575 | NegAcc: 0.6996
len(easy_positives): 15102 , len(easy_negatives): 18015
len(hard_positives): 1577 , len(hard_negatives): 2359

CUM Mean pos prob: 0.644, Mean neg prob: 0.361
CUM Mean pos logit: 0.755, Mean neg logit: -0.984

Epoch 2, Batch 4800 | Acc: 0.7286 | PosAcc: 0.7577 | NegAcc: 0.6995
len(easy_positives): 15194 , len(easy_negatives): 18083
len(hard_positives): 1583 , len(hard_negatives): 2366

CUM Mean pos prob: 0.644, Mean neg prob: 0.361
CUM Mean pos logit: 0.756, Mean neg logit: -0.985

Epoch 2, Batch 4820 | Acc: 0.7287 | PosAcc: 0.7577 | NegAcc: 0.6997
len(easy_positives): 15269 , len(easy_negatives): 18173
len(hard_positives): 1592 , len(hard_negatives): 2374

CUM Mean pos prob: 0.645, Mean neg prob: 0.360
CUM Mean pos logit: 0.756, Mean neg logit: -0.986

Epoch 2, Batch 4840 | Acc: 0.7287 | PosAcc: 0.7577 | NegAcc: 0.6997
len(easy_positives): 15357 , len(easy_negatives): 18276
len(hard_positives): 1600 , len(hard_negatives): 2386

CUM Mean pos prob: 0.645, Mean neg prob: 0.360
CUM Mean pos logit: 0.757, Mean neg logit: -0.989

Epoch 2, Batch 4860 | Acc: 0.7288 | PosAcc: 0.7578 | NegAcc: 0.6997
len(easy_positives): 15426 , len(easy_negatives): 18374
len(hard_positives): 1602 , len(hard_negatives): 2393

CUM Mean pos prob: 0.645, Mean neg prob: 0.360
CUM Mean pos logit: 0.758, Mean neg logit: -0.991

Epoch 2, Batch 4880 | Acc: 0.7290 | PosAcc: 0.7582 | NegAcc: 0.6997
len(easy_positives): 15530 , len(easy_negatives): 18459
len(hard_positives): 1609 , len(hard_negatives): 2406

CUM Mean pos prob: 0.645, Mean neg prob: 0.360
CUM Mean pos logit: 0.759, Mean neg logit: -0.993

Epoch 2, Batch 4900 | Acc: 0.7291 | PosAcc: 0.7586 | NegAcc: 0.6996
len(easy_positives): 15626 , len(easy_negatives): 18548
len(hard_positives): 1616 , len(hard_negatives): 2426

CUM Mean pos prob: 0.645, Mean neg prob: 0.360
CUM Mean pos logit: 0.761, Mean neg logit: -0.994

Epoch 2, Batch 4920 | Acc: 0.7293 | PosAcc: 0.7588 | NegAcc: 0.6999
len(easy_positives): 15719 , len(easy_negatives): 18659
len(hard_positives): 1622 , len(hard_negatives): 2434

CUM Mean pos prob: 0.645, Mean neg prob: 0.360
CUM Mean pos logit: 0.762, Mean neg logit: -0.998

	train_accuracy: 0.7293819655521783
	pos train_accuracy: 0.7587470449172576
	neg train_accuracy: 0.700016886187099
Epoch 2, Batch 20 | Val Acc: 0.7422 | Val PosAcc: 0.7878 | Val NegAcc: 0.6991
len(easy_positives): 101 , len(easy_negatives): 138
len(hard_positives): 8 , len(hard_negatives): 10
CUM Mean pos prob: 0.681, Mean neg prob: 0.323
CUM Mean pos logit: 0.968, Mean neg logit: -1.512

Epoch 2, Batch 40 | Val Acc: 0.7414 | Val PosAcc: 0.7922 | Val NegAcc: 0.6906
len(easy_positives): 214 , len(easy_negatives): 236
len(hard_positives): 27 , len(hard_negatives): 33
CUM Mean pos prob: 0.678, Mean neg prob: 0.347
CUM Mean pos logit: 0.958, Mean neg logit: -1.347

Epoch 2, Batch 60 | Val Acc: 0.7349 | Val PosAcc: 0.7850 | Val NegAcc: 0.6850
len(easy_positives): 328 , len(easy_negatives): 360
len(hard_positives): 38 , len(hard_negatives): 51
CUM Mean pos prob: 0.675, Mean neg prob: 0.349
CUM Mean pos logit: 0.955, Mean neg logit: -1.330

Epoch 2, Batch 80 | Val Acc: 0.7344 | Val PosAcc: 0.7848 | Val NegAcc: 0.6845
len(easy_positives): 430 , len(easy_negatives): 481
len(hard_positives): 50 , len(hard_negatives): 68
CUM Mean pos prob: 0.672, Mean neg prob: 0.348
CUM Mean pos logit: 0.937, Mean neg logit: -1.322

Epoch 2, Batch 100 | Val Acc: 0.7378 | Val PosAcc: 0.7863 | Val NegAcc: 0.6890
len(easy_positives): 546 , len(easy_negatives): 604
len(hard_positives): 63 , len(hard_negatives): 83
CUM Mean pos prob: 0.673, Mean neg prob: 0.344
CUM Mean pos logit: 0.950, Mean neg logit: -1.351

Epoch 2, Batch 120 | Val Acc: 0.7409 | Val PosAcc: 0.7905 | Val NegAcc: 0.6903
len(easy_positives): 656 , len(easy_negatives): 722
len(hard_positives): 69 , len(hard_negatives): 94
CUM Mean pos prob: 0.675, Mean neg prob: 0.342
CUM Mean pos logit: 0.957, Mean neg logit: -1.376

Epoch 2, Batch 140 | Val Acc: 0.7379 | Val PosAcc: 0.7874 | Val NegAcc: 0.6879
len(easy_positives): 766 , len(easy_negatives): 842
len(hard_positives): 82 , len(hard_negatives): 109
CUM Mean pos prob: 0.674, Mean neg prob: 0.343
CUM Mean pos logit: 0.946, Mean neg logit: -1.387

Epoch 2, Batch 160 | Val Acc: 0.7406 | Val PosAcc: 0.7884 | Val NegAcc: 0.6927
len(easy_positives): 863 , len(easy_negatives): 968
len(hard_positives): 90 , len(hard_negatives): 125
CUM Mean pos prob: 0.675, Mean neg prob: 0.343
CUM Mean pos logit: 0.946, Mean neg logit: -1.356

Epoch 2, Batch 180 | Val Acc: 0.7391 | Val PosAcc: 0.7899 | Val NegAcc: 0.6884
len(easy_positives): 979 , len(easy_negatives): 1088
len(hard_positives): 99 , len(hard_negatives): 147
CUM Mean pos prob: 0.676, Mean neg prob: 0.346
CUM Mean pos logit: 0.957, Mean neg logit: -1.335

Epoch 2, Batch 200 | Val Acc: 0.7414 | Val PosAcc: 0.7934 | Val NegAcc: 0.6893
len(easy_positives): 1109 , len(easy_negatives): 1206
len(hard_positives): 105 , len(hard_negatives): 162
CUM Mean pos prob: 0.679, Mean neg prob: 0.345
CUM Mean pos logit: 0.971, Mean neg logit: -1.338

Epoch 2, Batch 220 | Val Acc: 0.7413 | Val PosAcc: 0.7933 | Val NegAcc: 0.6896
len(easy_positives): 1219 , len(easy_negatives): 1324
len(hard_positives): 115 , len(hard_negatives): 185
CUM Mean pos prob: 0.678, Mean neg prob: 0.346
CUM Mean pos logit: 0.966, Mean neg logit: -1.333

Epoch 2, Batch 240 | Val Acc: 0.7419 | Val PosAcc: 0.7932 | Val NegAcc: 0.6907
len(easy_positives): 1325 , len(easy_negatives): 1444
len(hard_positives): 122 , len(hard_negatives): 202
CUM Mean pos prob: 0.678, Mean neg prob: 0.345
CUM Mean pos logit: 0.966, Mean neg logit: -1.346

Epoch 2, Batch 260 | Val Acc: 0.7435 | Val PosAcc: 0.7921 | Val NegAcc: 0.6950
len(easy_positives): 1428 , len(easy_negatives): 1577
len(hard_positives): 134 , len(hard_negatives): 225
CUM Mean pos prob: 0.677, Mean neg prob: 0.344
CUM Mean pos logit: 0.965, Mean neg logit: -1.361

Epoch 2, Batch 280 | Val Acc: 0.7461 | Val PosAcc: 0.7965 | Val NegAcc: 0.6957
len(easy_positives): 1549 , len(easy_negatives): 1704
len(hard_positives): 139 , len(hard_negatives): 238
CUM Mean pos prob: 0.679, Mean neg prob: 0.344
CUM Mean pos logit: 0.974, Mean neg logit: -1.358

Epoch 2, Batch 300 | Val Acc: 0.7464 | Val PosAcc: 0.7965 | Val NegAcc: 0.6963
len(easy_positives): 1666 , len(easy_negatives): 1807
len(hard_positives): 149 , len(hard_negatives): 257
CUM Mean pos prob: 0.680, Mean neg prob: 0.345
CUM Mean pos logit: 0.974, Mean neg logit: -1.339

Epoch 2, Batch 320 | Val Acc: 0.7468 | Val PosAcc: 0.7964 | Val NegAcc: 0.6974
len(easy_positives): 1768 , len(easy_negatives): 1924
len(hard_positives): 155 , len(hard_negatives): 274
CUM Mean pos prob: 0.679, Mean neg prob: 0.344
CUM Mean pos logit: 0.974, Mean neg logit: -1.335

Epoch 2, Batch 340 | Val Acc: 0.7476 | Val PosAcc: 0.7958 | Val NegAcc: 0.6993
len(easy_positives): 1872 , len(easy_negatives): 2038
len(hard_positives): 163 , len(hard_negatives): 289
CUM Mean pos prob: 0.679, Mean neg prob: 0.344
CUM Mean pos logit: 0.968, Mean neg logit: -1.330

Epoch 2, Batch 360 | Val Acc: 0.7503 | Val PosAcc: 0.7983 | Val NegAcc: 0.7022
len(easy_positives): 1995 , len(easy_negatives): 2160
len(hard_positives): 170 , len(hard_negatives): 306
CUM Mean pos prob: 0.680, Mean neg prob: 0.343
CUM Mean pos logit: 0.975, Mean neg logit: -1.333

Epoch 2, Batch 380 | Val Acc: 0.7494 | Val PosAcc: 0.7979 | Val NegAcc: 0.7014
len(easy_positives): 2095 , len(easy_negatives): 2292
len(hard_positives): 182 , len(hard_negatives): 319
CUM Mean pos prob: 0.680, Mean neg prob: 0.343
CUM Mean pos logit: 0.973, Mean neg logit: -1.333

Epoch 2, Batch 400 | Val Acc: 0.7489 | Val PosAcc: 0.7970 | Val NegAcc: 0.7012
len(easy_positives): 2208 , len(easy_negatives): 2406
len(hard_positives): 190 , len(hard_negatives): 334
CUM Mean pos prob: 0.680, Mean neg prob: 0.343
CUM Mean pos logit: 0.973, Mean neg logit: -1.333

Epoch 2, Batch 420 | Val Acc: 0.7487 | Val PosAcc: 0.7963 | Val NegAcc: 0.7012
len(easy_positives): 2318 , len(easy_negatives): 2523
len(hard_positives): 197 , len(hard_negatives): 347
CUM Mean pos prob: 0.680, Mean neg prob: 0.343
CUM Mean pos logit: 0.974, Mean neg logit: -1.336

Epoch 2, Batch 440 | Val Acc: 0.7496 | Val PosAcc: 0.7963 | Val NegAcc: 0.7032
len(easy_positives): 2422 , len(easy_negatives): 2655
len(hard_positives): 204 , len(hard_negatives): 362
CUM Mean pos prob: 0.679, Mean neg prob: 0.342
CUM Mean pos logit: 0.972, Mean neg logit: -1.344

Epoch 2, Batch 460 | Val Acc: 0.7512 | Val PosAcc: 0.7975 | Val NegAcc: 0.7053
len(easy_positives): 2526 , len(easy_negatives): 2778
len(hard_positives): 210 , len(hard_negatives): 370
CUM Mean pos prob: 0.680, Mean neg prob: 0.341
CUM Mean pos logit: 0.974, Mean neg logit: -1.352

Epoch 2, Batch 480 | Val Acc: 0.7507 | Val PosAcc: 0.7986 | Val NegAcc: 0.7032
len(easy_positives): 2654 , len(easy_negatives): 2892
len(hard_positives): 216 , len(hard_negatives): 387
CUM Mean pos prob: 0.680, Mean neg prob: 0.342
CUM Mean pos logit: 0.979, Mean neg logit: -1.342

Epoch 2, Batch 500 | Val Acc: 0.7506 | Val PosAcc: 0.7990 | Val NegAcc: 0.7028
len(easy_positives): 2756 , len(easy_negatives): 3024
len(hard_positives): 223 , len(hard_negatives): 402
CUM Mean pos prob: 0.681, Mean neg prob: 0.342
CUM Mean pos logit: 0.978, Mean neg logit: -1.342

Epoch 2, Batch 520 | Val Acc: 0.7498 | Val PosAcc: 0.7975 | Val NegAcc: 0.7029
len(easy_positives): 2856 , len(easy_negatives): 3132
len(hard_positives): 233 , len(hard_negatives): 418
CUM Mean pos prob: 0.680, Mean neg prob: 0.342
CUM Mean pos logit: 0.974, Mean neg logit: -1.336

Epoch 2, Batch 540 | Val Acc: 0.7500 | Val PosAcc: 0.7979 | Val NegAcc: 0.7027
len(easy_positives): 2961 , len(easy_negatives): 3263
len(hard_positives): 239 , len(hard_negatives): 436
CUM Mean pos prob: 0.680, Mean neg prob: 0.342
CUM Mean pos logit: 0.973, Mean neg logit: -1.340

Epoch 2, Batch 560 | Val Acc: 0.7501 | Val PosAcc: 0.7978 | Val NegAcc: 0.7032
len(easy_positives): 3057 , len(easy_negatives): 3399
len(hard_positives): 247 , len(hard_negatives): 455
CUM Mean pos prob: 0.679, Mean neg prob: 0.341
CUM Mean pos logit: 0.972, Mean neg logit: -1.344

Epoch 2, Batch 580 | Val Acc: 0.7498 | Val PosAcc: 0.7976 | Val NegAcc: 0.7029
len(easy_positives): 3168 , len(easy_negatives): 3517
len(hard_positives): 259 , len(hard_negatives): 472
CUM Mean pos prob: 0.679, Mean neg prob: 0.342
CUM Mean pos logit: 0.970, Mean neg logit: -1.345

Epoch 2, Batch 600 | Val Acc: 0.7501 | Val PosAcc: 0.7976 | Val NegAcc: 0.7033
len(easy_positives): 3275 , len(easy_negatives): 3633
len(hard_positives): 274 , len(hard_negatives): 487
CUM Mean pos prob: 0.679, Mean neg prob: 0.341
CUM Mean pos logit: 0.965, Mean neg logit: -1.347

Epoch 2, Batch 620 | Val Acc: 0.7506 | Val PosAcc: 0.7997 | Val NegAcc: 0.7021
len(easy_positives): 3402 , len(easy_negatives): 3744
len(hard_positives): 280 , len(hard_negatives): 506
CUM Mean pos prob: 0.680, Mean neg prob: 0.342
CUM Mean pos logit: 0.971, Mean neg logit: -1.346

Epoch 2, Batch 640 | Val Acc: 0.7507 | Val PosAcc: 0.7994 | Val NegAcc: 0.7026
len(easy_positives): 3505 , len(easy_negatives): 3868
len(hard_positives): 287 , len(hard_negatives): 527
CUM Mean pos prob: 0.679, Mean neg prob: 0.342
CUM Mean pos logit: 0.970, Mean neg logit: -1.344

Epoch 2, Batch 660 | Val Acc: 0.7511 | Val PosAcc: 0.7994 | Val NegAcc: 0.7033
len(easy_positives): 3626 , len(easy_negatives): 3987
len(hard_positives): 296 , len(hard_negatives): 545
CUM Mean pos prob: 0.680, Mean neg prob: 0.341
CUM Mean pos logit: 0.971, Mean neg logit: -1.343

Epoch 2, Batch 680 | Val Acc: 0.7511 | Val PosAcc: 0.7994 | Val NegAcc: 0.7031
len(easy_positives): 3736 , len(easy_negatives): 4092
len(hard_positives): 303 , len(hard_negatives): 559
CUM Mean pos prob: 0.680, Mean neg prob: 0.342
CUM Mean pos logit: 0.971, Mean neg logit: -1.341

Epoch 2, Batch 700 | Val Acc: 0.7508 | Val PosAcc: 0.7994 | Val NegAcc: 0.7027
len(easy_positives): 3840 , len(easy_negatives): 4205
len(hard_positives): 312 , len(hard_negatives): 578
CUM Mean pos prob: 0.680, Mean neg prob: 0.342
CUM Mean pos logit: 0.971, Mean neg logit: -1.337

Epoch 2, Batch 720 | Val Acc: 0.7507 | Val PosAcc: 0.8003 | Val NegAcc: 0.7015
len(easy_positives): 3949 , len(easy_negatives): 4319
len(hard_positives): 315 , len(hard_negatives): 606
CUM Mean pos prob: 0.680, Mean neg prob: 0.343
CUM Mean pos logit: 0.973, Mean neg logit: -1.332

Epoch 2, Batch 740 | Val Acc: 0.7503 | Val PosAcc: 0.7996 | Val NegAcc: 0.7015
len(easy_positives): 4055 , len(easy_negatives): 4435
len(hard_positives): 324 , len(hard_negatives): 619
CUM Mean pos prob: 0.680, Mean neg prob: 0.343
CUM Mean pos logit: 0.972, Mean neg logit: -1.326

Epoch 2, Batch 760 | Val Acc: 0.7499 | Val PosAcc: 0.7997 | Val NegAcc: 0.7004
len(easy_positives): 4156 , len(easy_negatives): 4551
len(hard_positives): 333 , len(hard_negatives): 637
CUM Mean pos prob: 0.680, Mean neg prob: 0.344
CUM Mean pos logit: 0.970, Mean neg logit: -1.324

Epoch 2, Batch 780 | Val Acc: 0.7503 | Val PosAcc: 0.8002 | Val NegAcc: 0.7006
len(easy_positives): 4280 , len(easy_negatives): 4662
len(hard_positives): 340 , len(hard_negatives): 655
CUM Mean pos prob: 0.680, Mean neg prob: 0.344
CUM Mean pos logit: 0.973, Mean neg logit: -1.324

Epoch 2, Batch 800 | Val Acc: 0.7507 | Val PosAcc: 0.8010 | Val NegAcc: 0.7006
len(easy_positives): 4386 , len(easy_negatives): 4779
len(hard_positives): 347 , len(hard_negatives): 668
CUM Mean pos prob: 0.680, Mean neg prob: 0.344
CUM Mean pos logit: 0.973, Mean neg logit: -1.322

Epoch 2, Batch 820 | Val Acc: 0.7504 | Val PosAcc: 0.8011 | Val NegAcc: 0.6997
len(easy_positives): 4494 , len(easy_negatives): 4877
len(hard_positives): 355 , len(hard_negatives): 691
CUM Mean pos prob: 0.680, Mean neg prob: 0.344
CUM Mean pos logit: 0.971, Mean neg logit: -1.316

Epoch 2, Batch 840 | Val Acc: 0.7502 | Val PosAcc: 0.8002 | Val NegAcc: 0.7004
len(easy_positives): 4593 , len(easy_negatives): 5006
len(hard_positives): 370 , len(hard_negatives): 708
CUM Mean pos prob: 0.679, Mean neg prob: 0.344
CUM Mean pos logit: 0.969, Mean neg logit: -1.318

Epoch 2, Batch 860 | Val Acc: 0.7501 | Val PosAcc: 0.8002 | Val NegAcc: 0.6999
len(easy_positives): 4707 , len(easy_negatives): 5113
len(hard_positives): 373 , len(hard_negatives): 726
CUM Mean pos prob: 0.680, Mean neg prob: 0.344
CUM Mean pos logit: 0.970, Mean neg logit: -1.319

Epoch 2, Batch 880 | Val Acc: 0.7502 | Val PosAcc: 0.8003 | Val NegAcc: 0.7001
len(easy_positives): 4821 , len(easy_negatives): 5223
len(hard_positives): 384 , len(hard_negatives): 742
CUM Mean pos prob: 0.679, Mean neg prob: 0.344
CUM Mean pos logit: 0.967, Mean neg logit: -1.316

Epoch 2, Batch 900 | Val Acc: 0.7503 | Val PosAcc: 0.7998 | Val NegAcc: 0.7007
len(easy_positives): 4919 , len(easy_negatives): 5343
len(hard_positives): 393 , len(hard_negatives): 756
CUM Mean pos prob: 0.679, Mean neg prob: 0.344
CUM Mean pos logit: 0.965, Mean neg logit: -1.318

Epoch 2, Batch 920 | Val Acc: 0.7500 | Val PosAcc: 0.7998 | Val NegAcc: 0.7003
len(easy_positives): 5027 , len(easy_negatives): 5469
len(hard_positives): 398 , len(hard_negatives): 773
CUM Mean pos prob: 0.679, Mean neg prob: 0.344
CUM Mean pos logit: 0.965, Mean neg logit: -1.315

Epoch 2, Batch 940 | Val Acc: 0.7503 | Val PosAcc: 0.7995 | Val NegAcc: 0.7011
len(easy_positives): 5122 , len(easy_negatives): 5598
len(hard_positives): 410 , len(hard_negatives): 790
CUM Mean pos prob: 0.679, Mean neg prob: 0.343
CUM Mean pos logit: 0.963, Mean neg logit: -1.321

Epoch 2, Batch 960 | Val Acc: 0.7507 | Val PosAcc: 0.7996 | Val NegAcc: 0.7019
len(easy_positives): 5231 , len(easy_negatives): 5734
len(hard_positives): 415 , len(hard_negatives): 806
CUM Mean pos prob: 0.679, Mean neg prob: 0.343
CUM Mean pos logit: 0.965, Mean neg logit: -1.321

Epoch 2, Batch 980 | Val Acc: 0.7509 | Val PosAcc: 0.7991 | Val NegAcc: 0.7027
len(easy_positives): 5344 , len(easy_negatives): 5876
len(hard_positives): 422 , len(hard_negatives): 817
CUM Mean pos prob: 0.679, Mean neg prob: 0.342
CUM Mean pos logit: 0.966, Mean neg logit: -1.331

Epoch 2, Batch 1000 | Val Acc: 0.7502 | Val PosAcc: 0.7987 | Val NegAcc: 0.7019
len(easy_positives): 5457 , len(easy_negatives): 5996
len(hard_positives): 429 , len(hard_negatives): 831
CUM Mean pos prob: 0.679, Mean neg prob: 0.342
CUM Mean pos logit: 0.966, Mean neg logit: -1.328

Epoch 2, Batch 1020 | Val Acc: 0.7502 | Val PosAcc: 0.7990 | Val NegAcc: 0.7015
len(easy_positives): 5577 , len(easy_negatives): 6115
len(hard_positives): 432 , len(hard_negatives): 847
CUM Mean pos prob: 0.679, Mean neg prob: 0.343
CUM Mean pos logit: 0.968, Mean neg logit: -1.328

Epoch 2, Batch 1040 | Val Acc: 0.7503 | Val PosAcc: 0.7992 | Val NegAcc: 0.7016
len(easy_positives): 5685 , len(easy_negatives): 6232
len(hard_positives): 440 , len(hard_negatives): 870
CUM Mean pos prob: 0.679, Mean neg prob: 0.343
CUM Mean pos logit: 0.968, Mean neg logit: -1.328

Epoch 2, Batch 1060 | Val Acc: 0.7502 | Val PosAcc: 0.7987 | Val NegAcc: 0.7018
len(easy_positives): 5800 , len(easy_negatives): 6357
len(hard_positives): 455 , len(hard_negatives): 882
CUM Mean pos prob: 0.679, Mean neg prob: 0.343
CUM Mean pos logit: 0.967, Mean neg logit: -1.329

Epoch 2, Batch 1080 | Val Acc: 0.7497 | Val PosAcc: 0.7987 | Val NegAcc: 0.7007
len(easy_positives): 5918 , len(easy_negatives): 6480
len(hard_positives): 465 , len(hard_negatives): 898
CUM Mean pos prob: 0.679, Mean neg prob: 0.343
CUM Mean pos logit: 0.968, Mean neg logit: -1.328

Epoch 2, Batch 1100 | Val Acc: 0.7495 | Val PosAcc: 0.7986 | Val NegAcc: 0.7005
len(easy_positives): 6025 , len(easy_negatives): 6603
len(hard_positives): 474 , len(hard_negatives): 915
CUM Mean pos prob: 0.679, Mean neg prob: 0.343
CUM Mean pos logit: 0.966, Mean neg logit: -1.329

Epoch 2, Batch 1120 | Val Acc: 0.7494 | Val PosAcc: 0.7986 | Val NegAcc: 0.7003
len(easy_positives): 6134 , len(easy_negatives): 6724
len(hard_positives): 487 , len(hard_negatives): 929
CUM Mean pos prob: 0.679, Mean neg prob: 0.343
CUM Mean pos logit: 0.967, Mean neg logit: -1.326

Epoch 2, Batch 1140 | Val Acc: 0.7496 | Val PosAcc: 0.7981 | Val NegAcc: 0.7011
len(easy_positives): 6254 , len(easy_negatives): 6845
len(hard_positives): 498 , len(hard_negatives): 946
CUM Mean pos prob: 0.679, Mean neg prob: 0.343
CUM Mean pos logit: 0.965, Mean neg logit: -1.326

Epoch 2, Batch 1160 | Val Acc: 0.7494 | Val PosAcc: 0.7979 | Val NegAcc: 0.7008
len(easy_positives): 6363 , len(easy_negatives): 6957
len(hard_positives): 506 , len(hard_negatives): 958
CUM Mean pos prob: 0.679, Mean neg prob: 0.343
CUM Mean pos logit: 0.966, Mean neg logit: -1.327

Epoch 2, Batch 1180 | Val Acc: 0.7496 | Val PosAcc: 0.7980 | Val NegAcc: 0.7012
len(easy_positives): 6484 , len(easy_negatives): 7080
len(hard_positives): 513 , len(hard_negatives): 971
CUM Mean pos prob: 0.679, Mean neg prob: 0.342
CUM Mean pos logit: 0.966, Mean neg logit: -1.333

Epoch 2, Batch 1200 | Val Acc: 0.7498 | Val PosAcc: 0.7985 | Val NegAcc: 0.7011
len(easy_positives): 6587 , len(easy_negatives): 7197
len(hard_positives): 521 , len(hard_negatives): 988
CUM Mean pos prob: 0.679, Mean neg prob: 0.343
CUM Mean pos logit: 0.966, Mean neg logit: -1.333

Epoch 2, Batch 1220 | Val Acc: 0.7499 | Val PosAcc: 0.7983 | Val NegAcc: 0.7014
len(easy_positives): 6699 , len(easy_negatives): 7311
len(hard_positives): 528 , len(hard_negatives): 1005
CUM Mean pos prob: 0.679, Mean neg prob: 0.342
CUM Mean pos logit: 0.966, Mean neg logit: -1.333

	val_accuracy: 0.749822695035461
	pos val_accuracy: 0.7983789260385005
	neg val_accuracy: 0.7012664640324214
../Sim5/model2_FE2dis_inrWaterPHD2_5.pt
Epoch 3, Batch 20 | Acc: 0.7708 | PosAcc: 0.7557 | NegAcc: 0.7838
len(easy_positives): 75 , len(easy_negatives): 104
len(hard_positives): 3 , len(hard_negatives): 5

CUM Mean pos prob: 0.658, Mean neg prob: 0.300
CUM Mean pos logit: 0.887, Mean neg logit: -1.385

Epoch 3, Batch 40 | Acc: 0.7625 | PosAcc: 0.7506 | NegAcc: 0.7728
len(easy_positives): 140 , len(easy_negatives): 217
len(hard_positives): 17 , len(hard_negatives): 14

CUM Mean pos prob: 0.646, Mean neg prob: 0.298
CUM Mean pos logit: 0.790, Mean neg logit: -1.671

Epoch 3, Batch 60 | Acc: 0.7424 | PosAcc: 0.7470 | NegAcc: 0.7382
len(easy_positives): 226 , len(easy_negatives): 311
len(hard_positives): 26 , len(hard_negatives): 31

CUM Mean pos prob: 0.652, Mean neg prob: 0.317
CUM Mean pos logit: 0.822, Mean neg logit: -1.524

Epoch 3, Batch 80 | Acc: 0.7495 | PosAcc: 0.7603 | NegAcc: 0.7394
len(easy_positives): 305 , len(easy_negatives): 398
len(hard_positives): 30 , len(hard_negatives): 39

CUM Mean pos prob: 0.657, Mean neg prob: 0.318
CUM Mean pos logit: 0.847, Mean neg logit: -1.513

Epoch 3, Batch 100 | Acc: 0.7496 | PosAcc: 0.7674 | NegAcc: 0.7328
len(easy_positives): 372 , len(easy_negatives): 489
len(hard_positives): 33 , len(hard_negatives): 49

CUM Mean pos prob: 0.659, Mean neg prob: 0.322
CUM Mean pos logit: 0.847, Mean neg logit: -1.487

Epoch 3, Batch 120 | Acc: 0.7469 | PosAcc: 0.7645 | NegAcc: 0.7303
len(easy_positives): 437 , len(easy_negatives): 587
len(hard_positives): 46 , len(hard_negatives): 58

CUM Mean pos prob: 0.656, Mean neg prob: 0.323
CUM Mean pos logit: 0.835, Mean neg logit: -1.458

Epoch 3, Batch 140 | Acc: 0.7470 | PosAcc: 0.7691 | NegAcc: 0.7261
len(easy_positives): 510 , len(easy_negatives): 686
len(hard_positives): 52 , len(hard_negatives): 65

CUM Mean pos prob: 0.657, Mean neg prob: 0.323
CUM Mean pos logit: 0.839, Mean neg logit: -1.472

Epoch 3, Batch 160 | Acc: 0.7503 | PosAcc: 0.7780 | NegAcc: 0.7240
len(easy_positives): 594 , len(easy_negatives): 784
len(hard_positives): 54 , len(hard_negatives): 74

CUM Mean pos prob: 0.663, Mean neg prob: 0.323
CUM Mean pos logit: 0.872, Mean neg logit: -1.484

Epoch 3, Batch 180 | Acc: 0.7519 | PosAcc: 0.7778 | NegAcc: 0.7274
len(easy_positives): 671 , len(easy_negatives): 874
len(hard_positives): 62 , len(hard_negatives): 81

CUM Mean pos prob: 0.663, Mean neg prob: 0.323
CUM Mean pos logit: 0.870, Mean neg logit: -1.495

Epoch 3, Batch 200 | Acc: 0.7535 | PosAcc: 0.7820 | NegAcc: 0.7264
len(easy_positives): 765 , len(easy_negatives): 963
len(hard_positives): 68 , len(hard_negatives): 92

CUM Mean pos prob: 0.666, Mean neg prob: 0.324
CUM Mean pos logit: 0.891, Mean neg logit: -1.498

Epoch 3, Batch 220 | Acc: 0.7528 | PosAcc: 0.7828 | NegAcc: 0.7243
len(easy_positives): 831 , len(easy_negatives): 1061
len(hard_positives): 76 , len(hard_negatives): 100

CUM Mean pos prob: 0.665, Mean neg prob: 0.325
CUM Mean pos logit: 0.887, Mean neg logit: -1.484

Epoch 3, Batch 240 | Acc: 0.7516 | PosAcc: 0.7767 | NegAcc: 0.7278
len(easy_positives): 893 , len(easy_negatives): 1159
len(hard_positives): 85 , len(hard_negatives): 109

CUM Mean pos prob: 0.663, Mean neg prob: 0.324
CUM Mean pos logit: 0.875, Mean neg logit: -1.483

Epoch 3, Batch 260 | Acc: 0.7503 | PosAcc: 0.7731 | NegAcc: 0.7287
len(easy_positives): 960 , len(easy_negatives): 1259
len(hard_positives): 94 , len(hard_negatives): 126

CUM Mean pos prob: 0.661, Mean neg prob: 0.324
CUM Mean pos logit: 0.861, Mean neg logit: -1.475

Epoch 3, Batch 280 | Acc: 0.7515 | PosAcc: 0.7738 | NegAcc: 0.7302
len(easy_positives): 1040 , len(easy_negatives): 1347
len(hard_positives): 98 , len(hard_negatives): 133

CUM Mean pos prob: 0.661, Mean neg prob: 0.324
CUM Mean pos logit: 0.864, Mean neg logit: -1.461

Epoch 3, Batch 300 | Acc: 0.7512 | PosAcc: 0.7711 | NegAcc: 0.7325
len(easy_positives): 1094 , len(easy_negatives): 1450
len(hard_positives): 105 , len(hard_negatives): 151

CUM Mean pos prob: 0.660, Mean neg prob: 0.324
CUM Mean pos logit: 0.859, Mean neg logit: -1.451

Epoch 3, Batch 320 | Acc: 0.7509 | PosAcc: 0.7719 | NegAcc: 0.7309
len(easy_positives): 1178 , len(easy_negatives): 1536
len(hard_positives): 109 , len(hard_negatives): 156

CUM Mean pos prob: 0.661, Mean neg prob: 0.325
CUM Mean pos logit: 0.865, Mean neg logit: -1.447

Epoch 3, Batch 340 | Acc: 0.7510 | PosAcc: 0.7719 | NegAcc: 0.7310
len(easy_positives): 1272 , len(easy_negatives): 1630
len(hard_positives): 113 , len(hard_negatives): 168

CUM Mean pos prob: 0.662, Mean neg prob: 0.325
CUM Mean pos logit: 0.871, Mean neg logit: -1.442

Epoch 3, Batch 360 | Acc: 0.7544 | PosAcc: 0.7766 | NegAcc: 0.7332
len(easy_positives): 1367 , len(easy_negatives): 1752
len(hard_positives): 117 , len(hard_negatives): 180

CUM Mean pos prob: 0.665, Mean neg prob: 0.324
CUM Mean pos logit: 0.889, Mean neg logit: -1.462

Epoch 3, Batch 380 | Acc: 0.7538 | PosAcc: 0.7781 | NegAcc: 0.7306
len(easy_positives): 1456 , len(easy_negatives): 1838
len(hard_positives): 127 , len(hard_negatives): 191

CUM Mean pos prob: 0.666, Mean neg prob: 0.325
CUM Mean pos logit: 0.897, Mean neg logit: -1.452

Epoch 3, Batch 400 | Acc: 0.7523 | PosAcc: 0.7747 | NegAcc: 0.7308
len(easy_positives): 1529 , len(easy_negatives): 1929
len(hard_positives): 139 , len(hard_negatives): 199

CUM Mean pos prob: 0.665, Mean neg prob: 0.325
CUM Mean pos logit: 0.893, Mean neg logit: -1.455

Epoch 3, Batch 420 | Acc: 0.7496 | PosAcc: 0.7717 | NegAcc: 0.7284
len(easy_positives): 1601 , len(easy_negatives): 2018
len(hard_positives): 145 , len(hard_negatives): 215

CUM Mean pos prob: 0.664, Mean neg prob: 0.326
CUM Mean pos logit: 0.887, Mean neg logit: -1.449

Epoch 3, Batch 440 | Acc: 0.7498 | PosAcc: 0.7736 | NegAcc: 0.7269
len(easy_positives): 1677 , len(easy_negatives): 2112
len(hard_positives): 147 , len(hard_negatives): 229

CUM Mean pos prob: 0.664, Mean neg prob: 0.327
CUM Mean pos logit: 0.890, Mean neg logit: -1.449

Epoch 3, Batch 460 | Acc: 0.7496 | PosAcc: 0.7766 | NegAcc: 0.7235
len(easy_positives): 1760 , len(easy_negatives): 2188
len(hard_positives): 153 , len(hard_negatives): 248

CUM Mean pos prob: 0.666, Mean neg prob: 0.329
CUM Mean pos logit: 0.897, Mean neg logit: -1.433

Epoch 3, Batch 480 | Acc: 0.7498 | PosAcc: 0.7783 | NegAcc: 0.7222
len(easy_positives): 1828 , len(easy_negatives): 2271
len(hard_positives): 156 , len(hard_negatives): 267

CUM Mean pos prob: 0.666, Mean neg prob: 0.330
CUM Mean pos logit: 0.897, Mean neg logit: -1.422

Epoch 3, Batch 500 | Acc: 0.7501 | PosAcc: 0.7787 | NegAcc: 0.7222
len(easy_positives): 1912 , len(easy_negatives): 2352
len(hard_positives): 164 , len(hard_negatives): 270

CUM Mean pos prob: 0.666, Mean neg prob: 0.330
CUM Mean pos logit: 0.897, Mean neg logit: -1.414

Epoch 3, Batch 520 | Acc: 0.7494 | PosAcc: 0.7778 | NegAcc: 0.7219
len(easy_positives): 1980 , len(easy_negatives): 2441
len(hard_positives): 170 , len(hard_negatives): 281

CUM Mean pos prob: 0.666, Mean neg prob: 0.331
CUM Mean pos logit: 0.894, Mean neg logit: -1.406

Epoch 3, Batch 540 | Acc: 0.7488 | PosAcc: 0.7778 | NegAcc: 0.7204
len(easy_positives): 2051 , len(easy_negatives): 2512
len(hard_positives): 176 , len(hard_negatives): 291

CUM Mean pos prob: 0.665, Mean neg prob: 0.332
CUM Mean pos logit: 0.888, Mean neg logit: -1.393

Epoch 3, Batch 560 | Acc: 0.7490 | PosAcc: 0.7793 | NegAcc: 0.7194
len(easy_positives): 2134 , len(easy_negatives): 2596
len(hard_positives): 181 , len(hard_negatives): 299

CUM Mean pos prob: 0.666, Mean neg prob: 0.332
CUM Mean pos logit: 0.892, Mean neg logit: -1.383

Epoch 3, Batch 580 | Acc: 0.7486 | PosAcc: 0.7791 | NegAcc: 0.7185
len(easy_positives): 2218 , len(easy_negatives): 2670
len(hard_positives): 190 , len(hard_negatives): 302

CUM Mean pos prob: 0.666, Mean neg prob: 0.333
CUM Mean pos logit: 0.894, Mean neg logit: -1.375

Epoch 3, Batch 600 | Acc: 0.7491 | PosAcc: 0.7784 | NegAcc: 0.7202
len(easy_positives): 2308 , len(easy_negatives): 2758
len(hard_positives): 197 , len(hard_negatives): 313

CUM Mean pos prob: 0.667, Mean neg prob: 0.332
CUM Mean pos logit: 0.898, Mean neg logit: -1.379

Epoch 3, Batch 620 | Acc: 0.7496 | PosAcc: 0.7794 | NegAcc: 0.7202
len(easy_positives): 2407 , len(easy_negatives): 2859
len(hard_positives): 204 , len(hard_negatives): 320

CUM Mean pos prob: 0.668, Mean neg prob: 0.332
CUM Mean pos logit: 0.906, Mean neg logit: -1.391

Epoch 3, Batch 640 | Acc: 0.7501 | PosAcc: 0.7794 | NegAcc: 0.7213
len(easy_positives): 2481 , len(easy_negatives): 2958
len(hard_positives): 214 , len(hard_negatives): 329

CUM Mean pos prob: 0.667, Mean neg prob: 0.331
CUM Mean pos logit: 0.905, Mean neg logit: -1.406

Epoch 3, Batch 660 | Acc: 0.7496 | PosAcc: 0.7801 | NegAcc: 0.7195
len(easy_positives): 2556 , len(easy_negatives): 3040
len(hard_positives): 223 , len(hard_negatives): 345

CUM Mean pos prob: 0.668, Mean neg prob: 0.332
CUM Mean pos logit: 0.905, Mean neg logit: -1.400

Epoch 3, Batch 680 | Acc: 0.7486 | PosAcc: 0.7804 | NegAcc: 0.7172
len(easy_positives): 2624 , len(easy_negatives): 3125
len(hard_positives): 230 , len(hard_negatives): 357

CUM Mean pos prob: 0.667, Mean neg prob: 0.333
CUM Mean pos logit: 0.902, Mean neg logit: -1.395

Epoch 3, Batch 700 | Acc: 0.7482 | PosAcc: 0.7802 | NegAcc: 0.7166
len(easy_positives): 2696 , len(easy_negatives): 3219
len(hard_positives): 233 , len(hard_negatives): 369

CUM Mean pos prob: 0.667, Mean neg prob: 0.333
CUM Mean pos logit: 0.902, Mean neg logit: -1.395

Epoch 3, Batch 720 | Acc: 0.7473 | PosAcc: 0.7777 | NegAcc: 0.7174
len(easy_positives): 2752 , len(easy_negatives): 3327
len(hard_positives): 241 , len(hard_negatives): 379

CUM Mean pos prob: 0.666, Mean neg prob: 0.332
CUM Mean pos logit: 0.895, Mean neg logit: -1.397

Epoch 3, Batch 740 | Acc: 0.7467 | PosAcc: 0.7778 | NegAcc: 0.7162
len(easy_positives): 2809 , len(easy_negatives): 3430
len(hard_positives): 244 , len(hard_negatives): 395

CUM Mean pos prob: 0.666, Mean neg prob: 0.333
CUM Mean pos logit: 0.892, Mean neg logit: -1.395

Epoch 3, Batch 760 | Acc: 0.7458 | PosAcc: 0.7767 | NegAcc: 0.7155
len(easy_positives): 2861 , len(easy_negatives): 3516
len(hard_positives): 252 , len(hard_negatives): 401

CUM Mean pos prob: 0.665, Mean neg prob: 0.333
CUM Mean pos logit: 0.885, Mean neg logit: -1.389

Epoch 3, Batch 780 | Acc: 0.7453 | PosAcc: 0.7773 | NegAcc: 0.7139
len(easy_positives): 2924 , len(easy_negatives): 3576
len(hard_positives): 255 , len(hard_negatives): 412

CUM Mean pos prob: 0.664, Mean neg prob: 0.335
CUM Mean pos logit: 0.882, Mean neg logit: -1.374

Epoch 3, Batch 800 | Acc: 0.7451 | PosAcc: 0.7772 | NegAcc: 0.7134
len(easy_positives): 3002 , len(easy_negatives): 3640
len(hard_positives): 257 , len(hard_negatives): 419

CUM Mean pos prob: 0.664, Mean neg prob: 0.335
CUM Mean pos logit: 0.881, Mean neg logit: -1.368

Epoch 3, Batch 820 | Acc: 0.7445 | PosAcc: 0.7757 | NegAcc: 0.7138
len(easy_positives): 3047 , len(easy_negatives): 3732
len(hard_positives): 269 , len(hard_negatives): 425

CUM Mean pos prob: 0.663, Mean neg prob: 0.335
CUM Mean pos logit: 0.872, Mean neg logit: -1.370

Epoch 3, Batch 840 | Acc: 0.7454 | PosAcc: 0.7773 | NegAcc: 0.7141
len(easy_positives): 3128 , len(easy_negatives): 3818
len(hard_positives): 273 , len(hard_negatives): 429

CUM Mean pos prob: 0.664, Mean neg prob: 0.335
CUM Mean pos logit: 0.876, Mean neg logit: -1.371

Epoch 3, Batch 860 | Acc: 0.7459 | PosAcc: 0.7775 | NegAcc: 0.7148
len(easy_positives): 3203 , len(easy_negatives): 3925
len(hard_positives): 282 , len(hard_negatives): 437

CUM Mean pos prob: 0.664, Mean neg prob: 0.334
CUM Mean pos logit: 0.877, Mean neg logit: -1.392

Epoch 3, Batch 880 | Acc: 0.7459 | PosAcc: 0.7788 | NegAcc: 0.7134
len(easy_positives): 3318 , len(easy_negatives): 4004
len(hard_positives): 287 , len(hard_negatives): 449

CUM Mean pos prob: 0.665, Mean neg prob: 0.335
CUM Mean pos logit: 0.887, Mean neg logit: -1.392

Epoch 3, Batch 900 | Acc: 0.7469 | PosAcc: 0.7802 | NegAcc: 0.7139
len(easy_positives): 3400 , len(easy_negatives): 4112
len(hard_positives): 289 , len(hard_negatives): 464

CUM Mean pos prob: 0.666, Mean neg prob: 0.335
CUM Mean pos logit: 0.890, Mean neg logit: -1.396

Epoch 3, Batch 920 | Acc: 0.7464 | PosAcc: 0.7805 | NegAcc: 0.7126
len(easy_positives): 3491 , len(easy_negatives): 4196
len(hard_positives): 301 , len(hard_negatives): 475

CUM Mean pos prob: 0.666, Mean neg prob: 0.335
CUM Mean pos logit: 0.893, Mean neg logit: -1.394

Epoch 3, Batch 940 | Acc: 0.7457 | PosAcc: 0.7803 | NegAcc: 0.7114
len(easy_positives): 3572 , len(easy_negatives): 4281
len(hard_positives): 308 , len(hard_negatives): 491

CUM Mean pos prob: 0.666, Mean neg prob: 0.336
CUM Mean pos logit: 0.892, Mean neg logit: -1.391

Epoch 3, Batch 960 | Acc: 0.7468 | PosAcc: 0.7814 | NegAcc: 0.7124
len(easy_positives): 3635 , len(easy_negatives): 4373
len(hard_positives): 310 , len(hard_negatives): 494

CUM Mean pos prob: 0.666, Mean neg prob: 0.335
CUM Mean pos logit: 0.891, Mean neg logit: -1.392

Epoch 3, Batch 980 | Acc: 0.7469 | PosAcc: 0.7818 | NegAcc: 0.7122
len(easy_positives): 3717 , len(easy_negatives): 4465
len(hard_positives): 316 , len(hard_negatives): 500

CUM Mean pos prob: 0.666, Mean neg prob: 0.335
CUM Mean pos logit: 0.893, Mean neg logit: -1.395

Epoch 3, Batch 1000 | Acc: 0.7475 | PosAcc: 0.7830 | NegAcc: 0.7123
len(easy_positives): 3809 , len(easy_negatives): 4565
len(hard_positives): 321 , len(hard_negatives): 515

CUM Mean pos prob: 0.667, Mean neg prob: 0.335
CUM Mean pos logit: 0.896, Mean neg logit: -1.398

Epoch 3, Batch 1020 | Acc: 0.7475 | PosAcc: 0.7836 | NegAcc: 0.7116
len(easy_positives): 3895 , len(easy_negatives): 4660
len(hard_positives): 327 , len(hard_negatives): 526

CUM Mean pos prob: 0.667, Mean neg prob: 0.335
CUM Mean pos logit: 0.899, Mean neg logit: -1.398

Epoch 3, Batch 1040 | Acc: 0.7476 | PosAcc: 0.7825 | NegAcc: 0.7129
len(easy_positives): 3958 , len(easy_negatives): 4763
len(hard_positives): 336 , len(hard_negatives): 534

CUM Mean pos prob: 0.667, Mean neg prob: 0.335
CUM Mean pos logit: 0.894, Mean neg logit: -1.401

Epoch 3, Batch 1060 | Acc: 0.7482 | PosAcc: 0.7844 | NegAcc: 0.7122
len(easy_positives): 4060 , len(easy_negatives): 4856
len(hard_positives): 341 , len(hard_negatives): 539

CUM Mean pos prob: 0.668, Mean neg prob: 0.335
CUM Mean pos logit: 0.900, Mean neg logit: -1.406

Epoch 3, Batch 1080 | Acc: 0.7486 | PosAcc: 0.7848 | NegAcc: 0.7127
len(easy_positives): 4145 , len(easy_negatives): 4966
len(hard_positives): 350 , len(hard_negatives): 551

CUM Mean pos prob: 0.668, Mean neg prob: 0.334
CUM Mean pos logit: 0.904, Mean neg logit: -1.414

Epoch 3, Batch 1100 | Acc: 0.7484 | PosAcc: 0.7845 | NegAcc: 0.7126
len(easy_positives): 4226 , len(easy_negatives): 5066
len(hard_positives): 357 , len(hard_negatives): 563

CUM Mean pos prob: 0.668, Mean neg prob: 0.334
CUM Mean pos logit: 0.903, Mean neg logit: -1.420

Epoch 3, Batch 1120 | Acc: 0.7484 | PosAcc: 0.7849 | NegAcc: 0.7121
len(easy_positives): 4313 , len(easy_negatives): 5147
len(hard_positives): 363 , len(hard_negatives): 574

CUM Mean pos prob: 0.668, Mean neg prob: 0.334
CUM Mean pos logit: 0.904, Mean neg logit: -1.417

Epoch 3, Batch 1140 | Acc: 0.7490 | PosAcc: 0.7847 | NegAcc: 0.7136
len(easy_positives): 4389 , len(easy_negatives): 5264
len(hard_positives): 373 , len(hard_negatives): 580

CUM Mean pos prob: 0.668, Mean neg prob: 0.333
CUM Mean pos logit: 0.903, Mean neg logit: -1.433

Epoch 3, Batch 1160 | Acc: 0.7494 | PosAcc: 0.7860 | NegAcc: 0.7130
len(easy_positives): 4497 , len(easy_negatives): 5348
len(hard_positives): 380 , len(hard_negatives): 597

CUM Mean pos prob: 0.669, Mean neg prob: 0.334
CUM Mean pos logit: 0.909, Mean neg logit: -1.435

Epoch 3, Batch 1180 | Acc: 0.7493 | PosAcc: 0.7851 | NegAcc: 0.7139
len(easy_positives): 4563 , len(easy_negatives): 5454
len(hard_positives): 388 , len(hard_negatives): 606

CUM Mean pos prob: 0.669, Mean neg prob: 0.333
CUM Mean pos logit: 0.907, Mean neg logit: -1.435

Epoch 3, Batch 1200 | Acc: 0.7490 | PosAcc: 0.7853 | NegAcc: 0.7129
len(easy_positives): 4641 , len(easy_negatives): 5523
len(hard_positives): 395 , len(hard_negatives): 615

CUM Mean pos prob: 0.669, Mean neg prob: 0.334
CUM Mean pos logit: 0.908, Mean neg logit: -1.428

Epoch 3, Batch 1220 | Acc: 0.7496 | PosAcc: 0.7854 | NegAcc: 0.7139
len(easy_positives): 4723 , len(easy_negatives): 5623
len(hard_positives): 400 , len(hard_negatives): 624

CUM Mean pos prob: 0.669, Mean neg prob: 0.334
CUM Mean pos logit: 0.908, Mean neg logit: -1.431

Epoch 3, Batch 1240 | Acc: 0.7500 | PosAcc: 0.7864 | NegAcc: 0.7137
len(easy_positives): 4822 , len(easy_negatives): 5713
len(hard_positives): 402 , len(hard_negatives): 641

CUM Mean pos prob: 0.670, Mean neg prob: 0.334
CUM Mean pos logit: 0.913, Mean neg logit: -1.431

Epoch 3, Batch 1260 | Acc: 0.7500 | PosAcc: 0.7859 | NegAcc: 0.7143
len(easy_positives): 4897 , len(easy_negatives): 5811
len(hard_positives): 411 , len(hard_negatives): 653

CUM Mean pos prob: 0.670, Mean neg prob: 0.333
CUM Mean pos logit: 0.913, Mean neg logit: -1.432

Epoch 3, Batch 1280 | Acc: 0.7502 | PosAcc: 0.7851 | NegAcc: 0.7155
len(easy_positives): 4958 , len(easy_negatives): 5927
len(hard_positives): 424 , len(hard_negatives): 667

CUM Mean pos prob: 0.669, Mean neg prob: 0.333
CUM Mean pos logit: 0.910, Mean neg logit: -1.438

Epoch 3, Batch 1300 | Acc: 0.7506 | PosAcc: 0.7862 | NegAcc: 0.7152
len(easy_positives): 5063 , len(easy_negatives): 6031
len(hard_positives): 427 , len(hard_negatives): 688

CUM Mean pos prob: 0.670, Mean neg prob: 0.333
CUM Mean pos logit: 0.915, Mean neg logit: -1.440

Epoch 3, Batch 1320 | Acc: 0.7511 | PosAcc: 0.7858 | NegAcc: 0.7166
len(easy_positives): 5135 , len(easy_negatives): 6166
len(hard_positives): 441 , len(hard_negatives): 696

CUM Mean pos prob: 0.669, Mean neg prob: 0.332
CUM Mean pos logit: 0.913, Mean neg logit: -1.454

Epoch 3, Batch 1340 | Acc: 0.7515 | PosAcc: 0.7865 | NegAcc: 0.7168
len(easy_positives): 5225 , len(easy_negatives): 6267
len(hard_positives): 448 , len(hard_negatives): 706

CUM Mean pos prob: 0.670, Mean neg prob: 0.331
CUM Mean pos logit: 0.916, Mean neg logit: -1.456

Epoch 3, Batch 1360 | Acc: 0.7516 | PosAcc: 0.7865 | NegAcc: 0.7170
len(easy_positives): 5318 , len(easy_negatives): 6360
len(hard_positives): 453 , len(hard_negatives): 718

CUM Mean pos prob: 0.670, Mean neg prob: 0.331
CUM Mean pos logit: 0.918, Mean neg logit: -1.461

Epoch 3, Batch 1380 | Acc: 0.7518 | PosAcc: 0.7867 | NegAcc: 0.7172
len(easy_positives): 5387 , len(easy_negatives): 6463
len(hard_positives): 461 , len(hard_negatives): 730

CUM Mean pos prob: 0.670, Mean neg prob: 0.331
CUM Mean pos logit: 0.917, Mean neg logit: -1.466

Epoch 3, Batch 1400 | Acc: 0.7517 | PosAcc: 0.7863 | NegAcc: 0.7174
len(easy_positives): 5455 , len(easy_negatives): 6576
len(hard_positives): 467 , len(hard_negatives): 737

CUM Mean pos prob: 0.670, Mean neg prob: 0.331
CUM Mean pos logit: 0.916, Mean neg logit: -1.469

Epoch 3, Batch 1420 | Acc: 0.7511 | PosAcc: 0.7856 | NegAcc: 0.7169
len(easy_positives): 5522 , len(easy_negatives): 6674
len(hard_positives): 478 , len(hard_negatives): 751

CUM Mean pos prob: 0.670, Mean neg prob: 0.331
CUM Mean pos logit: 0.913, Mean neg logit: -1.470

Epoch 3, Batch 1440 | Acc: 0.7515 | PosAcc: 0.7864 | NegAcc: 0.7168
len(easy_positives): 5618 , len(easy_negatives): 6753
len(hard_positives): 483 , len(hard_negatives): 763

CUM Mean pos prob: 0.670, Mean neg prob: 0.331
CUM Mean pos logit: 0.916, Mean neg logit: -1.469

Epoch 3, Batch 1460 | Acc: 0.7519 | PosAcc: 0.7865 | NegAcc: 0.7177
len(easy_positives): 5688 , len(easy_negatives): 6856
len(hard_positives): 491 , len(hard_negatives): 770

CUM Mean pos prob: 0.670, Mean neg prob: 0.331
CUM Mean pos logit: 0.915, Mean neg logit: -1.478

Epoch 3, Batch 1480 | Acc: 0.7521 | PosAcc: 0.7875 | NegAcc: 0.7170
len(easy_positives): 5803 , len(easy_negatives): 6938
len(hard_positives): 497 , len(hard_negatives): 785

CUM Mean pos prob: 0.671, Mean neg prob: 0.331
CUM Mean pos logit: 0.919, Mean neg logit: -1.477

Epoch 3, Batch 1500 | Acc: 0.7521 | PosAcc: 0.7875 | NegAcc: 0.7168
len(easy_positives): 5880 , len(easy_negatives): 7036
len(hard_positives): 504 , len(hard_negatives): 797

CUM Mean pos prob: 0.671, Mean neg prob: 0.331
CUM Mean pos logit: 0.919, Mean neg logit: -1.478

Epoch 3, Batch 1520 | Acc: 0.7521 | PosAcc: 0.7867 | NegAcc: 0.7178
len(easy_positives): 5933 , len(easy_negatives): 7145
len(hard_positives): 509 , len(hard_negatives): 801

CUM Mean pos prob: 0.670, Mean neg prob: 0.331
CUM Mean pos logit: 0.917, Mean neg logit: -1.480

Epoch 3, Batch 1540 | Acc: 0.7524 | PosAcc: 0.7862 | NegAcc: 0.7190
len(easy_positives): 6004 , len(easy_negatives): 7268
len(hard_positives): 514 , len(hard_negatives): 805

CUM Mean pos prob: 0.670, Mean neg prob: 0.330
CUM Mean pos logit: 0.916, Mean neg logit: -1.487

Epoch 3, Batch 1560 | Acc: 0.7529 | PosAcc: 0.7874 | NegAcc: 0.7187
len(easy_positives): 6117 , len(easy_negatives): 7364
len(hard_positives): 522 , len(hard_negatives): 820

CUM Mean pos prob: 0.671, Mean neg prob: 0.330
CUM Mean pos logit: 0.921, Mean neg logit: -1.491

Epoch 3, Batch 1580 | Acc: 0.7527 | PosAcc: 0.7873 | NegAcc: 0.7183
len(easy_positives): 6199 , len(easy_negatives): 7457
len(hard_positives): 525 , len(hard_negatives): 833

CUM Mean pos prob: 0.671, Mean neg prob: 0.330
CUM Mean pos logit: 0.922, Mean neg logit: -1.488

Epoch 3, Batch 1600 | Acc: 0.7524 | PosAcc: 0.7862 | NegAcc: 0.7190
len(easy_positives): 6257 , len(easy_negatives): 7575
len(hard_positives): 531 , len(hard_negatives): 841

CUM Mean pos prob: 0.671, Mean neg prob: 0.330
CUM Mean pos logit: 0.920, Mean neg logit: -1.492

Epoch 3, Batch 1620 | Acc: 0.7524 | PosAcc: 0.7860 | NegAcc: 0.7192
len(easy_positives): 6344 , len(easy_negatives): 7678
len(hard_positives): 537 , len(hard_negatives): 851

CUM Mean pos prob: 0.671, Mean neg prob: 0.329
CUM Mean pos logit: 0.921, Mean neg logit: -1.500

Epoch 3, Batch 1640 | Acc: 0.7530 | PosAcc: 0.7871 | NegAcc: 0.7192
len(easy_positives): 6452 , len(easy_negatives): 7771
len(hard_positives): 540 , len(hard_negatives): 863

CUM Mean pos prob: 0.672, Mean neg prob: 0.329
CUM Mean pos logit: 0.926, Mean neg logit: -1.501

Epoch 3, Batch 1660 | Acc: 0.7531 | PosAcc: 0.7879 | NegAcc: 0.7186
len(easy_positives): 6560 , len(easy_negatives): 7874
len(hard_positives): 547 , len(hard_negatives): 880

CUM Mean pos prob: 0.672, Mean neg prob: 0.329
CUM Mean pos logit: 0.929, Mean neg logit: -1.503

Epoch 3, Batch 1680 | Acc: 0.7529 | PosAcc: 0.7877 | NegAcc: 0.7184
len(easy_positives): 6654 , len(easy_negatives): 7967
len(hard_positives): 557 , len(hard_negatives): 892

CUM Mean pos prob: 0.672, Mean neg prob: 0.329
CUM Mean pos logit: 0.930, Mean neg logit: -1.502

Epoch 3, Batch 1700 | Acc: 0.7532 | PosAcc: 0.7877 | NegAcc: 0.7190
len(easy_positives): 6717 , len(easy_negatives): 8082
len(hard_positives): 563 , len(hard_negatives): 903

CUM Mean pos prob: 0.672, Mean neg prob: 0.329
CUM Mean pos logit: 0.929, Mean neg logit: -1.511

Epoch 3, Batch 1720 | Acc: 0.7532 | PosAcc: 0.7886 | NegAcc: 0.7181
len(easy_positives): 6819 , len(easy_negatives): 8155
len(hard_positives): 572 , len(hard_negatives): 917

CUM Mean pos prob: 0.673, Mean neg prob: 0.330
CUM Mean pos logit: 0.933, Mean neg logit: -1.506

Epoch 3, Batch 1740 | Acc: 0.7530 | PosAcc: 0.7879 | NegAcc: 0.7184
len(easy_positives): 6893 , len(easy_negatives): 8263
len(hard_positives): 584 , len(hard_negatives): 930

CUM Mean pos prob: 0.672, Mean neg prob: 0.329
CUM Mean pos logit: 0.931, Mean neg logit: -1.507

Epoch 3, Batch 1760 | Acc: 0.7530 | PosAcc: 0.7877 | NegAcc: 0.7186
len(easy_positives): 6951 , len(easy_negatives): 8359
len(hard_positives): 594 , len(hard_negatives): 939

CUM Mean pos prob: 0.672, Mean neg prob: 0.329
CUM Mean pos logit: 0.928, Mean neg logit: -1.508

Epoch 3, Batch 1780 | Acc: 0.7525 | PosAcc: 0.7870 | NegAcc: 0.7183
len(easy_positives): 7028 , len(easy_negatives): 8440
len(hard_positives): 600 , len(hard_negatives): 947

CUM Mean pos prob: 0.672, Mean neg prob: 0.330
CUM Mean pos logit: 0.928, Mean neg logit: -1.505

Epoch 3, Batch 1800 | Acc: 0.7522 | PosAcc: 0.7871 | NegAcc: 0.7176
len(easy_positives): 7099 , len(easy_negatives): 8519
len(hard_positives): 606 , len(hard_negatives): 957

CUM Mean pos prob: 0.672, Mean neg prob: 0.330
CUM Mean pos logit: 0.927, Mean neg logit: -1.500

Epoch 3, Batch 1820 | Acc: 0.7522 | PosAcc: 0.7863 | NegAcc: 0.7185
len(easy_positives): 7152 , len(easy_negatives): 8638
len(hard_positives): 613 , len(hard_negatives): 961

CUM Mean pos prob: 0.671, Mean neg prob: 0.329
CUM Mean pos logit: 0.924, Mean neg logit: -1.507

Epoch 3, Batch 1840 | Acc: 0.7522 | PosAcc: 0.7865 | NegAcc: 0.7182
len(easy_positives): 7242 , len(easy_negatives): 8715
len(hard_positives): 620 , len(hard_negatives): 973

CUM Mean pos prob: 0.671, Mean neg prob: 0.330
CUM Mean pos logit: 0.925, Mean neg logit: -1.504

Epoch 3, Batch 1860 | Acc: 0.7522 | PosAcc: 0.7868 | NegAcc: 0.7180
len(easy_positives): 7336 , len(easy_negatives): 8817
len(hard_positives): 629 , len(hard_negatives): 989

CUM Mean pos prob: 0.672, Mean neg prob: 0.330
CUM Mean pos logit: 0.925, Mean neg logit: -1.507

Epoch 3, Batch 1880 | Acc: 0.7522 | PosAcc: 0.7872 | NegAcc: 0.7175
len(easy_positives): 7411 , len(easy_negatives): 8913
len(hard_positives): 638 , len(hard_negatives): 1001

CUM Mean pos prob: 0.672, Mean neg prob: 0.330
CUM Mean pos logit: 0.925, Mean neg logit: -1.510

Epoch 3, Batch 1900 | Acc: 0.7521 | PosAcc: 0.7877 | NegAcc: 0.7167
len(easy_positives): 7505 , len(easy_negatives): 8995
len(hard_positives): 645 , len(hard_negatives): 1016

CUM Mean pos prob: 0.672, Mean neg prob: 0.330
CUM Mean pos logit: 0.926, Mean neg logit: -1.508

Epoch 3, Batch 1920 | Acc: 0.7521 | PosAcc: 0.7875 | NegAcc: 0.7171
len(easy_positives): 7561 , len(easy_negatives): 9091
len(hard_positives): 649 , len(hard_negatives): 1020

CUM Mean pos prob: 0.672, Mean neg prob: 0.330
CUM Mean pos logit: 0.924, Mean neg logit: -1.509

Epoch 3, Batch 1940 | Acc: 0.7521 | PosAcc: 0.7875 | NegAcc: 0.7171
len(easy_positives): 7647 , len(easy_negatives): 9175
len(hard_positives): 658 , len(hard_negatives): 1030

CUM Mean pos prob: 0.672, Mean neg prob: 0.330
CUM Mean pos logit: 0.924, Mean neg logit: -1.507

Epoch 3, Batch 1960 | Acc: 0.7524 | PosAcc: 0.7877 | NegAcc: 0.7174
len(easy_positives): 7721 , len(easy_negatives): 9273
len(hard_positives): 665 , len(hard_negatives): 1037

CUM Mean pos prob: 0.672, Mean neg prob: 0.330
CUM Mean pos logit: 0.924, Mean neg logit: -1.508

Epoch 3, Batch 1980 | Acc: 0.7522 | PosAcc: 0.7885 | NegAcc: 0.7162
len(easy_positives): 7834 , len(easy_negatives): 9347
len(hard_positives): 671 , len(hard_negatives): 1052

CUM Mean pos prob: 0.672, Mean neg prob: 0.330
CUM Mean pos logit: 0.926, Mean neg logit: -1.505

Epoch 3, Batch 2000 | Acc: 0.7520 | PosAcc: 0.7877 | NegAcc: 0.7165
len(easy_positives): 7884 , len(easy_negatives): 9444
len(hard_positives): 680 , len(hard_negatives): 1062

CUM Mean pos prob: 0.672, Mean neg prob: 0.330
CUM Mean pos logit: 0.923, Mean neg logit: -1.506

Epoch 3, Batch 2020 | Acc: 0.7517 | PosAcc: 0.7876 | NegAcc: 0.7160
len(easy_positives): 7962 , len(easy_negatives): 9531
len(hard_positives): 686 , len(hard_negatives): 1068

CUM Mean pos prob: 0.672, Mean neg prob: 0.330
CUM Mean pos logit: 0.923, Mean neg logit: -1.505

Epoch 3, Batch 2040 | Acc: 0.7517 | PosAcc: 0.7874 | NegAcc: 0.7163
len(easy_positives): 8022 , len(easy_negatives): 9623
len(hard_positives): 691 , len(hard_negatives): 1078

CUM Mean pos prob: 0.671, Mean neg prob: 0.330
CUM Mean pos logit: 0.922, Mean neg logit: -1.508

Epoch 3, Batch 2060 | Acc: 0.7516 | PosAcc: 0.7873 | NegAcc: 0.7161
len(easy_positives): 8098 , len(easy_negatives): 9710
len(hard_positives): 695 , len(hard_negatives): 1090

CUM Mean pos prob: 0.671, Mean neg prob: 0.330
CUM Mean pos logit: 0.921, Mean neg logit: -1.506

Epoch 3, Batch 2080 | Acc: 0.7516 | PosAcc: 0.7877 | NegAcc: 0.7158
len(easy_positives): 8176 , len(easy_negatives): 9800
len(hard_positives): 702 , len(hard_negatives): 1103

CUM Mean pos prob: 0.671, Mean neg prob: 0.331
CUM Mean pos logit: 0.921, Mean neg logit: -1.505

Epoch 3, Batch 2100 | Acc: 0.7515 | PosAcc: 0.7879 | NegAcc: 0.7153
len(easy_positives): 8262 , len(easy_negatives): 9895
len(hard_positives): 708 , len(hard_negatives): 1113

CUM Mean pos prob: 0.672, Mean neg prob: 0.331
CUM Mean pos logit: 0.922, Mean neg logit: -1.505

Epoch 3, Batch 2120 | Acc: 0.7514 | PosAcc: 0.7882 | NegAcc: 0.7147
len(easy_positives): 8331 , len(easy_negatives): 9991
len(hard_positives): 712 , len(hard_negatives): 1130

CUM Mean pos prob: 0.672, Mean neg prob: 0.331
CUM Mean pos logit: 0.921, Mean neg logit: -1.505

Epoch 3, Batch 2140 | Acc: 0.7512 | PosAcc: 0.7880 | NegAcc: 0.7147
len(easy_positives): 8399 , len(easy_negatives): 10073
len(hard_positives): 720 , len(hard_negatives): 1138

CUM Mean pos prob: 0.671, Mean neg prob: 0.331
CUM Mean pos logit: 0.920, Mean neg logit: -1.503

Epoch 3, Batch 2160 | Acc: 0.7510 | PosAcc: 0.7881 | NegAcc: 0.7142
len(easy_positives): 8466 , len(easy_negatives): 10147
len(hard_positives): 726 , len(hard_negatives): 1151

CUM Mean pos prob: 0.671, Mean neg prob: 0.331
CUM Mean pos logit: 0.919, Mean neg logit: -1.500

Epoch 3, Batch 2180 | Acc: 0.7507 | PosAcc: 0.7878 | NegAcc: 0.7140
len(easy_positives): 8531 , len(easy_negatives): 10234
len(hard_positives): 734 , len(hard_negatives): 1162

CUM Mean pos prob: 0.671, Mean neg prob: 0.331
CUM Mean pos logit: 0.918, Mean neg logit: -1.500

Epoch 3, Batch 2200 | Acc: 0.7507 | PosAcc: 0.7877 | NegAcc: 0.7140
len(easy_positives): 8609 , len(easy_negatives): 10336
len(hard_positives): 741 , len(hard_negatives): 1169

CUM Mean pos prob: 0.671, Mean neg prob: 0.331
CUM Mean pos logit: 0.918, Mean neg logit: -1.503

Epoch 3, Batch 2220 | Acc: 0.7506 | PosAcc: 0.7882 | NegAcc: 0.7133
len(easy_positives): 8693 , len(easy_negatives): 10407
len(hard_positives): 745 , len(hard_negatives): 1184

CUM Mean pos prob: 0.671, Mean neg prob: 0.332
CUM Mean pos logit: 0.919, Mean neg logit: -1.501

Epoch 3, Batch 2240 | Acc: 0.7506 | PosAcc: 0.7875 | NegAcc: 0.7139
len(easy_positives): 8751 , len(easy_negatives): 10534
len(hard_positives): 757 , len(hard_negatives): 1192

CUM Mean pos prob: 0.671, Mean neg prob: 0.331
CUM Mean pos logit: 0.916, Mean neg logit: -1.503

Epoch 3, Batch 2260 | Acc: 0.7510 | PosAcc: 0.7883 | NegAcc: 0.7139
len(easy_positives): 8840 , len(easy_negatives): 10621
len(hard_positives): 762 , len(hard_negatives): 1203

CUM Mean pos prob: 0.671, Mean neg prob: 0.331
CUM Mean pos logit: 0.918, Mean neg logit: -1.503

Epoch 3, Batch 2280 | Acc: 0.7511 | PosAcc: 0.7883 | NegAcc: 0.7143
len(easy_positives): 8914 , len(easy_negatives): 10733
len(hard_positives): 769 , len(hard_negatives): 1209

CUM Mean pos prob: 0.671, Mean neg prob: 0.331
CUM Mean pos logit: 0.918, Mean neg logit: -1.504

Epoch 3, Batch 2300 | Acc: 0.7512 | PosAcc: 0.7886 | NegAcc: 0.7142
len(easy_positives): 9000 , len(easy_negatives): 10830
len(hard_positives): 778 , len(hard_negatives): 1219

CUM Mean pos prob: 0.671, Mean neg prob: 0.331
CUM Mean pos logit: 0.920, Mean neg logit: -1.507

Epoch 3, Batch 2320 | Acc: 0.7510 | PosAcc: 0.7890 | NegAcc: 0.7131
len(easy_positives): 9107 , len(easy_negatives): 10897
len(hard_positives): 781 , len(hard_negatives): 1232

CUM Mean pos prob: 0.672, Mean neg prob: 0.331
CUM Mean pos logit: 0.922, Mean neg logit: -1.503

Epoch 3, Batch 2340 | Acc: 0.7510 | PosAcc: 0.7888 | NegAcc: 0.7135
len(easy_positives): 9160 , len(easy_negatives): 10997
len(hard_positives): 786 , len(hard_negatives): 1238

CUM Mean pos prob: 0.671, Mean neg prob: 0.331
CUM Mean pos logit: 0.920, Mean neg logit: -1.505

Epoch 3, Batch 2360 | Acc: 0.7512 | PosAcc: 0.7891 | NegAcc: 0.7135
len(easy_positives): 9259 , len(easy_negatives): 11096
len(hard_positives): 794 , len(hard_negatives): 1254

CUM Mean pos prob: 0.672, Mean neg prob: 0.331
CUM Mean pos logit: 0.921, Mean neg logit: -1.508

Epoch 3, Batch 2380 | Acc: 0.7513 | PosAcc: 0.7890 | NegAcc: 0.7137
len(easy_positives): 9327 , len(easy_negatives): 11196
len(hard_positives): 800 , len(hard_negatives): 1262

CUM Mean pos prob: 0.672, Mean neg prob: 0.331
CUM Mean pos logit: 0.920, Mean neg logit: -1.509

Epoch 3, Batch 2400 | Acc: 0.7515 | PosAcc: 0.7896 | NegAcc: 0.7135
len(easy_positives): 9426 , len(easy_negatives): 11277
len(hard_positives): 806 , len(hard_negatives): 1278

CUM Mean pos prob: 0.672, Mean neg prob: 0.331
CUM Mean pos logit: 0.922, Mean neg logit: -1.508

Epoch 3, Batch 2420 | Acc: 0.7517 | PosAcc: 0.7897 | NegAcc: 0.7138
len(easy_positives): 9502 , len(easy_negatives): 11376
len(hard_positives): 814 , len(hard_negatives): 1286

CUM Mean pos prob: 0.672, Mean neg prob: 0.331
CUM Mean pos logit: 0.923, Mean neg logit: -1.511

Epoch 3, Batch 2440 | Acc: 0.7517 | PosAcc: 0.7896 | NegAcc: 0.7140
len(easy_positives): 9578 , len(easy_negatives): 11471
len(hard_positives): 822 , len(hard_negatives): 1293

CUM Mean pos prob: 0.672, Mean neg prob: 0.331
CUM Mean pos logit: 0.922, Mean neg logit: -1.511

Epoch 3, Batch 2460 | Acc: 0.7517 | PosAcc: 0.7897 | NegAcc: 0.7140
len(easy_positives): 9646 , len(easy_negatives): 11586
len(hard_positives): 829 , len(hard_negatives): 1302

CUM Mean pos prob: 0.672, Mean neg prob: 0.331
CUM Mean pos logit: 0.922, Mean neg logit: -1.514

Epoch 3, Batch 2480 | Acc: 0.7517 | PosAcc: 0.7895 | NegAcc: 0.7142
len(easy_positives): 9720 , len(easy_negatives): 11685
len(hard_positives): 836 , len(hard_negatives): 1310

CUM Mean pos prob: 0.672, Mean neg prob: 0.331
CUM Mean pos logit: 0.921, Mean neg logit: -1.515

Epoch 3, Batch 2500 | Acc: 0.7517 | PosAcc: 0.7896 | NegAcc: 0.7141
len(easy_positives): 9797 , len(easy_negatives): 11778
len(hard_positives): 839 , len(hard_negatives): 1320

CUM Mean pos prob: 0.672, Mean neg prob: 0.331
CUM Mean pos logit: 0.921, Mean neg logit: -1.513

Epoch 3, Batch 2520 | Acc: 0.7520 | PosAcc: 0.7900 | NegAcc: 0.7142
len(easy_positives): 9893 , len(easy_negatives): 11862
len(hard_positives): 843 , len(hard_negatives): 1329

CUM Mean pos prob: 0.672, Mean neg prob: 0.331
CUM Mean pos logit: 0.922, Mean neg logit: -1.514

Epoch 3, Batch 2540 | Acc: 0.7523 | PosAcc: 0.7904 | NegAcc: 0.7145
len(easy_positives): 9989 , len(easy_negatives): 11971
len(hard_positives): 847 , len(hard_negatives): 1344

CUM Mean pos prob: 0.672, Mean neg prob: 0.330
CUM Mean pos logit: 0.924, Mean neg logit: -1.517

Epoch 3, Batch 2560 | Acc: 0.7525 | PosAcc: 0.7905 | NegAcc: 0.7147
len(easy_positives): 10087 , len(easy_negatives): 12072
len(hard_positives): 856 , len(hard_negatives): 1358

CUM Mean pos prob: 0.672, Mean neg prob: 0.330
CUM Mean pos logit: 0.925, Mean neg logit: -1.521

Epoch 3, Batch 2580 | Acc: 0.7526 | PosAcc: 0.7908 | NegAcc: 0.7145
len(easy_positives): 10187 , len(easy_negatives): 12163
len(hard_positives): 861 , len(hard_negatives): 1371

CUM Mean pos prob: 0.673, Mean neg prob: 0.330
CUM Mean pos logit: 0.926, Mean neg logit: -1.521

Epoch 3, Batch 2600 | Acc: 0.7524 | PosAcc: 0.7906 | NegAcc: 0.7143
len(easy_positives): 10276 , len(easy_negatives): 12240
len(hard_positives): 870 , len(hard_negatives): 1382

CUM Mean pos prob: 0.673, Mean neg prob: 0.331
CUM Mean pos logit: 0.926, Mean neg logit: -1.520

Epoch 3, Batch 2620 | Acc: 0.7526 | PosAcc: 0.7910 | NegAcc: 0.7142
len(easy_positives): 10380 , len(easy_negatives): 12315
len(hard_positives): 874 , len(hard_negatives): 1397

CUM Mean pos prob: 0.673, Mean neg prob: 0.331
CUM Mean pos logit: 0.928, Mean neg logit: -1.519

Epoch 3, Batch 2640 | Acc: 0.7526 | PosAcc: 0.7914 | NegAcc: 0.7139
len(easy_positives): 10503 , len(easy_negatives): 12393
len(hard_positives): 876 , len(hard_negatives): 1417

CUM Mean pos prob: 0.674, Mean neg prob: 0.331
CUM Mean pos logit: 0.932, Mean neg logit: -1.521

Epoch 3, Batch 2660 | Acc: 0.7528 | PosAcc: 0.7915 | NegAcc: 0.7140
len(easy_positives): 10588 , len(easy_negatives): 12485
len(hard_positives): 886 , len(hard_negatives): 1433

CUM Mean pos prob: 0.674, Mean neg prob: 0.331
CUM Mean pos logit: 0.932, Mean neg logit: -1.521

Epoch 3, Batch 2680 | Acc: 0.7530 | PosAcc: 0.7920 | NegAcc: 0.7140
len(easy_positives): 10702 , len(easy_negatives): 12576
len(hard_positives): 892 , len(hard_negatives): 1444

CUM Mean pos prob: 0.674, Mean neg prob: 0.331
CUM Mean pos logit: 0.935, Mean neg logit: -1.523

Epoch 3, Batch 2700 | Acc: 0.7531 | PosAcc: 0.7920 | NegAcc: 0.7141
len(easy_positives): 10787 , len(easy_negatives): 12685
len(hard_positives): 895 , len(hard_negatives): 1459

CUM Mean pos prob: 0.674, Mean neg prob: 0.331
CUM Mean pos logit: 0.937, Mean neg logit: -1.525

Epoch 3, Batch 2720 | Acc: 0.7528 | PosAcc: 0.7915 | NegAcc: 0.7140
len(easy_positives): 10857 , len(easy_negatives): 12789
len(hard_positives): 902 , len(hard_negatives): 1476

CUM Mean pos prob: 0.674, Mean neg prob: 0.331
CUM Mean pos logit: 0.936, Mean neg logit: -1.526

Epoch 3, Batch 2740 | Acc: 0.7527 | PosAcc: 0.7910 | NegAcc: 0.7144
len(easy_positives): 10905 , len(easy_negatives): 12897
len(hard_positives): 911 , len(hard_negatives): 1484

CUM Mean pos prob: 0.674, Mean neg prob: 0.331
CUM Mean pos logit: 0.934, Mean neg logit: -1.527

Epoch 3, Batch 2760 | Acc: 0.7529 | PosAcc: 0.7916 | NegAcc: 0.7142
len(easy_positives): 11014 , len(easy_negatives): 12981
len(hard_positives): 915 , len(hard_negatives): 1502

CUM Mean pos prob: 0.674, Mean neg prob: 0.331
CUM Mean pos logit: 0.936, Mean neg logit: -1.526

Epoch 3, Batch 2780 | Acc: 0.7529 | PosAcc: 0.7913 | NegAcc: 0.7144
len(easy_positives): 11083 , len(easy_negatives): 13079
len(hard_positives): 918 , len(hard_negatives): 1510

CUM Mean pos prob: 0.674, Mean neg prob: 0.331
CUM Mean pos logit: 0.935, Mean neg logit: -1.526

Epoch 3, Batch 2800 | Acc: 0.7530 | PosAcc: 0.7913 | NegAcc: 0.7146
len(easy_positives): 11172 , len(easy_negatives): 13184
len(hard_positives): 928 , len(hard_negatives): 1525

CUM Mean pos prob: 0.674, Mean neg prob: 0.330
CUM Mean pos logit: 0.936, Mean neg logit: -1.528

Epoch 3, Batch 2820 | Acc: 0.7530 | PosAcc: 0.7913 | NegAcc: 0.7147
len(easy_positives): 11235 , len(easy_negatives): 13283
len(hard_positives): 932 , len(hard_negatives): 1537

CUM Mean pos prob: 0.674, Mean neg prob: 0.330
CUM Mean pos logit: 0.935, Mean neg logit: -1.528

Epoch 3, Batch 2840 | Acc: 0.7533 | PosAcc: 0.7917 | NegAcc: 0.7149
len(easy_positives): 11322 , len(easy_negatives): 13377
len(hard_positives): 938 , len(hard_negatives): 1548

CUM Mean pos prob: 0.674, Mean neg prob: 0.330
CUM Mean pos logit: 0.936, Mean neg logit: -1.530

Epoch 3, Batch 2860 | Acc: 0.7535 | PosAcc: 0.7921 | NegAcc: 0.7149
len(easy_positives): 11420 , len(easy_negatives): 13482
len(hard_positives): 941 , len(hard_negatives): 1559

CUM Mean pos prob: 0.674, Mean neg prob: 0.330
CUM Mean pos logit: 0.937, Mean neg logit: -1.532

Epoch 3, Batch 2880 | Acc: 0.7537 | PosAcc: 0.7922 | NegAcc: 0.7152
len(easy_positives): 11511 , len(easy_negatives): 13590
len(hard_positives): 948 , len(hard_negatives): 1568

CUM Mean pos prob: 0.674, Mean neg prob: 0.330
CUM Mean pos logit: 0.939, Mean neg logit: -1.536

Epoch 3, Batch 2900 | Acc: 0.7536 | PosAcc: 0.7920 | NegAcc: 0.7154
len(easy_positives): 11579 , len(easy_negatives): 13690
len(hard_positives): 959 , len(hard_negatives): 1576

CUM Mean pos prob: 0.674, Mean neg prob: 0.330
CUM Mean pos logit: 0.938, Mean neg logit: -1.535

Epoch 3, Batch 2920 | Acc: 0.7538 | PosAcc: 0.7923 | NegAcc: 0.7154
len(easy_positives): 11658 , len(easy_negatives): 13779
len(hard_positives): 964 , len(hard_negatives): 1589

CUM Mean pos prob: 0.674, Mean neg prob: 0.330
CUM Mean pos logit: 0.938, Mean neg logit: -1.535

Epoch 3, Batch 2940 | Acc: 0.7540 | PosAcc: 0.7926 | NegAcc: 0.7155
len(easy_positives): 11748 , len(easy_negatives): 13875
len(hard_positives): 975 , len(hard_negatives): 1596

CUM Mean pos prob: 0.675, Mean neg prob: 0.330
CUM Mean pos logit: 0.939, Mean neg logit: -1.535

Epoch 3, Batch 2960 | Acc: 0.7539 | PosAcc: 0.7925 | NegAcc: 0.7154
len(easy_positives): 11821 , len(easy_negatives): 13970
len(hard_positives): 982 , len(hard_negatives): 1610

CUM Mean pos prob: 0.674, Mean neg prob: 0.330
CUM Mean pos logit: 0.938, Mean neg logit: -1.533

Epoch 3, Batch 2980 | Acc: 0.7539 | PosAcc: 0.7920 | NegAcc: 0.7160
len(easy_positives): 11877 , len(easy_negatives): 14097
len(hard_positives): 990 , len(hard_negatives): 1619

CUM Mean pos prob: 0.674, Mean neg prob: 0.330
CUM Mean pos logit: 0.937, Mean neg logit: -1.536

Epoch 3, Batch 3000 | Acc: 0.7541 | PosAcc: 0.7923 | NegAcc: 0.7160
len(easy_positives): 11969 , len(easy_negatives): 14186
len(hard_positives): 996 , len(hard_negatives): 1632

CUM Mean pos prob: 0.674, Mean neg prob: 0.330
CUM Mean pos logit: 0.938, Mean neg logit: -1.538

Epoch 3, Batch 3020 | Acc: 0.7540 | PosAcc: 0.7919 | NegAcc: 0.7162
len(easy_positives): 12053 , len(easy_negatives): 14295
len(hard_positives): 1006 , len(hard_negatives): 1641

CUM Mean pos prob: 0.674, Mean neg prob: 0.329
CUM Mean pos logit: 0.937, Mean neg logit: -1.540

Epoch 3, Batch 3040 | Acc: 0.7539 | PosAcc: 0.7919 | NegAcc: 0.7160
len(easy_positives): 12145 , len(easy_negatives): 14382
len(hard_positives): 1011 , len(hard_negatives): 1652

CUM Mean pos prob: 0.674, Mean neg prob: 0.330
CUM Mean pos logit: 0.938, Mean neg logit: -1.538

Epoch 3, Batch 3060 | Acc: 0.7540 | PosAcc: 0.7916 | NegAcc: 0.7166
len(easy_positives): 12207 , len(easy_negatives): 14491
len(hard_positives): 1015 , len(hard_negatives): 1655

CUM Mean pos prob: 0.674, Mean neg prob: 0.329
CUM Mean pos logit: 0.936, Mean neg logit: -1.539

Epoch 3, Batch 3080 | Acc: 0.7541 | PosAcc: 0.7921 | NegAcc: 0.7162
len(easy_positives): 12328 , len(easy_negatives): 14567
len(hard_positives): 1018 , len(hard_negatives): 1677

CUM Mean pos prob: 0.675, Mean neg prob: 0.330
CUM Mean pos logit: 0.940, Mean neg logit: -1.537

Epoch 3, Batch 3100 | Acc: 0.7543 | PosAcc: 0.7920 | NegAcc: 0.7166
len(easy_positives): 12406 , len(easy_negatives): 14663
len(hard_positives): 1025 , len(hard_negatives): 1689

CUM Mean pos prob: 0.675, Mean neg prob: 0.329
CUM Mean pos logit: 0.940, Mean neg logit: -1.538

Epoch 3, Batch 3120 | Acc: 0.7542 | PosAcc: 0.7917 | NegAcc: 0.7168
len(easy_positives): 12487 , len(easy_negatives): 14771
len(hard_positives): 1033 , len(hard_negatives): 1700

CUM Mean pos prob: 0.674, Mean neg prob: 0.329
CUM Mean pos logit: 0.940, Mean neg logit: -1.541

Epoch 3, Batch 3140 | Acc: 0.7542 | PosAcc: 0.7917 | NegAcc: 0.7169
len(easy_positives): 12580 , len(easy_negatives): 14883
len(hard_positives): 1041 , len(hard_negatives): 1716

CUM Mean pos prob: 0.675, Mean neg prob: 0.329
CUM Mean pos logit: 0.941, Mean neg logit: -1.543

Epoch 3, Batch 3160 | Acc: 0.7543 | PosAcc: 0.7919 | NegAcc: 0.7169
len(easy_positives): 12667 , len(easy_negatives): 14973
len(hard_positives): 1046 , len(hard_negatives): 1723

CUM Mean pos prob: 0.675, Mean neg prob: 0.329
CUM Mean pos logit: 0.942, Mean neg logit: -1.544

Epoch 3, Batch 3180 | Acc: 0.7544 | PosAcc: 0.7921 | NegAcc: 0.7168
len(easy_positives): 12754 , len(easy_negatives): 15072
len(hard_positives): 1052 , len(hard_negatives): 1735

CUM Mean pos prob: 0.675, Mean neg prob: 0.329
CUM Mean pos logit: 0.942, Mean neg logit: -1.546

Epoch 3, Batch 3200 | Acc: 0.7545 | PosAcc: 0.7921 | NegAcc: 0.7169
len(easy_positives): 12850 , len(easy_negatives): 15174
len(hard_positives): 1058 , len(hard_negatives): 1747

CUM Mean pos prob: 0.675, Mean neg prob: 0.329
CUM Mean pos logit: 0.943, Mean neg logit: -1.547

Epoch 3, Batch 3220 | Acc: 0.7547 | PosAcc: 0.7926 | NegAcc: 0.7168
len(easy_positives): 12946 , len(easy_negatives): 15278
len(hard_positives): 1065 , len(hard_negatives): 1763

CUM Mean pos prob: 0.675, Mean neg prob: 0.329
CUM Mean pos logit: 0.945, Mean neg logit: -1.550

Epoch 3, Batch 3240 | Acc: 0.7545 | PosAcc: 0.7924 | NegAcc: 0.7167
len(easy_positives): 13021 , len(easy_negatives): 15395
len(hard_positives): 1070 , len(hard_negatives): 1780

CUM Mean pos prob: 0.675, Mean neg prob: 0.329
CUM Mean pos logit: 0.945, Mean neg logit: -1.555

Epoch 3, Batch 3260 | Acc: 0.7546 | PosAcc: 0.7924 | NegAcc: 0.7168
len(easy_positives): 13093 , len(easy_negatives): 15496
len(hard_positives): 1077 , len(hard_negatives): 1791

CUM Mean pos prob: 0.675, Mean neg prob: 0.329
CUM Mean pos logit: 0.944, Mean neg logit: -1.556

Epoch 3, Batch 3280 | Acc: 0.7546 | PosAcc: 0.7923 | NegAcc: 0.7170
len(easy_positives): 13175 , len(easy_negatives): 15600
len(hard_positives): 1083 , len(hard_negatives): 1797

CUM Mean pos prob: 0.675, Mean neg prob: 0.329
CUM Mean pos logit: 0.944, Mean neg logit: -1.556

Epoch 3, Batch 3300 | Acc: 0.7548 | PosAcc: 0.7926 | NegAcc: 0.7170
len(easy_positives): 13291 , len(easy_negatives): 15700
len(hard_positives): 1086 , len(hard_negatives): 1805

CUM Mean pos prob: 0.675, Mean neg prob: 0.328
CUM Mean pos logit: 0.947, Mean neg logit: -1.558

Epoch 3, Batch 3320 | Acc: 0.7548 | PosAcc: 0.7927 | NegAcc: 0.7170
len(easy_positives): 13395 , len(easy_negatives): 15802
len(hard_positives): 1098 , len(hard_negatives): 1816

CUM Mean pos prob: 0.676, Mean neg prob: 0.328
CUM Mean pos logit: 0.948, Mean neg logit: -1.561

Epoch 3, Batch 3340 | Acc: 0.7549 | PosAcc: 0.7927 | NegAcc: 0.7171
len(easy_positives): 13492 , len(easy_negatives): 15920
len(hard_positives): 1101 , len(hard_negatives): 1826

CUM Mean pos prob: 0.676, Mean neg prob: 0.328
CUM Mean pos logit: 0.950, Mean neg logit: -1.567

Epoch 3, Batch 3360 | Acc: 0.7547 | PosAcc: 0.7925 | NegAcc: 0.7169
len(easy_positives): 13586 , len(easy_negatives): 16023
len(hard_positives): 1107 , len(hard_negatives): 1839

CUM Mean pos prob: 0.676, Mean neg prob: 0.328
CUM Mean pos logit: 0.950, Mean neg logit: -1.568

Epoch 3, Batch 3380 | Acc: 0.7548 | PosAcc: 0.7926 | NegAcc: 0.7172
len(easy_positives): 13666 , len(easy_negatives): 16123
len(hard_positives): 1109 , len(hard_negatives): 1842

CUM Mean pos prob: 0.676, Mean neg prob: 0.328
CUM Mean pos logit: 0.950, Mean neg logit: -1.570

Epoch 3, Batch 3400 | Acc: 0.7550 | PosAcc: 0.7926 | NegAcc: 0.7174
len(easy_positives): 13745 , len(easy_negatives): 16238
len(hard_positives): 1115 , len(hard_negatives): 1853

CUM Mean pos prob: 0.676, Mean neg prob: 0.328
CUM Mean pos logit: 0.950, Mean neg logit: -1.572

Epoch 3, Batch 3420 | Acc: 0.7550 | PosAcc: 0.7927 | NegAcc: 0.7174
len(easy_positives): 13851 , len(easy_negatives): 16344
len(hard_positives): 1123 , len(hard_negatives): 1872

CUM Mean pos prob: 0.676, Mean neg prob: 0.328
CUM Mean pos logit: 0.952, Mean neg logit: -1.575

Epoch 3, Batch 3440 | Acc: 0.7550 | PosAcc: 0.7926 | NegAcc: 0.7176
len(easy_positives): 13910 , len(easy_negatives): 16443
len(hard_positives): 1131 , len(hard_negatives): 1877

CUM Mean pos prob: 0.676, Mean neg prob: 0.328
CUM Mean pos logit: 0.951, Mean neg logit: -1.575

Epoch 3, Batch 3460 | Acc: 0.7550 | PosAcc: 0.7923 | NegAcc: 0.7178
len(easy_positives): 13979 , len(easy_negatives): 16535
len(hard_positives): 1138 , len(hard_negatives): 1883

CUM Mean pos prob: 0.676, Mean neg prob: 0.328
CUM Mean pos logit: 0.950, Mean neg logit: -1.575

Epoch 3, Batch 3480 | Acc: 0.7551 | PosAcc: 0.7924 | NegAcc: 0.7179
len(easy_positives): 14066 , len(easy_negatives): 16634
len(hard_positives): 1142 , len(hard_negatives): 1894

CUM Mean pos prob: 0.676, Mean neg prob: 0.328
CUM Mean pos logit: 0.950, Mean neg logit: -1.576

Epoch 3, Batch 3500 | Acc: 0.7553 | PosAcc: 0.7926 | NegAcc: 0.7180
len(easy_positives): 14161 , len(easy_negatives): 16734
len(hard_positives): 1148 , len(hard_negatives): 1903

CUM Mean pos prob: 0.676, Mean neg prob: 0.328
CUM Mean pos logit: 0.951, Mean neg logit: -1.578

Epoch 3, Batch 3520 | Acc: 0.7554 | PosAcc: 0.7928 | NegAcc: 0.7181
len(easy_positives): 14254 , len(easy_negatives): 16838
len(hard_positives): 1155 , len(hard_negatives): 1916

CUM Mean pos prob: 0.676, Mean neg prob: 0.327
CUM Mean pos logit: 0.951, Mean neg logit: -1.581

Epoch 3, Batch 3540 | Acc: 0.7556 | PosAcc: 0.7934 | NegAcc: 0.7178
len(easy_positives): 14372 , len(easy_negatives): 16917
len(hard_positives): 1162 , len(hard_negatives): 1935

CUM Mean pos prob: 0.676, Mean neg prob: 0.328
CUM Mean pos logit: 0.954, Mean neg logit: -1.580

Epoch 3, Batch 3560 | Acc: 0.7555 | PosAcc: 0.7931 | NegAcc: 0.7179
len(easy_positives): 14452 , len(easy_negatives): 17017
len(hard_positives): 1174 , len(hard_negatives): 1941

CUM Mean pos prob: 0.676, Mean neg prob: 0.328
CUM Mean pos logit: 0.953, Mean neg logit: -1.580

Epoch 3, Batch 3580 | Acc: 0.7555 | PosAcc: 0.7932 | NegAcc: 0.7178
len(easy_positives): 14547 , len(easy_negatives): 17116
len(hard_positives): 1181 , len(hard_negatives): 1951

CUM Mean pos prob: 0.676, Mean neg prob: 0.327
CUM Mean pos logit: 0.953, Mean neg logit: -1.582

Epoch 3, Batch 3600 | Acc: 0.7554 | PosAcc: 0.7933 | NegAcc: 0.7176
len(easy_positives): 14628 , len(easy_negatives): 17217
len(hard_positives): 1192 , len(hard_negatives): 1956

CUM Mean pos prob: 0.676, Mean neg prob: 0.328
CUM Mean pos logit: 0.953, Mean neg logit: -1.583

Epoch 3, Batch 3620 | Acc: 0.7554 | PosAcc: 0.7932 | NegAcc: 0.7177
len(easy_positives): 14704 , len(easy_negatives): 17289
len(hard_positives): 1200 , len(hard_negatives): 1964

CUM Mean pos prob: 0.676, Mean neg prob: 0.328
CUM Mean pos logit: 0.953, Mean neg logit: -1.580

Epoch 3, Batch 3640 | Acc: 0.7556 | PosAcc: 0.7935 | NegAcc: 0.7177
len(easy_positives): 14812 , len(easy_negatives): 17380
len(hard_positives): 1203 , len(hard_negatives): 1977

CUM Mean pos prob: 0.677, Mean neg prob: 0.328
CUM Mean pos logit: 0.954, Mean neg logit: -1.579

Epoch 3, Batch 3660 | Acc: 0.7556 | PosAcc: 0.7935 | NegAcc: 0.7178
len(easy_positives): 14897 , len(easy_negatives): 17481
len(hard_positives): 1211 , len(hard_negatives): 1988

CUM Mean pos prob: 0.676, Mean neg prob: 0.328
CUM Mean pos logit: 0.954, Mean neg logit: -1.580

Epoch 3, Batch 3680 | Acc: 0.7558 | PosAcc: 0.7935 | NegAcc: 0.7181
len(easy_positives): 14968 , len(easy_negatives): 17605
len(hard_positives): 1215 , len(hard_negatives): 1998

CUM Mean pos prob: 0.676, Mean neg prob: 0.327
CUM Mean pos logit: 0.954, Mean neg logit: -1.583

Epoch 3, Batch 3700 | Acc: 0.7559 | PosAcc: 0.7938 | NegAcc: 0.7180
len(easy_positives): 15062 , len(easy_negatives): 17685
len(hard_positives): 1220 , len(hard_negatives): 2011

CUM Mean pos prob: 0.677, Mean neg prob: 0.327
CUM Mean pos logit: 0.955, Mean neg logit: -1.583

Epoch 3, Batch 3720 | Acc: 0.7560 | PosAcc: 0.7939 | NegAcc: 0.7182
len(easy_positives): 15150 , len(easy_negatives): 17791
len(hard_positives): 1223 , len(hard_negatives): 2022

CUM Mean pos prob: 0.677, Mean neg prob: 0.327
CUM Mean pos logit: 0.955, Mean neg logit: -1.585

Epoch 3, Batch 3740 | Acc: 0.7561 | PosAcc: 0.7939 | NegAcc: 0.7184
len(easy_positives): 15249 , len(easy_negatives): 17916
len(hard_positives): 1233 , len(hard_negatives): 2036

CUM Mean pos prob: 0.677, Mean neg prob: 0.327
CUM Mean pos logit: 0.957, Mean neg logit: -1.589

Epoch 3, Batch 3760 | Acc: 0.7562 | PosAcc: 0.7940 | NegAcc: 0.7184
len(easy_positives): 15353 , len(easy_negatives): 18016
len(hard_positives): 1239 , len(hard_negatives): 2050

CUM Mean pos prob: 0.677, Mean neg prob: 0.327
CUM Mean pos logit: 0.957, Mean neg logit: -1.591

Epoch 3, Batch 3780 | Acc: 0.7563 | PosAcc: 0.7941 | NegAcc: 0.7185
len(easy_positives): 15436 , len(easy_negatives): 18138
len(hard_positives): 1249 , len(hard_negatives): 2072

CUM Mean pos prob: 0.677, Mean neg prob: 0.327
CUM Mean pos logit: 0.958, Mean neg logit: -1.593

Epoch 3, Batch 3800 | Acc: 0.7564 | PosAcc: 0.7944 | NegAcc: 0.7183
len(easy_positives): 15516 , len(easy_negatives): 18225
len(hard_positives): 1251 , len(hard_negatives): 2083

CUM Mean pos prob: 0.677, Mean neg prob: 0.327
CUM Mean pos logit: 0.958, Mean neg logit: -1.593

Epoch 3, Batch 3820 | Acc: 0.7565 | PosAcc: 0.7945 | NegAcc: 0.7184
len(easy_positives): 15592 , len(easy_negatives): 18330
len(hard_positives): 1259 , len(hard_negatives): 2089

CUM Mean pos prob: 0.677, Mean neg prob: 0.327
CUM Mean pos logit: 0.958, Mean neg logit: -1.595

Epoch 3, Batch 3840 | Acc: 0.7566 | PosAcc: 0.7946 | NegAcc: 0.7186
len(easy_positives): 15704 , len(easy_negatives): 18444
len(hard_positives): 1266 , len(hard_negatives): 2099

CUM Mean pos prob: 0.677, Mean neg prob: 0.327
CUM Mean pos logit: 0.959, Mean neg logit: -1.598

Epoch 3, Batch 3860 | Acc: 0.7567 | PosAcc: 0.7946 | NegAcc: 0.7189
len(easy_positives): 15798 , len(easy_negatives): 18571
len(hard_positives): 1274 , len(hard_negatives): 2110

CUM Mean pos prob: 0.677, Mean neg prob: 0.326
CUM Mean pos logit: 0.960, Mean neg logit: -1.601

Epoch 3, Batch 3880 | Acc: 0.7570 | PosAcc: 0.7950 | NegAcc: 0.7190
len(easy_positives): 15920 , len(easy_negatives): 18685
len(hard_positives): 1275 , len(hard_negatives): 2120

CUM Mean pos prob: 0.678, Mean neg prob: 0.326
CUM Mean pos logit: 0.963, Mean neg logit: -1.605

Epoch 3, Batch 3900 | Acc: 0.7569 | PosAcc: 0.7949 | NegAcc: 0.7190
len(easy_positives): 16016 , len(easy_negatives): 18785
len(hard_positives): 1289 , len(hard_negatives): 2139

CUM Mean pos prob: 0.678, Mean neg prob: 0.326
CUM Mean pos logit: 0.962, Mean neg logit: -1.606

Epoch 3, Batch 3920 | Acc: 0.7569 | PosAcc: 0.7953 | NegAcc: 0.7185
len(easy_positives): 16108 , len(easy_negatives): 18878
len(hard_positives): 1298 , len(hard_negatives): 2150

CUM Mean pos prob: 0.678, Mean neg prob: 0.326
CUM Mean pos logit: 0.963, Mean neg logit: -1.606

Epoch 3, Batch 3940 | Acc: 0.7570 | PosAcc: 0.7950 | NegAcc: 0.7189
len(easy_positives): 16168 , len(easy_negatives): 18986
len(hard_positives): 1307 , len(hard_negatives): 2155

CUM Mean pos prob: 0.678, Mean neg prob: 0.326
CUM Mean pos logit: 0.962, Mean neg logit: -1.608

Epoch 3, Batch 3960 | Acc: 0.7570 | PosAcc: 0.7952 | NegAcc: 0.7190
len(easy_positives): 16257 , len(easy_negatives): 19076
len(hard_positives): 1313 , len(hard_negatives): 2163

CUM Mean pos prob: 0.678, Mean neg prob: 0.326
CUM Mean pos logit: 0.963, Mean neg logit: -1.609

Epoch 3, Batch 3980 | Acc: 0.7572 | PosAcc: 0.7954 | NegAcc: 0.7191
len(easy_positives): 16347 , len(easy_negatives): 19186
len(hard_positives): 1324 , len(hard_negatives): 2174

CUM Mean pos prob: 0.678, Mean neg prob: 0.326
CUM Mean pos logit: 0.963, Mean neg logit: -1.613

Epoch 3, Batch 4000 | Acc: 0.7572 | PosAcc: 0.7953 | NegAcc: 0.7191
len(easy_positives): 16431 , len(easy_negatives): 19292
len(hard_positives): 1331 , len(hard_negatives): 2195

CUM Mean pos prob: 0.678, Mean neg prob: 0.326
CUM Mean pos logit: 0.963, Mean neg logit: -1.615

Epoch 3, Batch 4020 | Acc: 0.7571 | PosAcc: 0.7953 | NegAcc: 0.7190
len(easy_positives): 16512 , len(easy_negatives): 19374
len(hard_positives): 1336 , len(hard_negatives): 2203

CUM Mean pos prob: 0.678, Mean neg prob: 0.326
CUM Mean pos logit: 0.963, Mean neg logit: -1.614

Epoch 3, Batch 4040 | Acc: 0.7571 | PosAcc: 0.7952 | NegAcc: 0.7191
len(easy_positives): 16579 , len(easy_negatives): 19482
len(hard_positives): 1340 , len(hard_negatives): 2211

CUM Mean pos prob: 0.678, Mean neg prob: 0.326
CUM Mean pos logit: 0.963, Mean neg logit: -1.614

Epoch 3, Batch 4060 | Acc: 0.7572 | PosAcc: 0.7952 | NegAcc: 0.7194
len(easy_positives): 16654 , len(easy_negatives): 19593
len(hard_positives): 1347 , len(hard_negatives): 2219

CUM Mean pos prob: 0.678, Mean neg prob: 0.326
CUM Mean pos logit: 0.963, Mean neg logit: -1.617

Epoch 3, Batch 4080 | Acc: 0.7572 | PosAcc: 0.7951 | NegAcc: 0.7193
len(easy_positives): 16743 , len(easy_negatives): 19680
len(hard_positives): 1359 , len(hard_negatives): 2234

CUM Mean pos prob: 0.678, Mean neg prob: 0.326
CUM Mean pos logit: 0.962, Mean neg logit: -1.616

Epoch 3, Batch 4100 | Acc: 0.7572 | PosAcc: 0.7951 | NegAcc: 0.7193
len(easy_positives): 16809 , len(easy_negatives): 19780
len(hard_positives): 1366 , len(hard_negatives): 2245

CUM Mean pos prob: 0.678, Mean neg prob: 0.326
CUM Mean pos logit: 0.961, Mean neg logit: -1.617

Epoch 3, Batch 4120 | Acc: 0.7572 | PosAcc: 0.7954 | NegAcc: 0.7190
len(easy_positives): 16908 , len(easy_negatives): 19865
len(hard_positives): 1368 , len(hard_negatives): 2257

CUM Mean pos prob: 0.678, Mean neg prob: 0.326
CUM Mean pos logit: 0.962, Mean neg logit: -1.617

Epoch 3, Batch 4140 | Acc: 0.7573 | PosAcc: 0.7955 | NegAcc: 0.7192
len(easy_positives): 16992 , len(easy_negatives): 19979
len(hard_positives): 1373 , len(hard_negatives): 2267

CUM Mean pos prob: 0.678, Mean neg prob: 0.326
CUM Mean pos logit: 0.963, Mean neg logit: -1.621

Epoch 3, Batch 4160 | Acc: 0.7574 | PosAcc: 0.7957 | NegAcc: 0.7192
len(easy_positives): 17086 , len(easy_negatives): 20090
len(hard_positives): 1379 , len(hard_negatives): 2277

CUM Mean pos prob: 0.678, Mean neg prob: 0.326
CUM Mean pos logit: 0.964, Mean neg logit: -1.623

Epoch 3, Batch 4180 | Acc: 0.7574 | PosAcc: 0.7956 | NegAcc: 0.7191
len(easy_positives): 17167 , len(easy_negatives): 20207
len(hard_positives): 1390 , len(hard_negatives): 2289

CUM Mean pos prob: 0.678, Mean neg prob: 0.326
CUM Mean pos logit: 0.964, Mean neg logit: -1.627

Epoch 3, Batch 4200 | Acc: 0.7573 | PosAcc: 0.7955 | NegAcc: 0.7192
len(easy_positives): 17237 , len(easy_negatives): 20303
len(hard_positives): 1399 , len(hard_negatives): 2299

CUM Mean pos prob: 0.678, Mean neg prob: 0.326
CUM Mean pos logit: 0.963, Mean neg logit: -1.627

Epoch 3, Batch 4220 | Acc: 0.7573 | PosAcc: 0.7958 | NegAcc: 0.7188
len(easy_positives): 17346 , len(easy_negatives): 20392
len(hard_positives): 1402 , len(hard_negatives): 2311

CUM Mean pos prob: 0.678, Mean neg prob: 0.326
CUM Mean pos logit: 0.964, Mean neg logit: -1.625

Epoch 3, Batch 4240 | Acc: 0.7572 | PosAcc: 0.7957 | NegAcc: 0.7188
len(easy_positives): 17413 , len(easy_negatives): 20498
len(hard_positives): 1410 , len(hard_negatives): 2319

CUM Mean pos prob: 0.678, Mean neg prob: 0.326
CUM Mean pos logit: 0.964, Mean neg logit: -1.626

Epoch 3, Batch 4260 | Acc: 0.7572 | PosAcc: 0.7956 | NegAcc: 0.7189
len(easy_positives): 17494 , len(easy_negatives): 20602
len(hard_positives): 1418 , len(hard_negatives): 2330

CUM Mean pos prob: 0.678, Mean neg prob: 0.326
CUM Mean pos logit: 0.963, Mean neg logit: -1.627

Epoch 3, Batch 4280 | Acc: 0.7572 | PosAcc: 0.7958 | NegAcc: 0.7187
len(easy_positives): 17605 , len(easy_negatives): 20690
len(hard_positives): 1422 , len(hard_negatives): 2347

CUM Mean pos prob: 0.678, Mean neg prob: 0.326
CUM Mean pos logit: 0.965, Mean neg logit: -1.627

Epoch 3, Batch 4300 | Acc: 0.7573 | PosAcc: 0.7958 | NegAcc: 0.7188
len(easy_positives): 17678 , len(easy_negatives): 20794
len(hard_positives): 1426 , len(hard_negatives): 2356

CUM Mean pos prob: 0.678, Mean neg prob: 0.326
CUM Mean pos logit: 0.964, Mean neg logit: -1.628

Epoch 3, Batch 4320 | Acc: 0.7571 | PosAcc: 0.7956 | NegAcc: 0.7187
len(easy_positives): 17757 , len(easy_negatives): 20894
len(hard_positives): 1431 , len(hard_negatives): 2364

CUM Mean pos prob: 0.678, Mean neg prob: 0.326
CUM Mean pos logit: 0.964, Mean neg logit: -1.629

Epoch 3, Batch 4340 | Acc: 0.7573 | PosAcc: 0.7960 | NegAcc: 0.7187
len(easy_positives): 17845 , len(easy_negatives): 20992
len(hard_positives): 1435 , len(hard_negatives): 2371

CUM Mean pos prob: 0.678, Mean neg prob: 0.326
CUM Mean pos logit: 0.965, Mean neg logit: -1.631

Epoch 3, Batch 4360 | Acc: 0.7574 | PosAcc: 0.7960 | NegAcc: 0.7190
len(easy_positives): 17920 , len(easy_negatives): 21112
len(hard_positives): 1442 , len(hard_negatives): 2375

CUM Mean pos prob: 0.678, Mean neg prob: 0.325
CUM Mean pos logit: 0.965, Mean neg logit: -1.634

Epoch 3, Batch 4380 | Acc: 0.7574 | PosAcc: 0.7959 | NegAcc: 0.7189
len(easy_positives): 18015 , len(easy_negatives): 21219
len(hard_positives): 1451 , len(hard_negatives): 2393

CUM Mean pos prob: 0.678, Mean neg prob: 0.325
CUM Mean pos logit: 0.966, Mean neg logit: -1.635

Epoch 3, Batch 4400 | Acc: 0.7573 | PosAcc: 0.7957 | NegAcc: 0.7190
len(easy_positives): 18100 , len(easy_negatives): 21317
len(hard_positives): 1458 , len(hard_negatives): 2400

CUM Mean pos prob: 0.678, Mean neg prob: 0.325
CUM Mean pos logit: 0.966, Mean neg logit: -1.637

Epoch 3, Batch 4420 | Acc: 0.7572 | PosAcc: 0.7955 | NegAcc: 0.7190
len(easy_positives): 18173 , len(easy_negatives): 21410
len(hard_positives): 1463 , len(hard_negatives): 2413

CUM Mean pos prob: 0.678, Mean neg prob: 0.325
CUM Mean pos logit: 0.966, Mean neg logit: -1.637

Epoch 3, Batch 4440 | Acc: 0.7572 | PosAcc: 0.7955 | NegAcc: 0.7190
len(easy_positives): 18258 , len(easy_negatives): 21522
len(hard_positives): 1469 , len(hard_negatives): 2422

CUM Mean pos prob: 0.678, Mean neg prob: 0.325
CUM Mean pos logit: 0.966, Mean neg logit: -1.638

Epoch 3, Batch 4460 | Acc: 0.7572 | PosAcc: 0.7954 | NegAcc: 0.7191
len(easy_positives): 18339 , len(easy_negatives): 21627
len(hard_positives): 1475 , len(hard_negatives): 2437

CUM Mean pos prob: 0.678, Mean neg prob: 0.325
CUM Mean pos logit: 0.966, Mean neg logit: -1.640

Epoch 3, Batch 4480 | Acc: 0.7573 | PosAcc: 0.7954 | NegAcc: 0.7193
len(easy_positives): 18421 , len(easy_negatives): 21739
len(hard_positives): 1480 , len(hard_negatives): 2447

CUM Mean pos prob: 0.678, Mean neg prob: 0.325
CUM Mean pos logit: 0.966, Mean neg logit: -1.642

Epoch 3, Batch 4500 | Acc: 0.7575 | PosAcc: 0.7957 | NegAcc: 0.7194
len(easy_positives): 18514 , len(easy_negatives): 21847
len(hard_positives): 1481 , len(hard_negatives): 2454

CUM Mean pos prob: 0.678, Mean neg prob: 0.325
CUM Mean pos logit: 0.967, Mean neg logit: -1.643

Epoch 3, Batch 4520 | Acc: 0.7576 | PosAcc: 0.7958 | NegAcc: 0.7194
len(easy_positives): 18618 , len(easy_negatives): 21933
len(hard_positives): 1489 , len(hard_negatives): 2462

CUM Mean pos prob: 0.679, Mean neg prob: 0.325
CUM Mean pos logit: 0.968, Mean neg logit: -1.645

Epoch 3, Batch 4540 | Acc: 0.7575 | PosAcc: 0.7958 | NegAcc: 0.7192
len(easy_positives): 18723 , len(easy_negatives): 22021
len(hard_positives): 1499 , len(hard_negatives): 2490

CUM Mean pos prob: 0.679, Mean neg prob: 0.325
CUM Mean pos logit: 0.969, Mean neg logit: -1.645

Epoch 3, Batch 4560 | Acc: 0.7574 | PosAcc: 0.7957 | NegAcc: 0.7190
len(easy_positives): 18819 , len(easy_negatives): 22109
len(hard_positives): 1507 , len(hard_negatives): 2502

CUM Mean pos prob: 0.679, Mean neg prob: 0.325
CUM Mean pos logit: 0.969, Mean neg logit: -1.644

Epoch 3, Batch 4580 | Acc: 0.7572 | PosAcc: 0.7952 | NegAcc: 0.7193
len(easy_positives): 18865 , len(easy_negatives): 22225
len(hard_positives): 1516 , len(hard_negatives): 2509

CUM Mean pos prob: 0.678, Mean neg prob: 0.325
CUM Mean pos logit: 0.968, Mean neg logit: -1.645

Epoch 3, Batch 4600 | Acc: 0.7571 | PosAcc: 0.7953 | NegAcc: 0.7190
len(easy_positives): 18954 , len(easy_negatives): 22305
len(hard_positives): 1522 , len(hard_negatives): 2520

CUM Mean pos prob: 0.678, Mean neg prob: 0.325
CUM Mean pos logit: 0.968, Mean neg logit: -1.644

Epoch 3, Batch 4620 | Acc: 0.7572 | PosAcc: 0.7954 | NegAcc: 0.7191
len(easy_positives): 19039 , len(easy_negatives): 22403
len(hard_positives): 1525 , len(hard_negatives): 2533

CUM Mean pos prob: 0.678, Mean neg prob: 0.325
CUM Mean pos logit: 0.968, Mean neg logit: -1.644

Epoch 3, Batch 4640 | Acc: 0.7573 | PosAcc: 0.7954 | NegAcc: 0.7192
len(easy_positives): 19121 , len(easy_negatives): 22502
len(hard_positives): 1535 , len(hard_negatives): 2542

CUM Mean pos prob: 0.678, Mean neg prob: 0.325
CUM Mean pos logit: 0.968, Mean neg logit: -1.646

Epoch 3, Batch 4660 | Acc: 0.7573 | PosAcc: 0.7955 | NegAcc: 0.7193
len(easy_positives): 19197 , len(easy_negatives): 22601
len(hard_positives): 1543 , len(hard_negatives): 2551

CUM Mean pos prob: 0.678, Mean neg prob: 0.325
CUM Mean pos logit: 0.968, Mean neg logit: -1.647

Epoch 3, Batch 4680 | Acc: 0.7574 | PosAcc: 0.7957 | NegAcc: 0.7192
len(easy_positives): 19288 , len(easy_negatives): 22692
len(hard_positives): 1548 , len(hard_negatives): 2565

CUM Mean pos prob: 0.678, Mean neg prob: 0.325
CUM Mean pos logit: 0.968, Mean neg logit: -1.647

Epoch 3, Batch 4700 | Acc: 0.7573 | PosAcc: 0.7957 | NegAcc: 0.7189
len(easy_positives): 19367 , len(easy_negatives): 22776
len(hard_positives): 1552 , len(hard_negatives): 2570

CUM Mean pos prob: 0.678, Mean neg prob: 0.325
CUM Mean pos logit: 0.968, Mean neg logit: -1.647

Epoch 3, Batch 4720 | Acc: 0.7574 | PosAcc: 0.7958 | NegAcc: 0.7190
len(easy_positives): 19467 , len(easy_negatives): 22896
len(hard_positives): 1558 , len(hard_negatives): 2582

CUM Mean pos prob: 0.679, Mean neg prob: 0.325
CUM Mean pos logit: 0.969, Mean neg logit: -1.648

Epoch 3, Batch 4740 | Acc: 0.7575 | PosAcc: 0.7958 | NegAcc: 0.7192
len(easy_positives): 19553 , len(easy_negatives): 23022
len(hard_positives): 1564 , len(hard_negatives): 2589

CUM Mean pos prob: 0.679, Mean neg prob: 0.325
CUM Mean pos logit: 0.969, Mean neg logit: -1.651

Epoch 3, Batch 4760 | Acc: 0.7575 | PosAcc: 0.7958 | NegAcc: 0.7192
len(easy_positives): 19652 , len(easy_negatives): 23124
len(hard_positives): 1571 , len(hard_negatives): 2603

CUM Mean pos prob: 0.679, Mean neg prob: 0.325
CUM Mean pos logit: 0.969, Mean neg logit: -1.651

Epoch 3, Batch 4780 | Acc: 0.7576 | PosAcc: 0.7960 | NegAcc: 0.7193
len(easy_positives): 19726 , len(easy_negatives): 23224
len(hard_positives): 1577 , len(hard_negatives): 2614

CUM Mean pos prob: 0.679, Mean neg prob: 0.325
CUM Mean pos logit: 0.969, Mean neg logit: -1.652

Epoch 3, Batch 4800 | Acc: 0.7577 | PosAcc: 0.7962 | NegAcc: 0.7193
len(easy_positives): 19817 , len(easy_negatives): 23323
len(hard_positives): 1583 , len(hard_negatives): 2623

CUM Mean pos prob: 0.679, Mean neg prob: 0.325
CUM Mean pos logit: 0.970, Mean neg logit: -1.652

Epoch 3, Batch 4820 | Acc: 0.7576 | PosAcc: 0.7960 | NegAcc: 0.7194
len(easy_positives): 19923 , len(easy_negatives): 23423
len(hard_positives): 1588 , len(hard_negatives): 2639

CUM Mean pos prob: 0.679, Mean neg prob: 0.325
CUM Mean pos logit: 0.970, Mean neg logit: -1.653

Epoch 3, Batch 4840 | Acc: 0.7577 | PosAcc: 0.7959 | NegAcc: 0.7195
len(easy_positives): 20002 , len(easy_negatives): 23546
len(hard_positives): 1595 , len(hard_negatives): 2643

CUM Mean pos prob: 0.679, Mean neg prob: 0.325
CUM Mean pos logit: 0.970, Mean neg logit: -1.656

Epoch 3, Batch 4860 | Acc: 0.7578 | PosAcc: 0.7963 | NegAcc: 0.7194
len(easy_positives): 20134 , len(easy_negatives): 23645
len(hard_positives): 1599 , len(hard_negatives): 2658

CUM Mean pos prob: 0.679, Mean neg prob: 0.325
CUM Mean pos logit: 0.973, Mean neg logit: -1.656

Epoch 3, Batch 4880 | Acc: 0.7579 | PosAcc: 0.7962 | NegAcc: 0.7196
len(easy_positives): 20226 , len(easy_negatives): 23760
len(hard_positives): 1615 , len(hard_negatives): 2672

CUM Mean pos prob: 0.679, Mean neg prob: 0.325
CUM Mean pos logit: 0.973, Mean neg logit: -1.660

Epoch 3, Batch 4900 | Acc: 0.7578 | PosAcc: 0.7963 | NegAcc: 0.7193
len(easy_positives): 20331 , len(easy_negatives): 23843
len(hard_positives): 1619 , len(hard_negatives): 2689

CUM Mean pos prob: 0.679, Mean neg prob: 0.325
CUM Mean pos logit: 0.974, Mean neg logit: -1.658

Epoch 3, Batch 4920 | Acc: 0.7577 | PosAcc: 0.7962 | NegAcc: 0.7193
len(easy_positives): 20407 , len(easy_negatives): 23937
len(hard_positives): 1624 , len(hard_negatives): 2693

CUM Mean pos prob: 0.679, Mean neg prob: 0.325
CUM Mean pos logit: 0.973, Mean neg logit: -1.659

	train_accuracy: 0.7578689631881121
	pos train_accuracy: 0.7965721040189125
	neg train_accuracy: 0.7191658223573117
Epoch 3, Batch 20 | Val Acc: 0.7672 | Val PosAcc: 0.7910 | Val NegAcc: 0.7447
len(easy_positives): 121 , len(easy_negatives): 174
len(hard_positives): 10 , len(hard_negatives): 8
CUM Mean pos prob: 0.684, Mean neg prob: 0.270
CUM Mean pos logit: 1.011, Mean neg logit: -2.643

Epoch 3, Batch 40 | Val Acc: 0.7633 | Val PosAcc: 0.7922 | Val NegAcc: 0.7344
len(easy_positives): 250 , len(easy_negatives): 306
len(hard_positives): 29 , len(hard_negatives): 27
CUM Mean pos prob: 0.683, Mean neg prob: 0.294
CUM Mean pos logit: 1.005, Mean neg logit: -2.427

Epoch 3, Batch 60 | Val Acc: 0.7547 | Val PosAcc: 0.7777 | Val NegAcc: 0.7318
len(easy_positives): 376 , len(easy_negatives): 453
len(hard_positives): 45 , len(hard_negatives): 45
CUM Mean pos prob: 0.679, Mean neg prob: 0.296
CUM Mean pos logit: 0.998, Mean neg logit: -2.390

Epoch 3, Batch 80 | Val Acc: 0.7527 | Val PosAcc: 0.7761 | Val NegAcc: 0.7296
len(easy_positives): 489 , len(easy_negatives): 608
len(hard_positives): 62 , len(hard_negatives): 64
CUM Mean pos prob: 0.676, Mean neg prob: 0.296
CUM Mean pos logit: 0.985, Mean neg logit: -2.364

Epoch 3, Batch 100 | Val Acc: 0.7606 | Val PosAcc: 0.7838 | Val NegAcc: 0.7373
len(easy_positives): 619 , len(easy_negatives): 766
len(hard_positives): 86 , len(hard_negatives): 80
CUM Mean pos prob: 0.678, Mean neg prob: 0.292
CUM Mean pos logit: 1.000, Mean neg logit: -2.418

Epoch 3, Batch 120 | Val Acc: 0.7643 | Val PosAcc: 0.7890 | Val NegAcc: 0.7392
len(easy_positives): 744 , len(easy_negatives): 924
len(hard_positives): 97 , len(hard_negatives): 90
CUM Mean pos prob: 0.680, Mean neg prob: 0.289
CUM Mean pos logit: 1.007, Mean neg logit: -2.465

Epoch 3, Batch 140 | Val Acc: 0.7625 | Val PosAcc: 0.7852 | Val NegAcc: 0.7396
len(easy_positives): 866 , len(easy_negatives): 1080
len(hard_positives): 113 , len(hard_negatives): 106
CUM Mean pos prob: 0.678, Mean neg prob: 0.290
CUM Mean pos logit: 0.997, Mean neg logit: -2.489

Epoch 3, Batch 160 | Val Acc: 0.7635 | Val PosAcc: 0.7865 | Val NegAcc: 0.7404
len(easy_positives): 976 , len(easy_negatives): 1244
len(hard_positives): 127 , len(hard_negatives): 120
CUM Mean pos prob: 0.678, Mean neg prob: 0.290
CUM Mean pos logit: 0.992, Mean neg logit: -2.426

Epoch 3, Batch 180 | Val Acc: 0.7609 | Val PosAcc: 0.7875 | Val NegAcc: 0.7345
len(easy_positives): 1095 , len(easy_negatives): 1398
len(hard_positives): 146 , len(hard_negatives): 143
CUM Mean pos prob: 0.679, Mean neg prob: 0.293
CUM Mean pos logit: 0.994, Mean neg logit: -2.394

Epoch 3, Batch 200 | Val Acc: 0.7644 | Val PosAcc: 0.7912 | Val NegAcc: 0.7375
len(easy_positives): 1237 , len(easy_negatives): 1547
len(hard_positives): 159 , len(hard_negatives): 157
CUM Mean pos prob: 0.681, Mean neg prob: 0.292
CUM Mean pos logit: 1.008, Mean neg logit: -2.410

Epoch 3, Batch 220 | Val Acc: 0.7635 | Val PosAcc: 0.7901 | Val NegAcc: 0.7370
len(easy_positives): 1346 , len(easy_negatives): 1698
len(hard_positives): 176 , len(hard_negatives): 176
CUM Mean pos prob: 0.680, Mean neg prob: 0.293
CUM Mean pos logit: 1.001, Mean neg logit: -2.403

Epoch 3, Batch 240 | Val Acc: 0.7650 | Val PosAcc: 0.7900 | Val NegAcc: 0.7399
len(easy_positives): 1458 , len(easy_negatives): 1854
len(hard_positives): 197 , len(hard_negatives): 188
CUM Mean pos prob: 0.680, Mean neg prob: 0.292
CUM Mean pos logit: 1.004, Mean neg logit: -2.427

Epoch 3, Batch 260 | Val Acc: 0.7638 | Val PosAcc: 0.7875 | Val NegAcc: 0.7402
len(easy_positives): 1573 , len(easy_negatives): 2022
len(hard_positives): 210 , len(hard_negatives): 200
CUM Mean pos prob: 0.679, Mean neg prob: 0.290
CUM Mean pos logit: 1.000, Mean neg logit: -2.449

Epoch 3, Batch 280 | Val Acc: 0.7664 | Val PosAcc: 0.7923 | Val NegAcc: 0.7406
len(easy_positives): 1685 , len(easy_negatives): 2174
len(hard_positives): 217 , len(hard_negatives): 216
CUM Mean pos prob: 0.681, Mean neg prob: 0.291
CUM Mean pos logit: 1.007, Mean neg logit: -2.447

Epoch 3, Batch 300 | Val Acc: 0.7674 | Val PosAcc: 0.7940 | Val NegAcc: 0.7408
len(easy_positives): 1813 , len(easy_negatives): 2314
len(hard_positives): 227 , len(hard_negatives): 229
CUM Mean pos prob: 0.681, Mean neg prob: 0.291
CUM Mean pos logit: 1.009, Mean neg logit: -2.412

Epoch 3, Batch 320 | Val Acc: 0.7676 | Val PosAcc: 0.7929 | Val NegAcc: 0.7424
len(easy_positives): 1926 , len(easy_negatives): 2468
len(hard_positives): 239 , len(hard_negatives): 245
CUM Mean pos prob: 0.681, Mean neg prob: 0.291
CUM Mean pos logit: 1.008, Mean neg logit: -2.401

Epoch 3, Batch 340 | Val Acc: 0.7684 | Val PosAcc: 0.7922 | Val NegAcc: 0.7446
len(easy_positives): 2044 , len(easy_negatives): 2614
len(hard_positives): 251 , len(hard_negatives): 259
CUM Mean pos prob: 0.681, Mean neg prob: 0.290
CUM Mean pos logit: 1.006, Mean neg logit: -2.394

Epoch 3, Batch 360 | Val Acc: 0.7699 | Val PosAcc: 0.7929 | Val NegAcc: 0.7468
len(easy_positives): 2169 , len(easy_negatives): 2785
len(hard_positives): 267 , len(hard_negatives): 275
CUM Mean pos prob: 0.682, Mean neg prob: 0.289
CUM Mean pos logit: 1.011, Mean neg logit: -2.401

Epoch 3, Batch 380 | Val Acc: 0.7692 | Val PosAcc: 0.7924 | Val NegAcc: 0.7461
len(easy_positives): 2274 , len(easy_negatives): 2951
len(hard_positives): 285 , len(hard_negatives): 289
CUM Mean pos prob: 0.681, Mean neg prob: 0.289
CUM Mean pos logit: 1.008, Mean neg logit: -2.401

Epoch 3, Batch 400 | Val Acc: 0.7689 | Val PosAcc: 0.7908 | Val NegAcc: 0.7471
len(easy_positives): 2402 , len(easy_negatives): 3105
len(hard_positives): 298 , len(hard_negatives): 304
CUM Mean pos prob: 0.681, Mean neg prob: 0.289
CUM Mean pos logit: 1.008, Mean neg logit: -2.400

Epoch 3, Batch 420 | Val Acc: 0.7694 | Val PosAcc: 0.7917 | Val NegAcc: 0.7473
len(easy_positives): 2526 , len(easy_negatives): 3248
len(hard_positives): 307 , len(hard_negatives): 318
CUM Mean pos prob: 0.681, Mean neg prob: 0.289
CUM Mean pos logit: 1.010, Mean neg logit: -2.403

Epoch 3, Batch 440 | Val Acc: 0.7696 | Val PosAcc: 0.7918 | Val NegAcc: 0.7476
len(easy_positives): 2640 , len(easy_negatives): 3409
len(hard_positives): 320 , len(hard_negatives): 332
CUM Mean pos prob: 0.681, Mean neg prob: 0.288
CUM Mean pos logit: 1.009, Mean neg logit: -2.415

Epoch 3, Batch 460 | Val Acc: 0.7703 | Val PosAcc: 0.7911 | Val NegAcc: 0.7497
len(easy_positives): 2759 , len(easy_negatives): 3559
len(hard_positives): 330 , len(hard_negatives): 344
CUM Mean pos prob: 0.681, Mean neg prob: 0.288
CUM Mean pos logit: 1.011, Mean neg logit: -2.424

Epoch 3, Batch 480 | Val Acc: 0.7691 | Val PosAcc: 0.7916 | Val NegAcc: 0.7469
len(easy_positives): 2897 , len(easy_negatives): 3709
len(hard_positives): 341 , len(hard_negatives): 361
CUM Mean pos prob: 0.682, Mean neg prob: 0.289
CUM Mean pos logit: 1.017, Mean neg logit: -2.406

Epoch 3, Batch 500 | Val Acc: 0.7691 | Val PosAcc: 0.7913 | Val NegAcc: 0.7472
len(easy_positives): 3011 , len(easy_negatives): 3885
len(hard_positives): 355 , len(hard_negatives): 378
CUM Mean pos prob: 0.682, Mean neg prob: 0.289
CUM Mean pos logit: 1.014, Mean neg logit: -2.408

Epoch 3, Batch 520 | Val Acc: 0.7686 | Val PosAcc: 0.7896 | Val NegAcc: 0.7478
len(easy_positives): 3117 , len(easy_negatives): 4031
len(hard_positives): 371 , len(hard_negatives): 397
CUM Mean pos prob: 0.681, Mean neg prob: 0.289
CUM Mean pos logit: 1.009, Mean neg logit: -2.400

Epoch 3, Batch 540 | Val Acc: 0.7686 | Val PosAcc: 0.7897 | Val NegAcc: 0.7478
len(easy_positives): 3236 , len(easy_negatives): 4190
len(hard_positives): 385 , len(hard_negatives): 411
CUM Mean pos prob: 0.681, Mean neg prob: 0.289
CUM Mean pos logit: 1.009, Mean neg logit: -2.405

Epoch 3, Batch 560 | Val Acc: 0.7685 | Val PosAcc: 0.7889 | Val NegAcc: 0.7483
len(easy_positives): 3340 , len(easy_negatives): 4364
len(hard_positives): 396 , len(hard_negatives): 428
CUM Mean pos prob: 0.681, Mean neg prob: 0.288
CUM Mean pos logit: 1.008, Mean neg logit: -2.411

Epoch 3, Batch 580 | Val Acc: 0.7687 | Val PosAcc: 0.7890 | Val NegAcc: 0.7487
len(easy_positives): 3454 , len(easy_negatives): 4513
len(hard_positives): 411 , len(hard_negatives): 444
CUM Mean pos prob: 0.680, Mean neg prob: 0.288
CUM Mean pos logit: 1.006, Mean neg logit: -2.415

Epoch 3, Batch 600 | Val Acc: 0.7682 | Val PosAcc: 0.7884 | Val NegAcc: 0.7484
len(easy_positives): 3572 , len(easy_negatives): 4666
len(hard_positives): 428 , len(hard_negatives): 457
CUM Mean pos prob: 0.680, Mean neg prob: 0.288
CUM Mean pos logit: 1.002, Mean neg logit: -2.419

Epoch 3, Batch 620 | Val Acc: 0.7683 | Val PosAcc: 0.7895 | Val NegAcc: 0.7474
len(easy_positives): 3699 , len(easy_negatives): 4818
len(hard_positives): 436 , len(hard_negatives): 473
CUM Mean pos prob: 0.681, Mean neg prob: 0.288
CUM Mean pos logit: 1.006, Mean neg logit: -2.420

Epoch 3, Batch 640 | Val Acc: 0.7685 | Val PosAcc: 0.7893 | Val NegAcc: 0.7478
len(easy_positives): 3819 , len(easy_negatives): 4973
len(hard_positives): 451 , len(hard_negatives): 490
CUM Mean pos prob: 0.681, Mean neg prob: 0.288
CUM Mean pos logit: 1.006, Mean neg logit: -2.419

Epoch 3, Batch 660 | Val Acc: 0.7683 | Val PosAcc: 0.7890 | Val NegAcc: 0.7479
len(easy_positives): 3944 , len(easy_negatives): 5134
len(hard_positives): 473 , len(hard_negatives): 508
CUM Mean pos prob: 0.681, Mean neg prob: 0.288
CUM Mean pos logit: 1.007, Mean neg logit: -2.415

Epoch 3, Batch 680 | Val Acc: 0.7682 | Val PosAcc: 0.7892 | Val NegAcc: 0.7473
len(easy_positives): 4072 , len(easy_negatives): 5280
len(hard_positives): 486 , len(hard_negatives): 521
CUM Mean pos prob: 0.681, Mean neg prob: 0.288
CUM Mean pos logit: 1.008, Mean neg logit: -2.414

Epoch 3, Batch 700 | Val Acc: 0.7684 | Val PosAcc: 0.7896 | Val NegAcc: 0.7474
len(easy_positives): 4180 , len(easy_negatives): 5435
len(hard_positives): 496 , len(hard_negatives): 532
CUM Mean pos prob: 0.681, Mean neg prob: 0.289
CUM Mean pos logit: 1.007, Mean neg logit: -2.407

Epoch 3, Batch 720 | Val Acc: 0.7677 | Val PosAcc: 0.7898 | Val NegAcc: 0.7457
len(easy_positives): 4287 , len(easy_negatives): 5575
len(hard_positives): 502 , len(hard_negatives): 553
CUM Mean pos prob: 0.681, Mean neg prob: 0.290
CUM Mean pos logit: 1.007, Mean neg logit: -2.398

Epoch 3, Batch 740 | Val Acc: 0.7674 | Val PosAcc: 0.7898 | Val NegAcc: 0.7452
len(easy_positives): 4406 , len(easy_negatives): 5725
len(hard_positives): 516 , len(hard_negatives): 562
CUM Mean pos prob: 0.681, Mean neg prob: 0.290
CUM Mean pos logit: 1.007, Mean neg logit: -2.389

Epoch 3, Batch 760 | Val Acc: 0.7669 | Val PosAcc: 0.7891 | Val NegAcc: 0.7448
len(easy_positives): 4523 , len(easy_negatives): 5873
len(hard_positives): 530 , len(hard_negatives): 576
CUM Mean pos prob: 0.681, Mean neg prob: 0.290
CUM Mean pos logit: 1.004, Mean neg logit: -2.386

Epoch 3, Batch 780 | Val Acc: 0.7669 | Val PosAcc: 0.7893 | Val NegAcc: 0.7445
len(easy_positives): 4667 , len(easy_negatives): 6016
len(hard_positives): 541 , len(hard_negatives): 591
CUM Mean pos prob: 0.681, Mean neg prob: 0.290
CUM Mean pos logit: 1.007, Mean neg logit: -2.382

Epoch 3, Batch 800 | Val Acc: 0.7673 | Val PosAcc: 0.7897 | Val NegAcc: 0.7450
len(easy_positives): 4788 , len(easy_negatives): 6166
len(hard_positives): 557 , len(hard_negatives): 600
CUM Mean pos prob: 0.681, Mean neg prob: 0.290
CUM Mean pos logit: 1.007, Mean neg logit: -2.380

Epoch 3, Batch 820 | Val Acc: 0.7672 | Val PosAcc: 0.7900 | Val NegAcc: 0.7444
len(easy_positives): 4903 , len(easy_negatives): 6303
len(hard_positives): 571 , len(hard_negatives): 625
CUM Mean pos prob: 0.681, Mean neg prob: 0.291
CUM Mean pos logit: 1.006, Mean neg logit: -2.373

Epoch 3, Batch 840 | Val Acc: 0.7673 | Val PosAcc: 0.7899 | Val NegAcc: 0.7449
len(easy_positives): 5014 , len(easy_negatives): 6473
len(hard_positives): 588 , len(hard_negatives): 642
CUM Mean pos prob: 0.681, Mean neg prob: 0.290
CUM Mean pos logit: 1.003, Mean neg logit: -2.373

Epoch 3, Batch 860 | Val Acc: 0.7675 | Val PosAcc: 0.7904 | Val NegAcc: 0.7446
len(easy_positives): 5143 , len(easy_negatives): 6612
len(hard_positives): 598 , len(hard_negatives): 655
CUM Mean pos prob: 0.681, Mean neg prob: 0.290
CUM Mean pos logit: 1.006, Mean neg logit: -2.376

Epoch 3, Batch 880 | Val Acc: 0.7673 | Val PosAcc: 0.7901 | Val NegAcc: 0.7446
len(easy_positives): 5262 , len(easy_negatives): 6758
len(hard_positives): 617 , len(hard_negatives): 668
CUM Mean pos prob: 0.681, Mean neg prob: 0.290
CUM Mean pos logit: 1.004, Mean neg logit: -2.371

Epoch 3, Batch 900 | Val Acc: 0.7675 | Val PosAcc: 0.7897 | Val NegAcc: 0.7452
len(easy_positives): 5371 , len(easy_negatives): 6918
len(hard_positives): 634 , len(hard_negatives): 675
CUM Mean pos prob: 0.680, Mean neg prob: 0.290
CUM Mean pos logit: 1.002, Mean neg logit: -2.376

Epoch 3, Batch 920 | Val Acc: 0.7672 | Val PosAcc: 0.7893 | Val NegAcc: 0.7451
len(easy_positives): 5491 , len(easy_negatives): 7071
len(hard_positives): 644 , len(hard_negatives): 692
CUM Mean pos prob: 0.680, Mean neg prob: 0.290
CUM Mean pos logit: 1.002, Mean neg logit: -2.370

Epoch 3, Batch 940 | Val Acc: 0.7675 | Val PosAcc: 0.7892 | Val NegAcc: 0.7459
len(easy_positives): 5589 , len(easy_negatives): 7243
len(hard_positives): 661 , len(hard_negatives): 710
CUM Mean pos prob: 0.680, Mean neg prob: 0.289
CUM Mean pos logit: 0.999, Mean neg logit: -2.380

Epoch 3, Batch 960 | Val Acc: 0.7676 | Val PosAcc: 0.7889 | Val NegAcc: 0.7463
len(easy_positives): 5710 , len(easy_negatives): 7422
len(hard_positives): 674 , len(hard_negatives): 725
CUM Mean pos prob: 0.680, Mean neg prob: 0.289
CUM Mean pos logit: 1.001, Mean neg logit: -2.380

Epoch 3, Batch 980 | Val Acc: 0.7674 | Val PosAcc: 0.7879 | Val NegAcc: 0.7469
len(easy_positives): 5830 , len(easy_negatives): 7594
len(hard_positives): 688 , len(hard_negatives): 733
CUM Mean pos prob: 0.680, Mean neg prob: 0.288
CUM Mean pos logit: 1.001, Mean neg logit: -2.395

Epoch 3, Batch 1000 | Val Acc: 0.7671 | Val PosAcc: 0.7875 | Val NegAcc: 0.7466
len(easy_positives): 5947 , len(easy_negatives): 7746
len(hard_positives): 699 , len(hard_negatives): 746
CUM Mean pos prob: 0.680, Mean neg prob: 0.288
CUM Mean pos logit: 1.001, Mean neg logit: -2.392

Epoch 3, Batch 1020 | Val Acc: 0.7676 | Val PosAcc: 0.7885 | Val NegAcc: 0.7467
len(easy_positives): 6070 , len(easy_negatives): 7896
len(hard_positives): 705 , len(hard_negatives): 759
CUM Mean pos prob: 0.681, Mean neg prob: 0.288
CUM Mean pos logit: 1.004, Mean neg logit: -2.392

Epoch 3, Batch 1040 | Val Acc: 0.7678 | Val PosAcc: 0.7887 | Val NegAcc: 0.7470
len(easy_positives): 6189 , len(easy_negatives): 8045
len(hard_positives): 719 , len(hard_negatives): 772
CUM Mean pos prob: 0.681, Mean neg prob: 0.288
CUM Mean pos logit: 1.004, Mean neg logit: -2.395

Epoch 3, Batch 1060 | Val Acc: 0.7677 | Val PosAcc: 0.7882 | Val NegAcc: 0.7472
len(easy_positives): 6316 , len(easy_negatives): 8198
len(hard_positives): 741 , len(hard_negatives): 787
CUM Mean pos prob: 0.680, Mean neg prob: 0.288
CUM Mean pos logit: 1.002, Mean neg logit: -2.397

Epoch 3, Batch 1080 | Val Acc: 0.7675 | Val PosAcc: 0.7881 | Val NegAcc: 0.7469
len(easy_positives): 6436 , len(easy_negatives): 8348
len(hard_positives): 753 , len(hard_negatives): 806
CUM Mean pos prob: 0.680, Mean neg prob: 0.288
CUM Mean pos logit: 1.003, Mean neg logit: -2.394

Epoch 3, Batch 1100 | Val Acc: 0.7672 | Val PosAcc: 0.7877 | Val NegAcc: 0.7468
len(easy_positives): 6549 , len(easy_negatives): 8514
len(hard_positives): 771 , len(hard_negatives): 825
CUM Mean pos prob: 0.680, Mean neg prob: 0.288
CUM Mean pos logit: 1.001, Mean neg logit: -2.396

Epoch 3, Batch 1120 | Val Acc: 0.7671 | Val PosAcc: 0.7875 | Val NegAcc: 0.7468
len(easy_positives): 6671 , len(easy_negatives): 8669
len(hard_positives): 791 , len(hard_negatives): 838
CUM Mean pos prob: 0.680, Mean neg prob: 0.289
CUM Mean pos logit: 1.001, Mean neg logit: -2.390

Epoch 3, Batch 1140 | Val Acc: 0.7672 | Val PosAcc: 0.7871 | Val NegAcc: 0.7473
len(easy_positives): 6800 , len(easy_negatives): 8822
len(hard_positives): 808 , len(hard_negatives): 855
CUM Mean pos prob: 0.680, Mean neg prob: 0.288
CUM Mean pos logit: 0.999, Mean neg logit: -2.391

Epoch 3, Batch 1160 | Val Acc: 0.7671 | Val PosAcc: 0.7873 | Val NegAcc: 0.7468
len(easy_positives): 6916 , len(easy_negatives): 8972
len(hard_positives): 822 , len(hard_negatives): 865
CUM Mean pos prob: 0.680, Mean neg prob: 0.288
CUM Mean pos logit: 1.000, Mean neg logit: -2.392

Epoch 3, Batch 1180 | Val Acc: 0.7674 | Val PosAcc: 0.7877 | Val NegAcc: 0.7471
len(easy_positives): 7044 , len(easy_negatives): 9135
len(hard_positives): 835 , len(hard_negatives): 878
CUM Mean pos prob: 0.680, Mean neg prob: 0.288
CUM Mean pos logit: 1.001, Mean neg logit: -2.402

Epoch 3, Batch 1200 | Val Acc: 0.7672 | Val PosAcc: 0.7874 | Val NegAcc: 0.7471
len(easy_positives): 7157 , len(easy_negatives): 9276
len(hard_positives): 852 , len(hard_negatives): 893
CUM Mean pos prob: 0.680, Mean neg prob: 0.288
CUM Mean pos logit: 0.999, Mean neg logit: -2.403

Epoch 3, Batch 1220 | Val Acc: 0.7672 | Val PosAcc: 0.7872 | Val NegAcc: 0.7472
len(easy_positives): 7274 , len(easy_negatives): 9426
len(hard_positives): 866 , len(hard_negatives): 905
CUM Mean pos prob: 0.680, Mean neg prob: 0.288
CUM Mean pos logit: 0.999, Mean neg logit: -2.403

	val_accuracy: 0.7671225937183384
	pos val_accuracy: 0.7871327254305978
	neg val_accuracy: 0.7471124620060791
../Sim5/model3_FE2dis_inrWaterPHD2_5.pt
Epoch 4, Batch 20 | Acc: 0.7708 | PosAcc: 0.8373 | NegAcc: 0.6974
len(easy_positives): 112 , len(easy_negatives): 97
len(hard_positives): 9 , len(hard_negatives): 17

CUM Mean pos prob: 0.716, Mean neg prob: 0.327
CUM Mean pos logit: 1.241, Mean neg logit: -1.993

Epoch 4, Batch 40 | Acc: 0.7635 | PosAcc: 0.8004 | NegAcc: 0.7265
len(easy_positives): 187 , len(easy_negatives): 207
len(hard_positives): 22 , len(hard_negatives): 20

CUM Mean pos prob: 0.689, Mean neg prob: 0.310
CUM Mean pos logit: 1.058, Mean neg logit: -2.120

Epoch 4, Batch 60 | Acc: 0.7736 | PosAcc: 0.8276 | NegAcc: 0.7179
len(easy_positives): 286 , len(easy_negatives): 300
len(hard_positives): 27 , len(hard_negatives): 29

CUM Mean pos prob: 0.701, Mean neg prob: 0.319
CUM Mean pos logit: 1.108, Mean neg logit: -1.950

Epoch 4, Batch 80 | Acc: 0.7792 | PosAcc: 0.8328 | NegAcc: 0.7224
len(easy_positives): 379 , len(easy_negatives): 395
len(hard_positives): 31 , len(hard_negatives): 39

CUM Mean pos prob: 0.702, Mean neg prob: 0.317
CUM Mean pos logit: 1.113, Mean neg logit: -1.959

Epoch 4, Batch 100 | Acc: 0.7733 | PosAcc: 0.8278 | NegAcc: 0.7166
len(easy_positives): 470 , len(easy_negatives): 509
len(hard_positives): 40 , len(hard_negatives): 58

CUM Mean pos prob: 0.701, Mean neg prob: 0.317
CUM Mean pos logit: 1.104, Mean neg logit: -1.925

Epoch 4, Batch 120 | Acc: 0.7691 | PosAcc: 0.8147 | NegAcc: 0.7214
len(easy_positives): 565 , len(easy_negatives): 626
len(hard_positives): 48 , len(hard_negatives): 65

CUM Mean pos prob: 0.696, Mean neg prob: 0.312
CUM Mean pos logit: 1.082, Mean neg logit: -1.952

Epoch 4, Batch 140 | Acc: 0.7688 | PosAcc: 0.8219 | NegAcc: 0.7134
len(easy_positives): 669 , len(easy_negatives): 729
len(hard_positives): 55 , len(hard_negatives): 85

CUM Mean pos prob: 0.700, Mean neg prob: 0.316
CUM Mean pos logit: 1.114, Mean neg logit: -1.952

Epoch 4, Batch 160 | Acc: 0.7656 | PosAcc: 0.8256 | NegAcc: 0.7024
len(easy_positives): 771 , len(easy_negatives): 804
len(hard_positives): 59 , len(hard_negatives): 95

CUM Mean pos prob: 0.701, Mean neg prob: 0.322
CUM Mean pos logit: 1.108, Mean neg logit: -1.876

Epoch 4, Batch 180 | Acc: 0.7660 | PosAcc: 0.8213 | NegAcc: 0.7077
len(easy_positives): 870 , len(easy_negatives): 909
len(hard_positives): 69 , len(hard_negatives): 104

CUM Mean pos prob: 0.700, Mean neg prob: 0.319
CUM Mean pos logit: 1.106, Mean neg logit: -1.864

Epoch 4, Batch 200 | Acc: 0.7690 | PosAcc: 0.8201 | NegAcc: 0.7153
len(easy_positives): 971 , len(easy_negatives): 1017
len(hard_positives): 74 , len(hard_negatives): 118

CUM Mean pos prob: 0.700, Mean neg prob: 0.317
CUM Mean pos logit: 1.104, Mean neg logit: -1.892

Epoch 4, Batch 220 | Acc: 0.7701 | PosAcc: 0.8217 | NegAcc: 0.7161
len(easy_positives): 1066 , len(easy_negatives): 1123
len(hard_positives): 81 , len(hard_negatives): 135

CUM Mean pos prob: 0.700, Mean neg prob: 0.317
CUM Mean pos logit: 1.109, Mean neg logit: -1.916

Epoch 4, Batch 240 | Acc: 0.7698 | PosAcc: 0.8199 | NegAcc: 0.7176
len(easy_positives): 1150 , len(easy_negatives): 1231
len(hard_positives): 89 , len(hard_negatives): 147

CUM Mean pos prob: 0.699, Mean neg prob: 0.316
CUM Mean pos logit: 1.099, Mean neg logit: -1.925

Epoch 4, Batch 260 | Acc: 0.7704 | PosAcc: 0.8196 | NegAcc: 0.7191
len(easy_positives): 1249 , len(easy_negatives): 1334
len(hard_positives): 93 , len(hard_negatives): 156

CUM Mean pos prob: 0.699, Mean neg prob: 0.314
CUM Mean pos logit: 1.098, Mean neg logit: -1.938

Epoch 4, Batch 280 | Acc: 0.7698 | PosAcc: 0.8158 | NegAcc: 0.7231
len(easy_positives): 1313 , len(easy_negatives): 1451
len(hard_positives): 100 , len(hard_negatives): 167

CUM Mean pos prob: 0.696, Mean neg prob: 0.314
CUM Mean pos logit: 1.085, Mean neg logit: -1.932

Epoch 4, Batch 300 | Acc: 0.7675 | PosAcc: 0.8105 | NegAcc: 0.7239
len(easy_positives): 1384 , len(easy_negatives): 1558
len(hard_positives): 111 , len(hard_negatives): 176

CUM Mean pos prob: 0.694, Mean neg prob: 0.313
CUM Mean pos logit: 1.067, Mean neg logit: -1.930

Epoch 4, Batch 320 | Acc: 0.7693 | PosAcc: 0.8123 | NegAcc: 0.7258
len(easy_positives): 1472 , len(easy_negatives): 1665
len(hard_positives): 115 , len(hard_negatives): 190

CUM Mean pos prob: 0.694, Mean neg prob: 0.313
CUM Mean pos logit: 1.068, Mean neg logit: -1.925

Epoch 4, Batch 340 | Acc: 0.7685 | PosAcc: 0.8119 | NegAcc: 0.7246
len(easy_positives): 1563 , len(easy_negatives): 1768
len(hard_positives): 125 , len(hard_negatives): 205

CUM Mean pos prob: 0.693, Mean neg prob: 0.313
CUM Mean pos logit: 1.065, Mean neg logit: -1.924

Epoch 4, Batch 360 | Acc: 0.7700 | PosAcc: 0.8140 | NegAcc: 0.7251
len(easy_positives): 1684 , len(easy_negatives): 1858
len(hard_positives): 130 , len(hard_negatives): 212

CUM Mean pos prob: 0.695, Mean neg prob: 0.313
CUM Mean pos logit: 1.077, Mean neg logit: -1.914

Epoch 4, Batch 380 | Acc: 0.7705 | PosAcc: 0.8146 | NegAcc: 0.7255
len(easy_positives): 1797 , len(easy_negatives): 1964
len(hard_positives): 138 , len(hard_negatives): 223

CUM Mean pos prob: 0.697, Mean neg prob: 0.313
CUM Mean pos logit: 1.088, Mean neg logit: -1.924

Epoch 4, Batch 400 | Acc: 0.7698 | PosAcc: 0.8148 | NegAcc: 0.7240
len(easy_positives): 1882 , len(easy_negatives): 2065
len(hard_positives): 143 , len(hard_negatives): 236

CUM Mean pos prob: 0.697, Mean neg prob: 0.314
CUM Mean pos logit: 1.087, Mean neg logit: -1.907

Epoch 4, Batch 420 | Acc: 0.7688 | PosAcc: 0.8120 | NegAcc: 0.7247
len(easy_positives): 1947 , len(easy_negatives): 2161
len(hard_positives): 151 , len(hard_negatives): 243

CUM Mean pos prob: 0.694, Mean neg prob: 0.315
CUM Mean pos logit: 1.072, Mean neg logit: -1.893

Epoch 4, Batch 440 | Acc: 0.7681 | PosAcc: 0.8109 | NegAcc: 0.7246
len(easy_positives): 2022 , len(easy_negatives): 2274
len(hard_positives): 155 , len(hard_negatives): 248

CUM Mean pos prob: 0.693, Mean neg prob: 0.314
CUM Mean pos logit: 1.066, Mean neg logit: -1.906

Epoch 4, Batch 460 | Acc: 0.7665 | PosAcc: 0.8106 | NegAcc: 0.7214
len(easy_positives): 2127 , len(easy_negatives): 2351
len(hard_positives): 160 , len(hard_negatives): 267

CUM Mean pos prob: 0.694, Mean neg prob: 0.316
CUM Mean pos logit: 1.067, Mean neg logit: -1.879

Epoch 4, Batch 480 | Acc: 0.7651 | PosAcc: 0.8092 | NegAcc: 0.7203
len(easy_positives): 2197 , len(easy_negatives): 2449
len(hard_positives): 167 , len(hard_negatives): 277

CUM Mean pos prob: 0.693, Mean neg prob: 0.317
CUM Mean pos logit: 1.060, Mean neg logit: -1.872

Epoch 4, Batch 500 | Acc: 0.7652 | PosAcc: 0.8113 | NegAcc: 0.7179
len(easy_positives): 2298 , len(easy_negatives): 2529
len(hard_positives): 170 , len(hard_negatives): 287

CUM Mean pos prob: 0.693, Mean neg prob: 0.318
CUM Mean pos logit: 1.064, Mean neg logit: -1.862

Epoch 4, Batch 520 | Acc: 0.7641 | PosAcc: 0.8109 | NegAcc: 0.7160
len(easy_positives): 2385 , len(easy_negatives): 2613
len(hard_positives): 173 , len(hard_negatives): 302

CUM Mean pos prob: 0.693, Mean neg prob: 0.319
CUM Mean pos logit: 1.062, Mean neg logit: -1.845

Epoch 4, Batch 540 | Acc: 0.7637 | PosAcc: 0.8102 | NegAcc: 0.7161
len(easy_positives): 2447 , len(easy_negatives): 2720
len(hard_positives): 175 , len(hard_negatives): 317

CUM Mean pos prob: 0.693, Mean neg prob: 0.319
CUM Mean pos logit: 1.057, Mean neg logit: -1.844

Epoch 4, Batch 560 | Acc: 0.7629 | PosAcc: 0.8077 | NegAcc: 0.7174
len(easy_positives): 2506 , len(easy_negatives): 2835
len(hard_positives): 185 , len(hard_negatives): 320

CUM Mean pos prob: 0.691, Mean neg prob: 0.318
CUM Mean pos logit: 1.045, Mean neg logit: -1.852

Epoch 4, Batch 580 | Acc: 0.7621 | PosAcc: 0.8065 | NegAcc: 0.7169
len(easy_positives): 2585 , len(easy_negatives): 2930
len(hard_positives): 188 , len(hard_negatives): 327

CUM Mean pos prob: 0.690, Mean neg prob: 0.318
CUM Mean pos logit: 1.042, Mean neg logit: -1.852

Epoch 4, Batch 600 | Acc: 0.7617 | PosAcc: 0.8080 | NegAcc: 0.7146
len(easy_positives): 2693 , len(easy_negatives): 3019
len(hard_positives): 193 , len(hard_negatives): 341

CUM Mean pos prob: 0.691, Mean neg prob: 0.319
CUM Mean pos logit: 1.046, Mean neg logit: -1.840

Epoch 4, Batch 620 | Acc: 0.7601 | PosAcc: 0.8049 | NegAcc: 0.7145
len(easy_positives): 2757 , len(easy_negatives): 3105
len(hard_positives): 200 , len(hard_negatives): 346

CUM Mean pos prob: 0.689, Mean neg prob: 0.320
CUM Mean pos logit: 1.036, Mean neg logit: -1.824

Epoch 4, Batch 640 | Acc: 0.7615 | PosAcc: 0.8070 | NegAcc: 0.7150
len(easy_positives): 2845 , len(easy_negatives): 3210
len(hard_positives): 204 , len(hard_negatives): 352

CUM Mean pos prob: 0.690, Mean neg prob: 0.320
CUM Mean pos logit: 1.037, Mean neg logit: -1.834

Epoch 4, Batch 660 | Acc: 0.7616 | PosAcc: 0.8069 | NegAcc: 0.7154
len(easy_positives): 2937 , len(easy_negatives): 3322
len(hard_positives): 210 , len(hard_negatives): 365

CUM Mean pos prob: 0.690, Mean neg prob: 0.319
CUM Mean pos logit: 1.036, Mean neg logit: -1.837

Epoch 4, Batch 680 | Acc: 0.7619 | PosAcc: 0.8084 | NegAcc: 0.7145
len(easy_positives): 3049 , len(easy_negatives): 3410
len(hard_positives): 217 , len(hard_negatives): 381

CUM Mean pos prob: 0.691, Mean neg prob: 0.320
CUM Mean pos logit: 1.041, Mean neg logit: -1.835

Epoch 4, Batch 700 | Acc: 0.7617 | PosAcc: 0.8080 | NegAcc: 0.7145
len(easy_positives): 3124 , len(easy_negatives): 3502
len(hard_positives): 227 , len(hard_negatives): 387

CUM Mean pos prob: 0.690, Mean neg prob: 0.320
CUM Mean pos logit: 1.036, Mean neg logit: -1.833

Epoch 4, Batch 720 | Acc: 0.7627 | PosAcc: 0.8083 | NegAcc: 0.7161
len(easy_positives): 3211 , len(easy_negatives): 3612
len(hard_positives): 228 , len(hard_negatives): 396

CUM Mean pos prob: 0.690, Mean neg prob: 0.319
CUM Mean pos logit: 1.039, Mean neg logit: -1.838

Epoch 4, Batch 740 | Acc: 0.7634 | PosAcc: 0.8097 | NegAcc: 0.7160
len(easy_positives): 3347 , len(easy_negatives): 3707
len(hard_positives): 232 , len(hard_negatives): 407

CUM Mean pos prob: 0.692, Mean neg prob: 0.319
CUM Mean pos logit: 1.053, Mean neg logit: -1.846

Epoch 4, Batch 760 | Acc: 0.7640 | PosAcc: 0.8103 | NegAcc: 0.7165
len(easy_positives): 3443 , len(easy_negatives): 3827
len(hard_positives): 239 , len(hard_negatives): 420

CUM Mean pos prob: 0.692, Mean neg prob: 0.318
CUM Mean pos logit: 1.055, Mean neg logit: -1.865

Epoch 4, Batch 780 | Acc: 0.7645 | PosAcc: 0.8119 | NegAcc: 0.7158
len(easy_positives): 3554 , len(easy_negatives): 3920
len(hard_positives): 244 , len(hard_negatives): 440

CUM Mean pos prob: 0.693, Mean neg prob: 0.319
CUM Mean pos logit: 1.062, Mean neg logit: -1.859

Epoch 4, Batch 800 | Acc: 0.7636 | PosAcc: 0.8113 | NegAcc: 0.7149
len(easy_positives): 3628 , len(easy_negatives): 4017
len(hard_positives): 250 , len(hard_negatives): 445

CUM Mean pos prob: 0.692, Mean neg prob: 0.319
CUM Mean pos logit: 1.055, Mean neg logit: -1.859

Epoch 4, Batch 820 | Acc: 0.7638 | PosAcc: 0.8114 | NegAcc: 0.7151
len(easy_positives): 3693 , len(easy_negatives): 4100
len(hard_positives): 257 , len(hard_negatives): 448

CUM Mean pos prob: 0.692, Mean neg prob: 0.319
CUM Mean pos logit: 1.049, Mean neg logit: -1.847

Epoch 4, Batch 840 | Acc: 0.7631 | PosAcc: 0.8117 | NegAcc: 0.7133
len(easy_positives): 3787 , len(easy_negatives): 4190
len(hard_positives): 263 , len(hard_negatives): 465

CUM Mean pos prob: 0.692, Mean neg prob: 0.320
CUM Mean pos logit: 1.052, Mean neg logit: -1.837

Epoch 4, Batch 860 | Acc: 0.7638 | PosAcc: 0.8119 | NegAcc: 0.7144
len(easy_positives): 3884 , len(easy_negatives): 4291
len(hard_positives): 267 , len(hard_negatives): 474

CUM Mean pos prob: 0.692, Mean neg prob: 0.320
CUM Mean pos logit: 1.054, Mean neg logit: -1.845

Epoch 4, Batch 880 | Acc: 0.7640 | PosAcc: 0.8118 | NegAcc: 0.7149
len(easy_positives): 3971 , len(easy_negatives): 4399
len(hard_positives): 273 , len(hard_negatives): 494

CUM Mean pos prob: 0.692, Mean neg prob: 0.320
CUM Mean pos logit: 1.055, Mean neg logit: -1.848

Epoch 4, Batch 900 | Acc: 0.7643 | PosAcc: 0.8107 | NegAcc: 0.7168
len(easy_positives): 4051 , len(easy_negatives): 4537
len(hard_positives): 285 , len(hard_negatives): 507

CUM Mean pos prob: 0.691, Mean neg prob: 0.318
CUM Mean pos logit: 1.052, Mean neg logit: -1.867

Epoch 4, Batch 920 | Acc: 0.7643 | PosAcc: 0.8112 | NegAcc: 0.7165
len(easy_positives): 4137 , len(easy_negatives): 4652
len(hard_positives): 287 , len(hard_negatives): 520

CUM Mean pos prob: 0.692, Mean neg prob: 0.318
CUM Mean pos logit: 1.053, Mean neg logit: -1.876

Epoch 4, Batch 940 | Acc: 0.7641 | PosAcc: 0.8104 | NegAcc: 0.7166
len(easy_positives): 4229 , len(easy_negatives): 4744
len(hard_positives): 297 , len(hard_negatives): 526

CUM Mean pos prob: 0.691, Mean neg prob: 0.318
CUM Mean pos logit: 1.050, Mean neg logit: -1.877

Epoch 4, Batch 960 | Acc: 0.7626 | PosAcc: 0.8095 | NegAcc: 0.7146
len(easy_positives): 4309 , len(easy_negatives): 4811
len(hard_positives): 306 , len(hard_negatives): 539

CUM Mean pos prob: 0.691, Mean neg prob: 0.320
CUM Mean pos logit: 1.047, Mean neg logit: -1.862

Epoch 4, Batch 980 | Acc: 0.7626 | PosAcc: 0.8092 | NegAcc: 0.7150
len(easy_positives): 4373 , len(easy_negatives): 4917
len(hard_positives): 312 , len(hard_negatives): 546

CUM Mean pos prob: 0.690, Mean neg prob: 0.320
CUM Mean pos logit: 1.043, Mean neg logit: -1.863

Epoch 4, Batch 1000 | Acc: 0.7623 | PosAcc: 0.8099 | NegAcc: 0.7136
len(easy_positives): 4462 , len(easy_negatives): 5003
len(hard_positives): 320 , len(hard_negatives): 558

CUM Mean pos prob: 0.691, Mean neg prob: 0.320
CUM Mean pos logit: 1.043, Mean neg logit: -1.857

Epoch 4, Batch 1020 | Acc: 0.7625 | PosAcc: 0.8099 | NegAcc: 0.7140
len(easy_positives): 4557 , len(easy_negatives): 5118
len(hard_positives): 331 , len(hard_negatives): 569

CUM Mean pos prob: 0.690, Mean neg prob: 0.320
CUM Mean pos logit: 1.041, Mean neg logit: -1.863

Epoch 4, Batch 1040 | Acc: 0.7629 | PosAcc: 0.8104 | NegAcc: 0.7144
len(easy_positives): 4650 , len(easy_negatives): 5221
len(hard_positives): 335 , len(hard_negatives): 582

CUM Mean pos prob: 0.691, Mean neg prob: 0.320
CUM Mean pos logit: 1.044, Mean neg logit: -1.865

Epoch 4, Batch 1060 | Acc: 0.7636 | PosAcc: 0.8112 | NegAcc: 0.7148
len(easy_positives): 4772 , len(easy_negatives): 5315
len(hard_positives): 342 , len(hard_negatives): 596

CUM Mean pos prob: 0.691, Mean neg prob: 0.319
CUM Mean pos logit: 1.048, Mean neg logit: -1.869

Epoch 4, Batch 1080 | Acc: 0.7641 | PosAcc: 0.8114 | NegAcc: 0.7157
len(easy_positives): 4855 , len(easy_negatives): 5439
len(hard_positives): 345 , len(hard_negatives): 605

CUM Mean pos prob: 0.691, Mean neg prob: 0.319
CUM Mean pos logit: 1.048, Mean neg logit: -1.881

Epoch 4, Batch 1100 | Acc: 0.7640 | PosAcc: 0.8124 | NegAcc: 0.7143
len(easy_positives): 4961 , len(easy_negatives): 5512
len(hard_positives): 351 , len(hard_negatives): 622

CUM Mean pos prob: 0.692, Mean neg prob: 0.320
CUM Mean pos logit: 1.050, Mean neg logit: -1.874

Epoch 4, Batch 1120 | Acc: 0.7641 | PosAcc: 0.8121 | NegAcc: 0.7148
len(easy_positives): 5032 , len(easy_negatives): 5612
len(hard_positives): 356 , len(hard_negatives): 627

CUM Mean pos prob: 0.692, Mean neg prob: 0.319
CUM Mean pos logit: 1.047, Mean neg logit: -1.871

Epoch 4, Batch 1140 | Acc: 0.7644 | PosAcc: 0.8125 | NegAcc: 0.7151
len(easy_positives): 5134 , len(easy_negatives): 5705
len(hard_positives): 363 , len(hard_negatives): 642

CUM Mean pos prob: 0.692, Mean neg prob: 0.320
CUM Mean pos logit: 1.049, Mean neg logit: -1.868

Epoch 4, Batch 1160 | Acc: 0.7648 | PosAcc: 0.8123 | NegAcc: 0.7163
len(easy_positives): 5209 , len(easy_negatives): 5825
len(hard_positives): 373 , len(hard_negatives): 649

CUM Mean pos prob: 0.692, Mean neg prob: 0.319
CUM Mean pos logit: 1.047, Mean neg logit: -1.874

Epoch 4, Batch 1180 | Acc: 0.7650 | PosAcc: 0.8126 | NegAcc: 0.7165
len(easy_positives): 5319 , len(easy_negatives): 5933
len(hard_positives): 382 , len(hard_negatives): 661

CUM Mean pos prob: 0.692, Mean neg prob: 0.319
CUM Mean pos logit: 1.050, Mean neg logit: -1.880

Epoch 4, Batch 1200 | Acc: 0.7650 | PosAcc: 0.8117 | NegAcc: 0.7175
len(easy_positives): 5385 , len(easy_negatives): 6057
len(hard_positives): 389 , len(hard_negatives): 671

CUM Mean pos prob: 0.691, Mean neg prob: 0.318
CUM Mean pos logit: 1.045, Mean neg logit: -1.886

Epoch 4, Batch 1220 | Acc: 0.7652 | PosAcc: 0.8121 | NegAcc: 0.7173
len(easy_positives): 5489 , len(easy_negatives): 6148
len(hard_positives): 393 , len(hard_negatives): 680

CUM Mean pos prob: 0.691, Mean neg prob: 0.318
CUM Mean pos logit: 1.046, Mean neg logit: -1.887

Epoch 4, Batch 1240 | Acc: 0.7661 | PosAcc: 0.8134 | NegAcc: 0.7177
len(easy_positives): 5604 , len(easy_negatives): 6242
len(hard_positives): 395 , len(hard_negatives): 698

CUM Mean pos prob: 0.692, Mean neg prob: 0.318
CUM Mean pos logit: 1.051, Mean neg logit: -1.886

Epoch 4, Batch 1260 | Acc: 0.7661 | PosAcc: 0.8136 | NegAcc: 0.7176
len(easy_positives): 5698 , len(easy_negatives): 6340
len(hard_positives): 404 , len(hard_negatives): 710

CUM Mean pos prob: 0.692, Mean neg prob: 0.318
CUM Mean pos logit: 1.050, Mean neg logit: -1.886

Epoch 4, Batch 1280 | Acc: 0.7657 | PosAcc: 0.8131 | NegAcc: 0.7172
len(easy_positives): 5793 , len(easy_negatives): 6427
len(hard_positives): 408 , len(hard_negatives): 724

CUM Mean pos prob: 0.692, Mean neg prob: 0.319
CUM Mean pos logit: 1.050, Mean neg logit: -1.882

Epoch 4, Batch 1300 | Acc: 0.7652 | PosAcc: 0.8125 | NegAcc: 0.7169
len(easy_positives): 5879 , len(easy_negatives): 6518
len(hard_positives): 417 , len(hard_negatives): 733

CUM Mean pos prob: 0.692, Mean neg prob: 0.319
CUM Mean pos logit: 1.049, Mean neg logit: -1.880

Epoch 4, Batch 1320 | Acc: 0.7653 | PosAcc: 0.8123 | NegAcc: 0.7174
len(easy_positives): 5970 , len(easy_negatives): 6624
len(hard_positives): 424 , len(hard_negatives): 741

CUM Mean pos prob: 0.692, Mean neg prob: 0.319
CUM Mean pos logit: 1.048, Mean neg logit: -1.881

Epoch 4, Batch 1340 | Acc: 0.7658 | PosAcc: 0.8125 | NegAcc: 0.7181
len(easy_positives): 6063 , len(easy_negatives): 6730
len(hard_positives): 432 , len(hard_negatives): 748

CUM Mean pos prob: 0.692, Mean neg prob: 0.318
CUM Mean pos logit: 1.048, Mean neg logit: -1.888

Epoch 4, Batch 1360 | Acc: 0.7661 | PosAcc: 0.8127 | NegAcc: 0.7184
len(easy_positives): 6159 , len(easy_negatives): 6843
len(hard_positives): 438 , len(hard_negatives): 757

CUM Mean pos prob: 0.692, Mean neg prob: 0.318
CUM Mean pos logit: 1.050, Mean neg logit: -1.893

Epoch 4, Batch 1380 | Acc: 0.7659 | PosAcc: 0.8129 | NegAcc: 0.7180
len(easy_positives): 6280 , len(easy_negatives): 6948
len(hard_positives): 444 , len(hard_negatives): 767

CUM Mean pos prob: 0.693, Mean neg prob: 0.318
CUM Mean pos logit: 1.055, Mean neg logit: -1.896

Epoch 4, Batch 1400 | Acc: 0.7659 | PosAcc: 0.8120 | NegAcc: 0.7191
len(easy_positives): 6335 , len(easy_negatives): 7079
len(hard_positives): 453 , len(hard_negatives): 778

CUM Mean pos prob: 0.692, Mean neg prob: 0.317
CUM Mean pos logit: 1.051, Mean neg logit: -1.901

Epoch 4, Batch 1420 | Acc: 0.7658 | PosAcc: 0.8117 | NegAcc: 0.7191
len(easy_positives): 6420 , len(easy_negatives): 7174
len(hard_positives): 457 , len(hard_negatives): 785

CUM Mean pos prob: 0.692, Mean neg prob: 0.317
CUM Mean pos logit: 1.050, Mean neg logit: -1.897

Epoch 4, Batch 1440 | Acc: 0.7660 | PosAcc: 0.8115 | NegAcc: 0.7198
len(easy_positives): 6505 , len(easy_negatives): 7306
len(hard_positives): 464 , len(hard_negatives): 794

CUM Mean pos prob: 0.692, Mean neg prob: 0.316
CUM Mean pos logit: 1.050, Mean neg logit: -1.907

Epoch 4, Batch 1460 | Acc: 0.7663 | PosAcc: 0.8118 | NegAcc: 0.7201
len(easy_positives): 6609 , len(easy_negatives): 7416
len(hard_positives): 470 , len(hard_negatives): 808

CUM Mean pos prob: 0.692, Mean neg prob: 0.316
CUM Mean pos logit: 1.053, Mean neg logit: -1.913

Epoch 4, Batch 1480 | Acc: 0.7663 | PosAcc: 0.8119 | NegAcc: 0.7200
len(easy_positives): 6712 , len(easy_negatives): 7535
len(hard_positives): 477 , len(hard_negatives): 819

CUM Mean pos prob: 0.692, Mean neg prob: 0.316
CUM Mean pos logit: 1.054, Mean neg logit: -1.918

Epoch 4, Batch 1500 | Acc: 0.7665 | PosAcc: 0.8122 | NegAcc: 0.7201
len(easy_positives): 6816 , len(easy_negatives): 7638
len(hard_positives): 482 , len(hard_negatives): 834

CUM Mean pos prob: 0.692, Mean neg prob: 0.316
CUM Mean pos logit: 1.055, Mean neg logit: -1.922

Epoch 4, Batch 1520 | Acc: 0.7665 | PosAcc: 0.8117 | NegAcc: 0.7207
len(easy_positives): 6898 , len(easy_negatives): 7766
len(hard_positives): 492 , len(hard_negatives): 840

CUM Mean pos prob: 0.692, Mean neg prob: 0.315
CUM Mean pos logit: 1.054, Mean neg logit: -1.928

Epoch 4, Batch 1540 | Acc: 0.7663 | PosAcc: 0.8107 | NegAcc: 0.7213
len(easy_positives): 6981 , len(easy_negatives): 7863
len(hard_positives): 500 , len(hard_negatives): 847

CUM Mean pos prob: 0.692, Mean neg prob: 0.315
CUM Mean pos logit: 1.053, Mean neg logit: -1.928

Epoch 4, Batch 1560 | Acc: 0.7664 | PosAcc: 0.8105 | NegAcc: 0.7218
len(easy_positives): 7080 , len(easy_negatives): 7976
len(hard_positives): 513 , len(hard_negatives): 864

CUM Mean pos prob: 0.692, Mean neg prob: 0.315
CUM Mean pos logit: 1.054, Mean neg logit: -1.930

Epoch 4, Batch 1580 | Acc: 0.7663 | PosAcc: 0.8106 | NegAcc: 0.7216
len(easy_positives): 7158 , len(easy_negatives): 8074
len(hard_positives): 520 , len(hard_negatives): 873

CUM Mean pos prob: 0.692, Mean neg prob: 0.315
CUM Mean pos logit: 1.052, Mean neg logit: -1.927

Epoch 4, Batch 1600 | Acc: 0.7665 | PosAcc: 0.8110 | NegAcc: 0.7216
len(easy_positives): 7267 , len(easy_negatives): 8166
len(hard_positives): 528 , len(hard_negatives): 884

CUM Mean pos prob: 0.692, Mean neg prob: 0.315
CUM Mean pos logit: 1.055, Mean neg logit: -1.923

Epoch 4, Batch 1620 | Acc: 0.7669 | PosAcc: 0.8111 | NegAcc: 0.7223
len(easy_positives): 7359 , len(easy_negatives): 8290
len(hard_positives): 532 , len(hard_negatives): 891

CUM Mean pos prob: 0.692, Mean neg prob: 0.315
CUM Mean pos logit: 1.056, Mean neg logit: -1.933

Epoch 4, Batch 1640 | Acc: 0.7671 | PosAcc: 0.8113 | NegAcc: 0.7226
len(easy_positives): 7451 , len(easy_negatives): 8433
len(hard_positives): 538 , len(hard_negatives): 909

CUM Mean pos prob: 0.692, Mean neg prob: 0.314
CUM Mean pos logit: 1.057, Mean neg logit: -1.940

Epoch 4, Batch 1660 | Acc: 0.7670 | PosAcc: 0.8106 | NegAcc: 0.7232
len(easy_positives): 7527 , len(easy_negatives): 8561
len(hard_positives): 546 , len(hard_negatives): 916

CUM Mean pos prob: 0.692, Mean neg prob: 0.314
CUM Mean pos logit: 1.056, Mean neg logit: -1.947

Epoch 4, Batch 1680 | Acc: 0.7672 | PosAcc: 0.8104 | NegAcc: 0.7238
len(easy_positives): 7629 , len(easy_negatives): 8672
len(hard_positives): 557 , len(hard_negatives): 928

CUM Mean pos prob: 0.692, Mean neg prob: 0.313
CUM Mean pos logit: 1.056, Mean neg logit: -1.952

Epoch 4, Batch 1700 | Acc: 0.7675 | PosAcc: 0.8108 | NegAcc: 0.7239
len(easy_positives): 7752 , len(easy_negatives): 8782
len(hard_positives): 564 , len(hard_negatives): 948

CUM Mean pos prob: 0.693, Mean neg prob: 0.313
CUM Mean pos logit: 1.061, Mean neg logit: -1.956

Epoch 4, Batch 1720 | Acc: 0.7677 | PosAcc: 0.8108 | NegAcc: 0.7243
len(easy_positives): 7839 , len(easy_negatives): 8901
len(hard_positives): 572 , len(hard_negatives): 960

CUM Mean pos prob: 0.693, Mean neg prob: 0.313
CUM Mean pos logit: 1.060, Mean neg logit: -1.962

Epoch 4, Batch 1740 | Acc: 0.7680 | PosAcc: 0.8115 | NegAcc: 0.7240
len(easy_positives): 7946 , len(easy_negatives): 9001
len(hard_positives): 576 , len(hard_negatives): 970

CUM Mean pos prob: 0.693, Mean neg prob: 0.313
CUM Mean pos logit: 1.062, Mean neg logit: -1.962

Epoch 4, Batch 1760 | Acc: 0.7682 | PosAcc: 0.8116 | NegAcc: 0.7245
len(easy_positives): 8040 , len(easy_negatives): 9123
len(hard_positives): 579 , len(hard_negatives): 978

CUM Mean pos prob: 0.693, Mean neg prob: 0.312
CUM Mean pos logit: 1.063, Mean neg logit: -1.966

Epoch 4, Batch 1780 | Acc: 0.7683 | PosAcc: 0.8118 | NegAcc: 0.7246
len(easy_positives): 8114 , len(easy_negatives): 9239
len(hard_positives): 586 , len(hard_negatives): 987

CUM Mean pos prob: 0.693, Mean neg prob: 0.312
CUM Mean pos logit: 1.061, Mean neg logit: -1.971

Epoch 4, Batch 1800 | Acc: 0.7686 | PosAcc: 0.8124 | NegAcc: 0.7246
len(easy_positives): 8217 , len(easy_negatives): 9337
len(hard_positives): 590 , len(hard_negatives): 1003

CUM Mean pos prob: 0.693, Mean neg prob: 0.312
CUM Mean pos logit: 1.063, Mean neg logit: -1.969

Epoch 4, Batch 1820 | Acc: 0.7685 | PosAcc: 0.8122 | NegAcc: 0.7243
len(easy_positives): 8321 , len(easy_negatives): 9426
len(hard_positives): 603 , len(hard_negatives): 1017

CUM Mean pos prob: 0.693, Mean neg prob: 0.312
CUM Mean pos logit: 1.064, Mean neg logit: -1.968

Epoch 4, Batch 1840 | Acc: 0.7684 | PosAcc: 0.8124 | NegAcc: 0.7241
len(easy_positives): 8411 , len(easy_negatives): 9515
len(hard_positives): 607 , len(hard_negatives): 1034

CUM Mean pos prob: 0.693, Mean neg prob: 0.313
CUM Mean pos logit: 1.064, Mean neg logit: -1.964

Epoch 4, Batch 1860 | Acc: 0.7684 | PosAcc: 0.8122 | NegAcc: 0.7243
len(easy_positives): 8483 , len(easy_negatives): 9633
len(hard_positives): 615 , len(hard_negatives): 1041

CUM Mean pos prob: 0.693, Mean neg prob: 0.312
CUM Mean pos logit: 1.062, Mean neg logit: -1.967

Epoch 4, Batch 1880 | Acc: 0.7685 | PosAcc: 0.8122 | NegAcc: 0.7244
len(easy_positives): 8554 , len(easy_negatives): 9728
len(hard_positives): 622 , len(hard_negatives): 1048

CUM Mean pos prob: 0.693, Mean neg prob: 0.313
CUM Mean pos logit: 1.060, Mean neg logit: -1.964

Epoch 4, Batch 1900 | Acc: 0.7688 | PosAcc: 0.8132 | NegAcc: 0.7241
len(easy_positives): 8678 , len(easy_negatives): 9830
len(hard_positives): 624 , len(hard_negatives): 1068

CUM Mean pos prob: 0.693, Mean neg prob: 0.313
CUM Mean pos logit: 1.064, Mean neg logit: -1.963

Epoch 4, Batch 1920 | Acc: 0.7690 | PosAcc: 0.8135 | NegAcc: 0.7241
len(easy_positives): 8773 , len(easy_negatives): 9933
len(hard_positives): 630 , len(hard_negatives): 1078

CUM Mean pos prob: 0.693, Mean neg prob: 0.313
CUM Mean pos logit: 1.065, Mean neg logit: -1.965

Epoch 4, Batch 1940 | Acc: 0.7695 | PosAcc: 0.8142 | NegAcc: 0.7243
len(easy_positives): 8891 , len(easy_negatives): 10052
len(hard_positives): 637 , len(hard_negatives): 1088

CUM Mean pos prob: 0.694, Mean neg prob: 0.312
CUM Mean pos logit: 1.068, Mean neg logit: -1.971

Epoch 4, Batch 1960 | Acc: 0.7698 | PosAcc: 0.8146 | NegAcc: 0.7246
len(easy_positives): 9012 , len(easy_negatives): 10173
len(hard_positives): 639 , len(hard_negatives): 1097

CUM Mean pos prob: 0.694, Mean neg prob: 0.312
CUM Mean pos logit: 1.072, Mean neg logit: -1.979

Epoch 4, Batch 1980 | Acc: 0.7697 | PosAcc: 0.8146 | NegAcc: 0.7244
len(easy_positives): 9116 , len(easy_negatives): 10269
len(hard_positives): 647 , len(hard_negatives): 1110

CUM Mean pos prob: 0.694, Mean neg prob: 0.312
CUM Mean pos logit: 1.074, Mean neg logit: -1.981

Epoch 4, Batch 2000 | Acc: 0.7695 | PosAcc: 0.8146 | NegAcc: 0.7241
len(easy_positives): 9210 , len(easy_negatives): 10352
len(hard_positives): 656 , len(hard_negatives): 1123

CUM Mean pos prob: 0.694, Mean neg prob: 0.313
CUM Mean pos logit: 1.074, Mean neg logit: -1.976

Epoch 4, Batch 2020 | Acc: 0.7696 | PosAcc: 0.8140 | NegAcc: 0.7248
len(easy_positives): 9265 , len(easy_negatives): 10473
len(hard_positives): 659 , len(hard_negatives): 1129

CUM Mean pos prob: 0.694, Mean neg prob: 0.312
CUM Mean pos logit: 1.072, Mean neg logit: -1.976

Epoch 4, Batch 2040 | Acc: 0.7697 | PosAcc: 0.8138 | NegAcc: 0.7253
len(easy_positives): 9356 , len(easy_negatives): 10592
len(hard_positives): 667 , len(hard_negatives): 1141

CUM Mean pos prob: 0.694, Mean neg prob: 0.312
CUM Mean pos logit: 1.073, Mean neg logit: -1.982

Epoch 4, Batch 2060 | Acc: 0.7694 | PosAcc: 0.8130 | NegAcc: 0.7256
len(easy_positives): 9428 , len(easy_negatives): 10724
len(hard_positives): 679 , len(hard_negatives): 1148

CUM Mean pos prob: 0.694, Mean neg prob: 0.312
CUM Mean pos logit: 1.070, Mean neg logit: -1.985

Epoch 4, Batch 2080 | Acc: 0.7694 | PosAcc: 0.8126 | NegAcc: 0.7260
len(easy_positives): 9495 , len(easy_negatives): 10830
len(hard_positives): 683 , len(hard_negatives): 1154

CUM Mean pos prob: 0.693, Mean neg prob: 0.311
CUM Mean pos logit: 1.068, Mean neg logit: -1.984

Epoch 4, Batch 2100 | Acc: 0.7695 | PosAcc: 0.8130 | NegAcc: 0.7259
len(easy_positives): 9615 , len(easy_negatives): 10926
len(hard_positives): 685 , len(hard_negatives): 1169

CUM Mean pos prob: 0.694, Mean neg prob: 0.312
CUM Mean pos logit: 1.072, Mean neg logit: -1.984

Epoch 4, Batch 2120 | Acc: 0.7700 | PosAcc: 0.8126 | NegAcc: 0.7272
len(easy_positives): 9679 , len(easy_negatives): 11077
len(hard_positives): 694 , len(hard_negatives): 1176

CUM Mean pos prob: 0.694, Mean neg prob: 0.311
CUM Mean pos logit: 1.070, Mean neg logit: -1.994

Epoch 4, Batch 2140 | Acc: 0.7701 | PosAcc: 0.8130 | NegAcc: 0.7270
len(easy_positives): 9803 , len(easy_negatives): 11186
len(hard_positives): 703 , len(hard_negatives): 1194

CUM Mean pos prob: 0.694, Mean neg prob: 0.311
CUM Mean pos logit: 1.073, Mean neg logit: -1.995

Epoch 4, Batch 2160 | Acc: 0.7697 | PosAcc: 0.8123 | NegAcc: 0.7268
len(easy_positives): 9895 , len(easy_negatives): 11288
len(hard_positives): 715 , len(hard_negatives): 1208

CUM Mean pos prob: 0.694, Mean neg prob: 0.311
CUM Mean pos logit: 1.073, Mean neg logit: -1.996

Epoch 4, Batch 2180 | Acc: 0.7696 | PosAcc: 0.8125 | NegAcc: 0.7265
len(easy_positives): 9991 , len(easy_negatives): 11379
len(hard_positives): 720 , len(hard_negatives): 1219

CUM Mean pos prob: 0.694, Mean neg prob: 0.311
CUM Mean pos logit: 1.074, Mean neg logit: -1.994

Epoch 4, Batch 2200 | Acc: 0.7696 | PosAcc: 0.8126 | NegAcc: 0.7264
len(easy_positives): 10082 , len(easy_negatives): 11488
len(hard_positives): 726 , len(hard_negatives): 1235

CUM Mean pos prob: 0.694, Mean neg prob: 0.311
CUM Mean pos logit: 1.074, Mean neg logit: -1.994

Epoch 4, Batch 2220 | Acc: 0.7696 | PosAcc: 0.8122 | NegAcc: 0.7270
len(easy_positives): 10148 , len(easy_negatives): 11623
len(hard_positives): 735 , len(hard_negatives): 1246

CUM Mean pos prob: 0.694, Mean neg prob: 0.311
CUM Mean pos logit: 1.072, Mean neg logit: -2.001

Epoch 4, Batch 2240 | Acc: 0.7701 | PosAcc: 0.8126 | NegAcc: 0.7274
len(easy_positives): 10227 , len(easy_negatives): 11730
len(hard_positives): 739 , len(hard_negatives): 1257

CUM Mean pos prob: 0.694, Mean neg prob: 0.310
CUM Mean pos logit: 1.071, Mean neg logit: -2.003

Epoch 4, Batch 2260 | Acc: 0.7700 | PosAcc: 0.8128 | NegAcc: 0.7272
len(easy_positives): 10329 , len(easy_negatives): 11847
len(hard_positives): 745 , len(hard_negatives): 1270

CUM Mean pos prob: 0.694, Mean neg prob: 0.310
CUM Mean pos logit: 1.073, Mean neg logit: -2.007

Epoch 4, Batch 2280 | Acc: 0.7698 | PosAcc: 0.8129 | NegAcc: 0.7268
len(easy_positives): 10417 , len(easy_negatives): 11943
len(hard_positives): 748 , len(hard_negatives): 1280

CUM Mean pos prob: 0.694, Mean neg prob: 0.310
CUM Mean pos logit: 1.073, Mean neg logit: -2.006

Epoch 4, Batch 2300 | Acc: 0.7702 | PosAcc: 0.8130 | NegAcc: 0.7273
len(easy_positives): 10514 , len(easy_negatives): 12059
len(hard_positives): 754 , len(hard_negatives): 1290

CUM Mean pos prob: 0.694, Mean neg prob: 0.310
CUM Mean pos logit: 1.073, Mean neg logit: -2.010

Epoch 4, Batch 2320 | Acc: 0.7702 | PosAcc: 0.8129 | NegAcc: 0.7275
len(easy_positives): 10606 , len(easy_negatives): 12182
len(hard_positives): 761 , len(hard_negatives): 1300

CUM Mean pos prob: 0.694, Mean neg prob: 0.310
CUM Mean pos logit: 1.073, Mean neg logit: -2.013

Epoch 4, Batch 2340 | Acc: 0.7702 | PosAcc: 0.8131 | NegAcc: 0.7273
len(easy_positives): 10705 , len(easy_negatives): 12284
len(hard_positives): 768 , len(hard_negatives): 1316

CUM Mean pos prob: 0.694, Mean neg prob: 0.310
CUM Mean pos logit: 1.074, Mean neg logit: -2.010

Epoch 4, Batch 2360 | Acc: 0.7703 | PosAcc: 0.8129 | NegAcc: 0.7276
len(easy_positives): 10781 , len(easy_negatives): 12406
len(hard_positives): 776 , len(hard_negatives): 1323

CUM Mean pos prob: 0.694, Mean neg prob: 0.310
CUM Mean pos logit: 1.072, Mean neg logit: -2.016

Epoch 4, Batch 2380 | Acc: 0.7702 | PosAcc: 0.8127 | NegAcc: 0.7278
len(easy_positives): 10866 , len(easy_negatives): 12544
len(hard_positives): 782 , len(hard_negatives): 1334

CUM Mean pos prob: 0.694, Mean neg prob: 0.309
CUM Mean pos logit: 1.072, Mean neg logit: -2.021

Epoch 4, Batch 2400 | Acc: 0.7702 | PosAcc: 0.8127 | NegAcc: 0.7278
len(easy_positives): 10967 , len(easy_negatives): 12659
len(hard_positives): 793 , len(hard_negatives): 1345

CUM Mean pos prob: 0.694, Mean neg prob: 0.309
CUM Mean pos logit: 1.073, Mean neg logit: -2.023

Epoch 4, Batch 2420 | Acc: 0.7704 | PosAcc: 0.8129 | NegAcc: 0.7280
len(easy_positives): 11083 , len(easy_negatives): 12765
len(hard_positives): 798 , len(hard_negatives): 1355

CUM Mean pos prob: 0.694, Mean neg prob: 0.309
CUM Mean pos logit: 1.075, Mean neg logit: -2.025

Epoch 4, Batch 2440 | Acc: 0.7706 | PosAcc: 0.8133 | NegAcc: 0.7280
len(easy_positives): 11207 , len(easy_negatives): 12874
len(hard_positives): 805 , len(hard_negatives): 1372

CUM Mean pos prob: 0.694, Mean neg prob: 0.309
CUM Mean pos logit: 1.078, Mean neg logit: -2.026

Epoch 4, Batch 2460 | Acc: 0.7706 | PosAcc: 0.8129 | NegAcc: 0.7284
len(easy_positives): 11283 , len(easy_negatives): 13003
len(hard_positives): 814 , len(hard_negatives): 1378

CUM Mean pos prob: 0.694, Mean neg prob: 0.309
CUM Mean pos logit: 1.077, Mean neg logit: -2.030

Epoch 4, Batch 2480 | Acc: 0.7709 | PosAcc: 0.8135 | NegAcc: 0.7283
len(easy_positives): 11402 , len(easy_negatives): 13103
len(hard_positives): 821 , len(hard_negatives): 1396

CUM Mean pos prob: 0.695, Mean neg prob: 0.309
CUM Mean pos logit: 1.079, Mean neg logit: -2.031

Epoch 4, Batch 2500 | Acc: 0.7707 | PosAcc: 0.8131 | NegAcc: 0.7283
len(easy_positives): 11494 , len(easy_negatives): 13210
len(hard_positives): 831 , len(hard_negatives): 1408

CUM Mean pos prob: 0.694, Mean neg prob: 0.309
CUM Mean pos logit: 1.078, Mean neg logit: -2.029

Epoch 4, Batch 2520 | Acc: 0.7707 | PosAcc: 0.8138 | NegAcc: 0.7275
len(easy_positives): 11614 , len(easy_negatives): 13292
len(hard_positives): 834 , len(hard_negatives): 1426

CUM Mean pos prob: 0.695, Mean neg prob: 0.309
CUM Mean pos logit: 1.080, Mean neg logit: -2.025

Epoch 4, Batch 2540 | Acc: 0.7709 | PosAcc: 0.8139 | NegAcc: 0.7280
len(easy_positives): 11693 , len(easy_negatives): 13433
len(hard_positives): 839 , len(hard_negatives): 1434

CUM Mean pos prob: 0.695, Mean neg prob: 0.309
CUM Mean pos logit: 1.080, Mean neg logit: -2.030

Epoch 4, Batch 2560 | Acc: 0.7709 | PosAcc: 0.8136 | NegAcc: 0.7284
len(easy_positives): 11785 , len(easy_negatives): 13566
len(hard_positives): 851 , len(hard_negatives): 1446

CUM Mean pos prob: 0.695, Mean neg prob: 0.308
CUM Mean pos logit: 1.081, Mean neg logit: -2.038

Epoch 4, Batch 2580 | Acc: 0.7708 | PosAcc: 0.8133 | NegAcc: 0.7284
len(easy_positives): 11862 , len(easy_negatives): 13683
len(hard_positives): 864 , len(hard_negatives): 1461

CUM Mean pos prob: 0.695, Mean neg prob: 0.308
CUM Mean pos logit: 1.080, Mean neg logit: -2.040

Epoch 4, Batch 2600 | Acc: 0.7708 | PosAcc: 0.8131 | NegAcc: 0.7286
len(easy_positives): 11952 , len(easy_negatives): 13781
len(hard_positives): 870 , len(hard_negatives): 1469

CUM Mean pos prob: 0.695, Mean neg prob: 0.308
CUM Mean pos logit: 1.080, Mean neg logit: -2.038

Epoch 4, Batch 2620 | Acc: 0.7709 | PosAcc: 0.8131 | NegAcc: 0.7289
len(easy_positives): 12051 , len(easy_negatives): 13899
len(hard_positives): 880 , len(hard_negatives): 1482

CUM Mean pos prob: 0.695, Mean neg prob: 0.308
CUM Mean pos logit: 1.080, Mean neg logit: -2.040

Epoch 4, Batch 2640 | Acc: 0.7712 | PosAcc: 0.8134 | NegAcc: 0.7291
len(easy_positives): 12155 , len(easy_negatives): 14027
len(hard_positives): 885 , len(hard_negatives): 1491

CUM Mean pos prob: 0.695, Mean neg prob: 0.308
CUM Mean pos logit: 1.082, Mean neg logit: -2.046

Epoch 4, Batch 2660 | Acc: 0.7711 | PosAcc: 0.8131 | NegAcc: 0.7291
len(easy_positives): 12242 , len(easy_negatives): 14121
len(hard_positives): 895 , len(hard_negatives): 1504

CUM Mean pos prob: 0.695, Mean neg prob: 0.308
CUM Mean pos logit: 1.081, Mean neg logit: -2.045

Epoch 4, Batch 2680 | Acc: 0.7710 | PosAcc: 0.8133 | NegAcc: 0.7288
len(easy_positives): 12340 , len(easy_negatives): 14205
len(hard_positives): 898 , len(hard_negatives): 1514

CUM Mean pos prob: 0.695, Mean neg prob: 0.308
CUM Mean pos logit: 1.083, Mean neg logit: -2.042

Epoch 4, Batch 2700 | Acc: 0.7709 | PosAcc: 0.8132 | NegAcc: 0.7288
len(easy_positives): 12443 , len(easy_negatives): 14327
len(hard_positives): 906 , len(hard_negatives): 1528

CUM Mean pos prob: 0.695, Mean neg prob: 0.308
CUM Mean pos logit: 1.083, Mean neg logit: -2.043

Epoch 4, Batch 2720 | Acc: 0.7709 | PosAcc: 0.8129 | NegAcc: 0.7291
len(easy_positives): 12522 , len(easy_negatives): 14458
len(hard_positives): 916 , len(hard_negatives): 1537

CUM Mean pos prob: 0.695, Mean neg prob: 0.308
CUM Mean pos logit: 1.081, Mean neg logit: -2.047

Epoch 4, Batch 2740 | Acc: 0.7713 | PosAcc: 0.8133 | NegAcc: 0.7294
len(easy_positives): 12629 , len(easy_negatives): 14583
len(hard_positives): 920 , len(hard_negatives): 1544

CUM Mean pos prob: 0.695, Mean neg prob: 0.308
CUM Mean pos logit: 1.083, Mean neg logit: -2.052

Epoch 4, Batch 2760 | Acc: 0.7713 | PosAcc: 0.8136 | NegAcc: 0.7292
len(easy_positives): 12724 , len(easy_negatives): 14689
len(hard_positives): 931 , len(hard_negatives): 1550

CUM Mean pos prob: 0.695, Mean neg prob: 0.308
CUM Mean pos logit: 1.084, Mean neg logit: -2.054

Epoch 4, Batch 2780 | Acc: 0.7713 | PosAcc: 0.8135 | NegAcc: 0.7292
len(easy_positives): 12804 , len(easy_negatives): 14814
len(hard_positives): 938 , len(hard_negatives): 1558

CUM Mean pos prob: 0.695, Mean neg prob: 0.307
CUM Mean pos logit: 1.083, Mean neg logit: -2.057

Epoch 4, Batch 2800 | Acc: 0.7712 | PosAcc: 0.8135 | NegAcc: 0.7291
len(easy_positives): 12904 , len(easy_negatives): 14923
len(hard_positives): 941 , len(hard_negatives): 1568

CUM Mean pos prob: 0.695, Mean neg prob: 0.308
CUM Mean pos logit: 1.083, Mean neg logit: -2.055

Epoch 4, Batch 2820 | Acc: 0.7709 | PosAcc: 0.8127 | NegAcc: 0.7293
len(easy_positives): 12961 , len(easy_negatives): 15038
len(hard_positives): 944 , len(hard_negatives): 1580

CUM Mean pos prob: 0.695, Mean neg prob: 0.307
CUM Mean pos logit: 1.081, Mean neg logit: -2.056

Epoch 4, Batch 2840 | Acc: 0.7706 | PosAcc: 0.8125 | NegAcc: 0.7289
len(easy_positives): 13043 , len(easy_negatives): 15140
len(hard_positives): 948 , len(hard_negatives): 1586

CUM Mean pos prob: 0.695, Mean neg prob: 0.308
CUM Mean pos logit: 1.081, Mean neg logit: -2.056

Epoch 4, Batch 2860 | Acc: 0.7709 | PosAcc: 0.8127 | NegAcc: 0.7293
len(easy_positives): 13152 , len(easy_negatives): 15245
len(hard_positives): 957 , len(hard_negatives): 1592

CUM Mean pos prob: 0.695, Mean neg prob: 0.307
CUM Mean pos logit: 1.082, Mean neg logit: -2.057

Epoch 4, Batch 2880 | Acc: 0.7709 | PosAcc: 0.8128 | NegAcc: 0.7293
len(easy_positives): 13263 , len(easy_negatives): 15353
len(hard_positives): 969 , len(hard_negatives): 1601

CUM Mean pos prob: 0.695, Mean neg prob: 0.307
CUM Mean pos logit: 1.083, Mean neg logit: -2.057

Epoch 4, Batch 2900 | Acc: 0.7709 | PosAcc: 0.8128 | NegAcc: 0.7293
len(easy_positives): 13340 , len(easy_negatives): 15446
len(hard_positives): 974 , len(hard_negatives): 1613

CUM Mean pos prob: 0.695, Mean neg prob: 0.308
CUM Mean pos logit: 1.082, Mean neg logit: -2.057

Epoch 4, Batch 2920 | Acc: 0.7710 | PosAcc: 0.8129 | NegAcc: 0.7293
len(easy_positives): 13450 , len(easy_negatives): 15548
len(hard_positives): 978 , len(hard_negatives): 1621

CUM Mean pos prob: 0.695, Mean neg prob: 0.308
CUM Mean pos logit: 1.083, Mean neg logit: -2.056

Epoch 4, Batch 2940 | Acc: 0.7711 | PosAcc: 0.8130 | NegAcc: 0.7294
len(easy_positives): 13547 , len(easy_negatives): 15662
len(hard_positives): 985 , len(hard_negatives): 1632

CUM Mean pos prob: 0.695, Mean neg prob: 0.307
CUM Mean pos logit: 1.084, Mean neg logit: -2.059

Epoch 4, Batch 2960 | Acc: 0.7714 | PosAcc: 0.8133 | NegAcc: 0.7296
len(easy_positives): 13662 , len(easy_negatives): 15780
len(hard_positives): 988 , len(hard_negatives): 1646

CUM Mean pos prob: 0.695, Mean neg prob: 0.307
CUM Mean pos logit: 1.086, Mean neg logit: -2.060

Epoch 4, Batch 2980 | Acc: 0.7713 | PosAcc: 0.8131 | NegAcc: 0.7297
len(easy_positives): 13744 , len(easy_negatives): 15898
len(hard_positives): 999 , len(hard_negatives): 1654

CUM Mean pos prob: 0.695, Mean neg prob: 0.307
CUM Mean pos logit: 1.085, Mean neg logit: -2.061

Epoch 4, Batch 3000 | Acc: 0.7714 | PosAcc: 0.8135 | NegAcc: 0.7294
len(easy_positives): 13847 , len(easy_negatives): 15997
len(hard_positives): 1003 , len(hard_negatives): 1670

CUM Mean pos prob: 0.695, Mean neg prob: 0.307
CUM Mean pos logit: 1.087, Mean neg logit: -2.057

Epoch 4, Batch 3020 | Acc: 0.7712 | PosAcc: 0.8133 | NegAcc: 0.7293
len(easy_positives): 13932 , len(easy_negatives): 16096
len(hard_positives): 1007 , len(hard_negatives): 1681

CUM Mean pos prob: 0.695, Mean neg prob: 0.307
CUM Mean pos logit: 1.087, Mean neg logit: -2.056

Epoch 4, Batch 3040 | Acc: 0.7712 | PosAcc: 0.8130 | NegAcc: 0.7296
len(easy_positives): 14009 , len(easy_negatives): 16218
len(hard_positives): 1010 , len(hard_negatives): 1690

CUM Mean pos prob: 0.695, Mean neg prob: 0.307
CUM Mean pos logit: 1.086, Mean neg logit: -2.059

Epoch 4, Batch 3060 | Acc: 0.7713 | PosAcc: 0.8128 | NegAcc: 0.7300
len(easy_positives): 14098 , len(easy_negatives): 16345
len(hard_positives): 1019 , len(hard_negatives): 1702

CUM Mean pos prob: 0.695, Mean neg prob: 0.307
CUM Mean pos logit: 1.085, Mean neg logit: -2.063

Epoch 4, Batch 3080 | Acc: 0.7712 | PosAcc: 0.8129 | NegAcc: 0.7297
len(easy_positives): 14196 , len(easy_negatives): 16441
len(hard_positives): 1027 , len(hard_negatives): 1715

CUM Mean pos prob: 0.695, Mean neg prob: 0.307
CUM Mean pos logit: 1.085, Mean neg logit: -2.061

Epoch 4, Batch 3100 | Acc: 0.7712 | PosAcc: 0.8129 | NegAcc: 0.7298
len(easy_positives): 14284 , len(easy_negatives): 16554
len(hard_positives): 1034 , len(hard_negatives): 1726

CUM Mean pos prob: 0.695, Mean neg prob: 0.307
CUM Mean pos logit: 1.085, Mean neg logit: -2.061

Epoch 4, Batch 3120 | Acc: 0.7714 | PosAcc: 0.8130 | NegAcc: 0.7300
len(easy_positives): 14397 , len(easy_negatives): 16669
len(hard_positives): 1042 , len(hard_negatives): 1738

CUM Mean pos prob: 0.695, Mean neg prob: 0.307
CUM Mean pos logit: 1.086, Mean neg logit: -2.061

Epoch 4, Batch 3140 | Acc: 0.7715 | PosAcc: 0.8129 | NegAcc: 0.7302
len(easy_positives): 14489 , len(easy_negatives): 16784
len(hard_positives): 1048 , len(hard_negatives): 1748

CUM Mean pos prob: 0.695, Mean neg prob: 0.307
CUM Mean pos logit: 1.086, Mean neg logit: -2.067

Epoch 4, Batch 3160 | Acc: 0.7717 | PosAcc: 0.8133 | NegAcc: 0.7304
len(easy_positives): 14600 , len(easy_negatives): 16905
len(hard_positives): 1055 , len(hard_negatives): 1758

CUM Mean pos prob: 0.695, Mean neg prob: 0.307
CUM Mean pos logit: 1.088, Mean neg logit: -2.068

Epoch 4, Batch 3180 | Acc: 0.7720 | PosAcc: 0.8137 | NegAcc: 0.7305
len(easy_positives): 14708 , len(easy_negatives): 17037
len(hard_positives): 1061 , len(hard_negatives): 1770

CUM Mean pos prob: 0.696, Mean neg prob: 0.306
CUM Mean pos logit: 1.090, Mean neg logit: -2.074

Epoch 4, Batch 3200 | Acc: 0.7722 | PosAcc: 0.8140 | NegAcc: 0.7307
len(easy_positives): 14796 , len(easy_negatives): 17148
len(hard_positives): 1068 , len(hard_negatives): 1780

CUM Mean pos prob: 0.696, Mean neg prob: 0.306
CUM Mean pos logit: 1.090, Mean neg logit: -2.076

Epoch 4, Batch 3220 | Acc: 0.7721 | PosAcc: 0.8137 | NegAcc: 0.7308
len(easy_positives): 14873 , len(easy_negatives): 17269
len(hard_positives): 1082 , len(hard_negatives): 1785

CUM Mean pos prob: 0.695, Mean neg prob: 0.306
CUM Mean pos logit: 1.088, Mean neg logit: -2.079

Epoch 4, Batch 3240 | Acc: 0.7721 | PosAcc: 0.8138 | NegAcc: 0.7306
len(easy_positives): 14942 , len(easy_negatives): 17374
len(hard_positives): 1088 , len(hard_negatives): 1793

CUM Mean pos prob: 0.695, Mean neg prob: 0.306
CUM Mean pos logit: 1.088, Mean neg logit: -2.077

Epoch 4, Batch 3260 | Acc: 0.7720 | PosAcc: 0.8136 | NegAcc: 0.7306
len(easy_positives): 15024 , len(easy_negatives): 17481
len(hard_positives): 1095 , len(hard_negatives): 1808

CUM Mean pos prob: 0.695, Mean neg prob: 0.306
CUM Mean pos logit: 1.088, Mean neg logit: -2.078

Epoch 4, Batch 3280 | Acc: 0.7718 | PosAcc: 0.8130 | NegAcc: 0.7310
len(easy_positives): 15090 , len(easy_negatives): 17602
len(hard_positives): 1113 , len(hard_negatives): 1810

CUM Mean pos prob: 0.695, Mean neg prob: 0.306
CUM Mean pos logit: 1.086, Mean neg logit: -2.081

Epoch 4, Batch 3300 | Acc: 0.7718 | PosAcc: 0.8129 | NegAcc: 0.7310
len(easy_positives): 15187 , len(easy_negatives): 17694
len(hard_positives): 1117 , len(hard_negatives): 1818

CUM Mean pos prob: 0.695, Mean neg prob: 0.306
CUM Mean pos logit: 1.087, Mean neg logit: -2.078

Epoch 4, Batch 3320 | Acc: 0.7718 | PosAcc: 0.8131 | NegAcc: 0.7308
len(easy_positives): 15289 , len(easy_negatives): 17803
len(hard_positives): 1125 , len(hard_negatives): 1829

CUM Mean pos prob: 0.695, Mean neg prob: 0.306
CUM Mean pos logit: 1.088, Mean neg logit: -2.080

Epoch 4, Batch 3340 | Acc: 0.7716 | PosAcc: 0.8130 | NegAcc: 0.7306
len(easy_positives): 15379 , len(easy_negatives): 17898
len(hard_positives): 1133 , len(hard_negatives): 1839

CUM Mean pos prob: 0.695, Mean neg prob: 0.306
CUM Mean pos logit: 1.086, Mean neg logit: -2.078

Epoch 4, Batch 3360 | Acc: 0.7717 | PosAcc: 0.8129 | NegAcc: 0.7307
len(easy_positives): 15467 , len(easy_negatives): 18010
len(hard_positives): 1140 , len(hard_negatives): 1844

CUM Mean pos prob: 0.695, Mean neg prob: 0.306
CUM Mean pos logit: 1.086, Mean neg logit: -2.079

Epoch 4, Batch 3380 | Acc: 0.7716 | PosAcc: 0.8131 | NegAcc: 0.7304
len(easy_positives): 15563 , len(easy_negatives): 18112
len(hard_positives): 1143 , len(hard_negatives): 1859

CUM Mean pos prob: 0.695, Mean neg prob: 0.306
CUM Mean pos logit: 1.087, Mean neg logit: -2.077

Epoch 4, Batch 3400 | Acc: 0.7715 | PosAcc: 0.8130 | NegAcc: 0.7303
len(easy_positives): 15644 , len(easy_negatives): 18222
len(hard_positives): 1150 , len(hard_negatives): 1871

CUM Mean pos prob: 0.695, Mean neg prob: 0.306
CUM Mean pos logit: 1.086, Mean neg logit: -2.077

Epoch 4, Batch 3420 | Acc: 0.7715 | PosAcc: 0.8132 | NegAcc: 0.7301
len(easy_positives): 15756 , len(easy_negatives): 18305
len(hard_positives): 1158 , len(hard_negatives): 1884

CUM Mean pos prob: 0.695, Mean neg prob: 0.307
CUM Mean pos logit: 1.087, Mean neg logit: -2.074

Epoch 4, Batch 3440 | Acc: 0.7716 | PosAcc: 0.8131 | NegAcc: 0.7304
len(easy_positives): 15841 , len(easy_negatives): 18437
len(hard_positives): 1159 , len(hard_negatives): 1895

CUM Mean pos prob: 0.695, Mean neg prob: 0.306
CUM Mean pos logit: 1.086, Mean neg logit: -2.076

Epoch 4, Batch 3460 | Acc: 0.7715 | PosAcc: 0.8131 | NegAcc: 0.7301
len(easy_positives): 15957 , len(easy_negatives): 18536
len(hard_positives): 1171 , len(hard_negatives): 1913

CUM Mean pos prob: 0.695, Mean neg prob: 0.307
CUM Mean pos logit: 1.088, Mean neg logit: -2.075

Epoch 4, Batch 3480 | Acc: 0.7716 | PosAcc: 0.8131 | NegAcc: 0.7303
len(easy_positives): 16056 , len(easy_negatives): 18648
len(hard_positives): 1178 , len(hard_negatives): 1924

CUM Mean pos prob: 0.695, Mean neg prob: 0.306
CUM Mean pos logit: 1.088, Mean neg logit: -2.076

Epoch 4, Batch 3500 | Acc: 0.7717 | PosAcc: 0.8132 | NegAcc: 0.7303
len(easy_positives): 16143 , len(easy_negatives): 18751
len(hard_positives): 1184 , len(hard_negatives): 1940

CUM Mean pos prob: 0.695, Mean neg prob: 0.307
CUM Mean pos logit: 1.088, Mean neg logit: -2.074

Epoch 4, Batch 3520 | Acc: 0.7714 | PosAcc: 0.8130 | NegAcc: 0.7301
len(easy_positives): 16218 , len(easy_negatives): 18858
len(hard_positives): 1191 , len(hard_negatives): 1948

CUM Mean pos prob: 0.695, Mean neg prob: 0.307
CUM Mean pos logit: 1.087, Mean neg logit: -2.077

Epoch 4, Batch 3540 | Acc: 0.7713 | PosAcc: 0.8128 | NegAcc: 0.7300
len(easy_positives): 16313 , len(easy_negatives): 18963
len(hard_positives): 1194 , len(hard_negatives): 1966

CUM Mean pos prob: 0.695, Mean neg prob: 0.307
CUM Mean pos logit: 1.087, Mean neg logit: -2.077

Epoch 4, Batch 3560 | Acc: 0.7714 | PosAcc: 0.8126 | NegAcc: 0.7304
len(easy_positives): 16397 , len(easy_negatives): 19087
len(hard_positives): 1203 , len(hard_negatives): 1969

CUM Mean pos prob: 0.695, Mean neg prob: 0.306
CUM Mean pos logit: 1.086, Mean neg logit: -2.078

Epoch 4, Batch 3580 | Acc: 0.7713 | PosAcc: 0.8126 | NegAcc: 0.7301
len(easy_positives): 16504 , len(easy_negatives): 19186
len(hard_positives): 1211 , len(hard_negatives): 1982

CUM Mean pos prob: 0.695, Mean neg prob: 0.307
CUM Mean pos logit: 1.087, Mean neg logit: -2.077

Epoch 4, Batch 3600 | Acc: 0.7712 | PosAcc: 0.8130 | NegAcc: 0.7296
len(easy_positives): 16614 , len(easy_negatives): 19253
len(hard_positives): 1214 , len(hard_negatives): 1999

CUM Mean pos prob: 0.695, Mean neg prob: 0.307
CUM Mean pos logit: 1.089, Mean neg logit: -2.074

Epoch 4, Batch 3620 | Acc: 0.7711 | PosAcc: 0.8127 | NegAcc: 0.7296
len(easy_positives): 16686 , len(easy_negatives): 19369
len(hard_positives): 1229 , len(hard_negatives): 2005

CUM Mean pos prob: 0.695, Mean neg prob: 0.307
CUM Mean pos logit: 1.087, Mean neg logit: -2.075

Epoch 4, Batch 3640 | Acc: 0.7710 | PosAcc: 0.8127 | NegAcc: 0.7295
len(easy_positives): 16768 , len(easy_negatives): 19462
len(hard_positives): 1234 , len(hard_negatives): 2018

CUM Mean pos prob: 0.695, Mean neg prob: 0.307
CUM Mean pos logit: 1.086, Mean neg logit: -2.073

Epoch 4, Batch 3660 | Acc: 0.7710 | PosAcc: 0.8128 | NegAcc: 0.7295
len(easy_positives): 16859 , len(easy_negatives): 19560
len(hard_positives): 1243 , len(hard_negatives): 2024

CUM Mean pos prob: 0.695, Mean neg prob: 0.307
CUM Mean pos logit: 1.086, Mean neg logit: -2.072

Epoch 4, Batch 3680 | Acc: 0.7710 | PosAcc: 0.8126 | NegAcc: 0.7296
len(easy_positives): 16960 , len(easy_negatives): 19669
len(hard_positives): 1253 , len(hard_negatives): 2038

CUM Mean pos prob: 0.695, Mean neg prob: 0.307
CUM Mean pos logit: 1.087, Mean neg logit: -2.074

Epoch 4, Batch 3700 | Acc: 0.7710 | PosAcc: 0.8130 | NegAcc: 0.7291
len(easy_positives): 17073 , len(easy_negatives): 19761
len(hard_positives): 1258 , len(hard_negatives): 2045

CUM Mean pos prob: 0.695, Mean neg prob: 0.307
CUM Mean pos logit: 1.088, Mean neg logit: -2.074

Epoch 4, Batch 3720 | Acc: 0.7710 | PosAcc: 0.8131 | NegAcc: 0.7290
len(easy_positives): 17175 , len(easy_negatives): 19859
len(hard_positives): 1267 , len(hard_negatives): 2061

CUM Mean pos prob: 0.695, Mean neg prob: 0.307
CUM Mean pos logit: 1.088, Mean neg logit: -2.073

Epoch 4, Batch 3740 | Acc: 0.7711 | PosAcc: 0.8132 | NegAcc: 0.7292
len(easy_positives): 17267 , len(easy_negatives): 19971
len(hard_positives): 1276 , len(hard_negatives): 2070

CUM Mean pos prob: 0.695, Mean neg prob: 0.307
CUM Mean pos logit: 1.088, Mean neg logit: -2.075

Epoch 4, Batch 3760 | Acc: 0.7709 | PosAcc: 0.8129 | NegAcc: 0.7291
len(easy_positives): 17368 , len(easy_negatives): 20077
len(hard_positives): 1283 , len(hard_negatives): 2079

CUM Mean pos prob: 0.695, Mean neg prob: 0.307
CUM Mean pos logit: 1.088, Mean neg logit: -2.077

Epoch 4, Batch 3780 | Acc: 0.7709 | PosAcc: 0.8130 | NegAcc: 0.7290
len(easy_positives): 17452 , len(easy_negatives): 20175
len(hard_positives): 1291 , len(hard_negatives): 2087

CUM Mean pos prob: 0.695, Mean neg prob: 0.307
CUM Mean pos logit: 1.088, Mean neg logit: -2.076

Epoch 4, Batch 3800 | Acc: 0.7709 | PosAcc: 0.8130 | NegAcc: 0.7289
len(easy_positives): 17543 , len(easy_negatives): 20272
len(hard_positives): 1302 , len(hard_negatives): 2098

CUM Mean pos prob: 0.695, Mean neg prob: 0.307
CUM Mean pos logit: 1.088, Mean neg logit: -2.076

Epoch 4, Batch 3820 | Acc: 0.7707 | PosAcc: 0.8127 | NegAcc: 0.7288
len(easy_positives): 17616 , len(easy_negatives): 20362
len(hard_positives): 1310 , len(hard_negatives): 2107

CUM Mean pos prob: 0.695, Mean neg prob: 0.307
CUM Mean pos logit: 1.086, Mean neg logit: -2.074

Epoch 4, Batch 3840 | Acc: 0.7708 | PosAcc: 0.8130 | NegAcc: 0.7287
len(easy_positives): 17709 , len(easy_negatives): 20460
len(hard_positives): 1316 , len(hard_negatives): 2118

CUM Mean pos prob: 0.695, Mean neg prob: 0.308
CUM Mean pos logit: 1.087, Mean neg logit: -2.073

Epoch 4, Batch 3860 | Acc: 0.7708 | PosAcc: 0.8128 | NegAcc: 0.7289
len(easy_positives): 17777 , len(easy_negatives): 20585
len(hard_positives): 1327 , len(hard_negatives): 2127

CUM Mean pos prob: 0.695, Mean neg prob: 0.307
CUM Mean pos logit: 1.085, Mean neg logit: -2.076

Epoch 4, Batch 3880 | Acc: 0.7708 | PosAcc: 0.8130 | NegAcc: 0.7287
len(easy_positives): 17866 , len(easy_negatives): 20693
len(hard_positives): 1334 , len(hard_negatives): 2133

CUM Mean pos prob: 0.695, Mean neg prob: 0.307
CUM Mean pos logit: 1.086, Mean neg logit: -2.077

Epoch 4, Batch 3900 | Acc: 0.7709 | PosAcc: 0.8133 | NegAcc: 0.7287
len(easy_positives): 17968 , len(easy_negatives): 20801
len(hard_positives): 1338 , len(hard_negatives): 2143

CUM Mean pos prob: 0.695, Mean neg prob: 0.307
CUM Mean pos logit: 1.087, Mean neg logit: -2.079

Epoch 4, Batch 3920 | Acc: 0.7711 | PosAcc: 0.8135 | NegAcc: 0.7288
len(easy_positives): 18078 , len(easy_negatives): 20916
len(hard_positives): 1342 , len(hard_negatives): 2158

CUM Mean pos prob: 0.695, Mean neg prob: 0.307
CUM Mean pos logit: 1.088, Mean neg logit: -2.081

Epoch 4, Batch 3940 | Acc: 0.7710 | PosAcc: 0.8136 | NegAcc: 0.7286
len(easy_positives): 18203 , len(easy_negatives): 21008
len(hard_positives): 1351 , len(hard_negatives): 2175

CUM Mean pos prob: 0.695, Mean neg prob: 0.307
CUM Mean pos logit: 1.089, Mean neg logit: -2.080

Epoch 4, Batch 3960 | Acc: 0.7713 | PosAcc: 0.8139 | NegAcc: 0.7289
len(easy_positives): 18308 , len(easy_negatives): 21126
len(hard_positives): 1355 , len(hard_negatives): 2186

CUM Mean pos prob: 0.695, Mean neg prob: 0.307
CUM Mean pos logit: 1.090, Mean neg logit: -2.082

Epoch 4, Batch 3980 | Acc: 0.7713 | PosAcc: 0.8140 | NegAcc: 0.7288
len(easy_positives): 18410 , len(easy_negatives): 21243
len(hard_positives): 1363 , len(hard_negatives): 2197

CUM Mean pos prob: 0.695, Mean neg prob: 0.307
CUM Mean pos logit: 1.091, Mean neg logit: -2.084

Epoch 4, Batch 4000 | Acc: 0.7713 | PosAcc: 0.8141 | NegAcc: 0.7287
len(easy_positives): 18517 , len(easy_negatives): 21349
len(hard_positives): 1371 , len(hard_negatives): 2208

CUM Mean pos prob: 0.696, Mean neg prob: 0.307
CUM Mean pos logit: 1.092, Mean neg logit: -2.083

Epoch 4, Batch 4020 | Acc: 0.7711 | PosAcc: 0.8139 | NegAcc: 0.7285
len(easy_positives): 18609 , len(easy_negatives): 21445
len(hard_positives): 1380 , len(hard_negatives): 2218

CUM Mean pos prob: 0.696, Mean neg prob: 0.307
CUM Mean pos logit: 1.092, Mean neg logit: -2.082

Epoch 4, Batch 4040 | Acc: 0.7712 | PosAcc: 0.8140 | NegAcc: 0.7284
len(easy_positives): 18698 , len(easy_negatives): 21536
len(hard_positives): 1383 , len(hard_negatives): 2226

CUM Mean pos prob: 0.696, Mean neg prob: 0.307
CUM Mean pos logit: 1.091, Mean neg logit: -2.080

Epoch 4, Batch 4060 | Acc: 0.7711 | PosAcc: 0.8139 | NegAcc: 0.7284
len(easy_positives): 18779 , len(easy_negatives): 21651
len(hard_positives): 1387 , len(hard_negatives): 2239

CUM Mean pos prob: 0.695, Mean neg prob: 0.307
CUM Mean pos logit: 1.091, Mean neg logit: -2.080

Epoch 4, Batch 4080 | Acc: 0.7713 | PosAcc: 0.8143 | NegAcc: 0.7283
len(easy_positives): 18886 , len(easy_negatives): 21754
len(hard_positives): 1391 , len(hard_negatives): 2252

CUM Mean pos prob: 0.696, Mean neg prob: 0.307
CUM Mean pos logit: 1.092, Mean neg logit: -2.080

Epoch 4, Batch 4100 | Acc: 0.7713 | PosAcc: 0.8144 | NegAcc: 0.7283
len(easy_positives): 19010 , len(easy_negatives): 21866
len(hard_positives): 1396 , len(hard_negatives): 2264

CUM Mean pos prob: 0.696, Mean neg prob: 0.307
CUM Mean pos logit: 1.093, Mean neg logit: -2.081

Epoch 4, Batch 4120 | Acc: 0.7715 | PosAcc: 0.8144 | NegAcc: 0.7285
len(easy_positives): 19104 , len(easy_negatives): 21980
len(hard_positives): 1403 , len(hard_negatives): 2284

CUM Mean pos prob: 0.696, Mean neg prob: 0.307
CUM Mean pos logit: 1.092, Mean neg logit: -2.082

Epoch 4, Batch 4140 | Acc: 0.7714 | PosAcc: 0.8143 | NegAcc: 0.7286
len(easy_positives): 19178 , len(easy_negatives): 22102
len(hard_positives): 1413 , len(hard_negatives): 2296

CUM Mean pos prob: 0.696, Mean neg prob: 0.307
CUM Mean pos logit: 1.092, Mean neg logit: -2.081

Epoch 4, Batch 4160 | Acc: 0.7714 | PosAcc: 0.8144 | NegAcc: 0.7284
len(easy_positives): 19279 , len(easy_negatives): 22184
len(hard_positives): 1417 , len(hard_negatives): 2307

CUM Mean pos prob: 0.696, Mean neg prob: 0.308
CUM Mean pos logit: 1.092, Mean neg logit: -2.078

Epoch 4, Batch 4180 | Acc: 0.7715 | PosAcc: 0.8145 | NegAcc: 0.7286
len(easy_positives): 19372 , len(easy_negatives): 22299
len(hard_positives): 1421 , len(hard_negatives): 2319

CUM Mean pos prob: 0.696, Mean neg prob: 0.307
CUM Mean pos logit: 1.092, Mean neg logit: -2.079

Epoch 4, Batch 4200 | Acc: 0.7716 | PosAcc: 0.8146 | NegAcc: 0.7287
len(easy_positives): 19474 , len(easy_negatives): 22420
len(hard_positives): 1430 , len(hard_negatives): 2336

CUM Mean pos prob: 0.696, Mean neg prob: 0.307
CUM Mean pos logit: 1.092, Mean neg logit: -2.082

Epoch 4, Batch 4220 | Acc: 0.7717 | PosAcc: 0.8148 | NegAcc: 0.7286
len(easy_positives): 19580 , len(easy_negatives): 22521
len(hard_positives): 1434 , len(hard_negatives): 2348

CUM Mean pos prob: 0.696, Mean neg prob: 0.307
CUM Mean pos logit: 1.093, Mean neg logit: -2.081

Epoch 4, Batch 4240 | Acc: 0.7716 | PosAcc: 0.8146 | NegAcc: 0.7285
len(easy_positives): 19668 , len(easy_negatives): 22630
len(hard_positives): 1445 , len(hard_negatives): 2358

CUM Mean pos prob: 0.696, Mean neg prob: 0.307
CUM Mean pos logit: 1.092, Mean neg logit: -2.081

Epoch 4, Batch 4260 | Acc: 0.7714 | PosAcc: 0.8142 | NegAcc: 0.7287
len(easy_positives): 19725 , len(easy_negatives): 22735
len(hard_positives): 1456 , len(hard_negatives): 2364

CUM Mean pos prob: 0.696, Mean neg prob: 0.307
CUM Mean pos logit: 1.090, Mean neg logit: -2.080

Epoch 4, Batch 4280 | Acc: 0.7714 | PosAcc: 0.8140 | NegAcc: 0.7288
len(easy_positives): 19795 , len(easy_negatives): 22864
len(hard_positives): 1461 , len(hard_negatives): 2369

CUM Mean pos prob: 0.695, Mean neg prob: 0.307
CUM Mean pos logit: 1.090, Mean neg logit: -2.081

Epoch 4, Batch 4300 | Acc: 0.7714 | PosAcc: 0.8142 | NegAcc: 0.7286
len(easy_positives): 19896 , len(easy_negatives): 22958
len(hard_positives): 1465 , len(hard_negatives): 2380

CUM Mean pos prob: 0.696, Mean neg prob: 0.307
CUM Mean pos logit: 1.091, Mean neg logit: -2.080

Epoch 4, Batch 4320 | Acc: 0.7715 | PosAcc: 0.8142 | NegAcc: 0.7287
len(easy_positives): 19986 , len(easy_negatives): 23066
len(hard_positives): 1469 , len(hard_negatives): 2394

CUM Mean pos prob: 0.696, Mean neg prob: 0.307
CUM Mean pos logit: 1.090, Mean neg logit: -2.080

Epoch 4, Batch 4340 | Acc: 0.7715 | PosAcc: 0.8142 | NegAcc: 0.7288
len(easy_positives): 20109 , len(easy_negatives): 23171
len(hard_positives): 1476 , len(hard_negatives): 2408

CUM Mean pos prob: 0.696, Mean neg prob: 0.307
CUM Mean pos logit: 1.092, Mean neg logit: -2.080

Epoch 4, Batch 4360 | Acc: 0.7713 | PosAcc: 0.8143 | NegAcc: 0.7283
len(easy_positives): 20198 , len(easy_negatives): 23249
len(hard_positives): 1482 , len(hard_negatives): 2420

CUM Mean pos prob: 0.696, Mean neg prob: 0.308
CUM Mean pos logit: 1.091, Mean neg logit: -2.078

Epoch 4, Batch 4380 | Acc: 0.7713 | PosAcc: 0.8143 | NegAcc: 0.7283
len(easy_positives): 20266 , len(easy_negatives): 23359
len(hard_positives): 1487 , len(hard_negatives): 2422

CUM Mean pos prob: 0.696, Mean neg prob: 0.308
CUM Mean pos logit: 1.091, Mean neg logit: -2.077

Epoch 4, Batch 4400 | Acc: 0.7713 | PosAcc: 0.8143 | NegAcc: 0.7283
len(easy_positives): 20364 , len(easy_negatives): 23476
len(hard_positives): 1501 , len(hard_negatives): 2431

CUM Mean pos prob: 0.696, Mean neg prob: 0.307
CUM Mean pos logit: 1.091, Mean neg logit: -2.081

Epoch 4, Batch 4420 | Acc: 0.7712 | PosAcc: 0.8145 | NegAcc: 0.7280
len(easy_positives): 20463 , len(easy_negatives): 23577
len(hard_positives): 1504 , len(hard_negatives): 2444

CUM Mean pos prob: 0.696, Mean neg prob: 0.308
CUM Mean pos logit: 1.092, Mean neg logit: -2.080

Epoch 4, Batch 4440 | Acc: 0.7712 | PosAcc: 0.8145 | NegAcc: 0.7279
len(easy_positives): 20551 , len(easy_negatives): 23685
len(hard_positives): 1508 , len(hard_negatives): 2452

CUM Mean pos prob: 0.696, Mean neg prob: 0.308
CUM Mean pos logit: 1.091, Mean neg logit: -2.080

Epoch 4, Batch 4460 | Acc: 0.7712 | PosAcc: 0.8144 | NegAcc: 0.7281
len(easy_positives): 20633 , len(easy_negatives): 23806
len(hard_positives): 1512 , len(hard_negatives): 2460

CUM Mean pos prob: 0.696, Mean neg prob: 0.307
CUM Mean pos logit: 1.091, Mean neg logit: -2.083

Epoch 4, Batch 4480 | Acc: 0.7711 | PosAcc: 0.8144 | NegAcc: 0.7279
len(easy_positives): 20746 , len(easy_negatives): 23905
len(hard_positives): 1522 , len(hard_negatives): 2473

CUM Mean pos prob: 0.696, Mean neg prob: 0.308
CUM Mean pos logit: 1.092, Mean neg logit: -2.082

Epoch 4, Batch 4500 | Acc: 0.7712 | PosAcc: 0.8144 | NegAcc: 0.7281
len(easy_positives): 20828 , len(easy_negatives): 24012
len(hard_positives): 1530 , len(hard_negatives): 2479

CUM Mean pos prob: 0.696, Mean neg prob: 0.308
CUM Mean pos logit: 1.092, Mean neg logit: -2.083

Epoch 4, Batch 4520 | Acc: 0.7712 | PosAcc: 0.8145 | NegAcc: 0.7280
len(easy_positives): 20933 , len(easy_negatives): 24119
len(hard_positives): 1538 , len(hard_negatives): 2490

CUM Mean pos prob: 0.696, Mean neg prob: 0.308
CUM Mean pos logit: 1.092, Mean neg logit: -2.083

Epoch 4, Batch 4540 | Acc: 0.7713 | PosAcc: 0.8146 | NegAcc: 0.7282
len(easy_positives): 21017 , len(easy_negatives): 24228
len(hard_positives): 1545 , len(hard_negatives): 2497

CUM Mean pos prob: 0.696, Mean neg prob: 0.307
CUM Mean pos logit: 1.092, Mean neg logit: -2.083

Epoch 4, Batch 4560 | Acc: 0.7714 | PosAcc: 0.8146 | NegAcc: 0.7282
len(easy_positives): 21125 , len(easy_negatives): 24341
len(hard_positives): 1554 , len(hard_negatives): 2504

CUM Mean pos prob: 0.696, Mean neg prob: 0.307
CUM Mean pos logit: 1.093, Mean neg logit: -2.085

Epoch 4, Batch 4580 | Acc: 0.7714 | PosAcc: 0.8146 | NegAcc: 0.7283
len(easy_positives): 21229 , len(easy_negatives): 24453
len(hard_positives): 1564 , len(hard_negatives): 2518

CUM Mean pos prob: 0.696, Mean neg prob: 0.307
CUM Mean pos logit: 1.093, Mean neg logit: -2.086

Epoch 4, Batch 4600 | Acc: 0.7714 | PosAcc: 0.8147 | NegAcc: 0.7281
len(easy_positives): 21322 , len(easy_negatives): 24546
len(hard_positives): 1567 , len(hard_negatives): 2526

CUM Mean pos prob: 0.696, Mean neg prob: 0.308
CUM Mean pos logit: 1.093, Mean neg logit: -2.083

Epoch 4, Batch 4620 | Acc: 0.7715 | PosAcc: 0.8145 | NegAcc: 0.7285
len(easy_positives): 21410 , len(easy_negatives): 24673
len(hard_positives): 1576 , len(hard_negatives): 2531

CUM Mean pos prob: 0.696, Mean neg prob: 0.307
CUM Mean pos logit: 1.093, Mean neg logit: -2.084

Epoch 4, Batch 4640 | Acc: 0.7714 | PosAcc: 0.8144 | NegAcc: 0.7284
len(easy_positives): 21515 , len(easy_negatives): 24770
len(hard_positives): 1583 , len(hard_negatives): 2548

CUM Mean pos prob: 0.696, Mean neg prob: 0.307
CUM Mean pos logit: 1.093, Mean neg logit: -2.084

Epoch 4, Batch 4660 | Acc: 0.7715 | PosAcc: 0.8144 | NegAcc: 0.7286
len(easy_positives): 21602 , len(easy_negatives): 24912
len(hard_positives): 1588 , len(hard_negatives): 2554

CUM Mean pos prob: 0.696, Mean neg prob: 0.307
CUM Mean pos logit: 1.093, Mean neg logit: -2.087

Epoch 4, Batch 4680 | Acc: 0.7715 | PosAcc: 0.8145 | NegAcc: 0.7285
len(easy_positives): 21722 , len(easy_negatives): 25006
len(hard_positives): 1596 , len(hard_negatives): 2566

CUM Mean pos prob: 0.696, Mean neg prob: 0.307
CUM Mean pos logit: 1.094, Mean neg logit: -2.088

Epoch 4, Batch 4700 | Acc: 0.7718 | PosAcc: 0.8150 | NegAcc: 0.7286
len(easy_positives): 21847 , len(easy_negatives): 25117
len(hard_positives): 1599 , len(hard_negatives): 2581

CUM Mean pos prob: 0.696, Mean neg prob: 0.307
CUM Mean pos logit: 1.096, Mean neg logit: -2.089

Epoch 4, Batch 4720 | Acc: 0.7718 | PosAcc: 0.8149 | NegAcc: 0.7288
len(easy_positives): 21962 , len(easy_negatives): 25238
len(hard_positives): 1609 , len(hard_negatives): 2591

CUM Mean pos prob: 0.696, Mean neg prob: 0.307
CUM Mean pos logit: 1.097, Mean neg logit: -2.095

Epoch 4, Batch 4740 | Acc: 0.7717 | PosAcc: 0.8149 | NegAcc: 0.7285
len(easy_positives): 22067 , len(easy_negatives): 25332
len(hard_positives): 1617 , len(hard_negatives): 2603

CUM Mean pos prob: 0.696, Mean neg prob: 0.307
CUM Mean pos logit: 1.098, Mean neg logit: -2.094

Epoch 4, Batch 4760 | Acc: 0.7717 | PosAcc: 0.8148 | NegAcc: 0.7286
len(easy_positives): 22156 , len(easy_negatives): 25441
len(hard_positives): 1626 , len(hard_negatives): 2609

CUM Mean pos prob: 0.696, Mean neg prob: 0.307
CUM Mean pos logit: 1.098, Mean neg logit: -2.094

Epoch 4, Batch 4780 | Acc: 0.7716 | PosAcc: 0.8148 | NegAcc: 0.7285
len(easy_positives): 22253 , len(easy_negatives): 25550
len(hard_positives): 1634 , len(hard_negatives): 2616

CUM Mean pos prob: 0.696, Mean neg prob: 0.307
CUM Mean pos logit: 1.098, Mean neg logit: -2.093

Epoch 4, Batch 4800 | Acc: 0.7716 | PosAcc: 0.8146 | NegAcc: 0.7287
len(easy_positives): 22339 , len(easy_negatives): 25654
len(hard_positives): 1641 , len(hard_negatives): 2625

CUM Mean pos prob: 0.696, Mean neg prob: 0.307
CUM Mean pos logit: 1.098, Mean neg logit: -2.093

Epoch 4, Batch 4820 | Acc: 0.7716 | PosAcc: 0.8146 | NegAcc: 0.7286
len(easy_positives): 22451 , len(easy_negatives): 25752
len(hard_positives): 1649 , len(hard_negatives): 2635

CUM Mean pos prob: 0.696, Mean neg prob: 0.307
CUM Mean pos logit: 1.098, Mean neg logit: -2.093

Epoch 4, Batch 4840 | Acc: 0.7716 | PosAcc: 0.8148 | NegAcc: 0.7285
len(easy_positives): 22551 , len(easy_negatives): 25844
len(hard_positives): 1653 , len(hard_negatives): 2647

CUM Mean pos prob: 0.696, Mean neg prob: 0.307
CUM Mean pos logit: 1.099, Mean neg logit: -2.092

Epoch 4, Batch 4860 | Acc: 0.7716 | PosAcc: 0.8148 | NegAcc: 0.7285
len(easy_positives): 22644 , len(easy_negatives): 25942
len(hard_positives): 1661 , len(hard_negatives): 2661

CUM Mean pos prob: 0.696, Mean neg prob: 0.307
CUM Mean pos logit: 1.099, Mean neg logit: -2.092

Epoch 4, Batch 4880 | Acc: 0.7716 | PosAcc: 0.8146 | NegAcc: 0.7286
len(easy_positives): 22735 , len(easy_negatives): 26070
len(hard_positives): 1671 , len(hard_negatives): 2677

CUM Mean pos prob: 0.696, Mean neg prob: 0.307
CUM Mean pos logit: 1.099, Mean neg logit: -2.094

Epoch 4, Batch 4900 | Acc: 0.7717 | PosAcc: 0.8146 | NegAcc: 0.7288
len(easy_positives): 22811 , len(easy_negatives): 26179
len(hard_positives): 1675 , len(hard_negatives): 2685

CUM Mean pos prob: 0.696, Mean neg prob: 0.307
CUM Mean pos logit: 1.099, Mean neg logit: -2.094

Epoch 4, Batch 4920 | Acc: 0.7718 | PosAcc: 0.8148 | NegAcc: 0.7287
len(easy_positives): 22943 , len(easy_negatives): 26283
len(hard_positives): 1682 , len(hard_negatives): 2705

CUM Mean pos prob: 0.697, Mean neg prob: 0.307
CUM Mean pos logit: 1.100, Mean neg logit: -2.095

	train_accuracy: 0.7717747382640999
	pos train_accuracy: 0.8146403242147923
	neg train_accuracy: 0.7289091523134076
Epoch 4, Batch 20 | Val Acc: 0.7844 | Val PosAcc: 0.8553 | Val NegAcc: 0.7173
len(easy_positives): 147 , len(easy_negatives): 148
len(hard_positives): 7 , len(hard_negatives): 12
CUM Mean pos prob: 0.730, Mean neg prob: 0.306
CUM Mean pos logit: 1.322, Mean neg logit: -2.237

Epoch 4, Batch 40 | Val Acc: 0.7672 | Val PosAcc: 0.8453 | Val NegAcc: 0.6891
len(easy_positives): 303 , len(easy_negatives): 266
len(hard_positives): 16 , len(hard_negatives): 38
CUM Mean pos prob: 0.729, Mean neg prob: 0.328
CUM Mean pos logit: 1.315, Mean neg logit: -2.064

Epoch 4, Batch 60 | Val Acc: 0.7651 | Val PosAcc: 0.8403 | Val NegAcc: 0.6902
len(easy_positives): 445 , len(easy_negatives): 403
len(hard_positives): 23 , len(hard_negatives): 60
CUM Mean pos prob: 0.725, Mean neg prob: 0.330
CUM Mean pos logit: 1.306, Mean neg logit: -2.017

Epoch 4, Batch 80 | Val Acc: 0.7605 | Val PosAcc: 0.8358 | Val NegAcc: 0.6861
len(easy_positives): 580 , len(easy_negatives): 546
len(hard_positives): 31 , len(hard_negatives): 80
CUM Mean pos prob: 0.723, Mean neg prob: 0.328
CUM Mean pos logit: 1.296, Mean neg logit: -1.991

Epoch 4, Batch 100 | Val Acc: 0.7684 | Val PosAcc: 0.8386 | Val NegAcc: 0.6978
len(easy_positives): 730 , len(easy_negatives): 679
len(hard_positives): 43 , len(hard_negatives): 96
CUM Mean pos prob: 0.724, Mean neg prob: 0.324
CUM Mean pos logit: 1.312, Mean neg logit: -2.037

Epoch 4, Batch 120 | Val Acc: 0.7732 | Val PosAcc: 0.8457 | Val NegAcc: 0.6993
len(easy_positives): 883 , len(easy_negatives): 816
len(hard_positives): 51 , len(hard_negatives): 107
CUM Mean pos prob: 0.727, Mean neg prob: 0.321
CUM Mean pos logit: 1.319, Mean neg logit: -2.078

Epoch 4, Batch 140 | Val Acc: 0.7714 | Val PosAcc: 0.8447 | Val NegAcc: 0.6974
len(easy_positives): 1028 , len(easy_negatives): 961
len(hard_positives): 60 , len(hard_negatives): 124
CUM Mean pos prob: 0.726, Mean neg prob: 0.322
CUM Mean pos logit: 1.310, Mean neg logit: -2.102

Epoch 4, Batch 160 | Val Acc: 0.7725 | Val PosAcc: 0.8458 | Val NegAcc: 0.6990
len(easy_positives): 1157 , len(easy_negatives): 1103
len(hard_positives): 65 , len(hard_negatives): 142
CUM Mean pos prob: 0.725, Mean neg prob: 0.323
CUM Mean pos logit: 1.302, Mean neg logit: -2.045

Epoch 4, Batch 180 | Val Acc: 0.7707 | Val PosAcc: 0.8480 | Val NegAcc: 0.6936
len(easy_positives): 1300 , len(easy_negatives): 1242
len(hard_positives): 76 , len(hard_negatives): 168
CUM Mean pos prob: 0.726, Mean neg prob: 0.326
CUM Mean pos logit: 1.307, Mean neg logit: -2.014

Epoch 4, Batch 200 | Val Acc: 0.7716 | Val PosAcc: 0.8499 | Val NegAcc: 0.6931
len(easy_positives): 1457 , len(easy_negatives): 1376
len(hard_positives): 79 , len(hard_negatives): 191
CUM Mean pos prob: 0.728, Mean neg prob: 0.326
CUM Mean pos logit: 1.314, Mean neg logit: -2.019

Epoch 4, Batch 220 | Val Acc: 0.7700 | Val PosAcc: 0.8482 | Val NegAcc: 0.6922
len(easy_positives): 1594 , len(easy_negatives): 1508
len(hard_positives): 88 , len(hard_negatives): 212
CUM Mean pos prob: 0.726, Mean neg prob: 0.327
CUM Mean pos logit: 1.308, Mean neg logit: -2.011

Epoch 4, Batch 240 | Val Acc: 0.7707 | Val PosAcc: 0.8471 | Val NegAcc: 0.6944
len(easy_positives): 1749 , len(easy_negatives): 1646
len(hard_positives): 94 , len(hard_negatives): 224
CUM Mean pos prob: 0.727, Mean neg prob: 0.325
CUM Mean pos logit: 1.312, Mean neg logit: -2.032

Epoch 4, Batch 260 | Val Acc: 0.7706 | Val PosAcc: 0.8465 | Val NegAcc: 0.6948
len(easy_positives): 1884 , len(easy_negatives): 1797
len(hard_positives): 100 , len(hard_negatives): 244
CUM Mean pos prob: 0.726, Mean neg prob: 0.324
CUM Mean pos logit: 1.309, Mean neg logit: -2.051

Epoch 4, Batch 280 | Val Acc: 0.7721 | Val PosAcc: 0.8490 | Val NegAcc: 0.6953
len(easy_positives): 2024 , len(easy_negatives): 1930
len(hard_positives): 104 , len(hard_negatives): 264
CUM Mean pos prob: 0.727, Mean neg prob: 0.324
CUM Mean pos logit: 1.313, Mean neg logit: -2.051

Epoch 4, Batch 300 | Val Acc: 0.7735 | Val PosAcc: 0.8508 | Val NegAcc: 0.6963
len(easy_positives): 2180 , len(easy_negatives): 2049
len(hard_positives): 108 , len(hard_negatives): 279
CUM Mean pos prob: 0.728, Mean neg prob: 0.324
CUM Mean pos logit: 1.314, Mean neg logit: -2.019

Epoch 4, Batch 320 | Val Acc: 0.7740 | Val PosAcc: 0.8506 | Val NegAcc: 0.6978
len(easy_positives): 2312 , len(easy_negatives): 2187
len(hard_positives): 110 , len(hard_negatives): 297
CUM Mean pos prob: 0.728, Mean neg prob: 0.324
CUM Mean pos logit: 1.313, Mean neg logit: -2.008

Epoch 4, Batch 340 | Val Acc: 0.7759 | Val PosAcc: 0.8512 | Val NegAcc: 0.7006
len(easy_positives): 2463 , len(easy_negatives): 2319
len(hard_positives): 115 , len(hard_negatives): 313
CUM Mean pos prob: 0.728, Mean neg prob: 0.323
CUM Mean pos logit: 1.312, Mean neg logit: -2.008

Epoch 4, Batch 360 | Val Acc: 0.7777 | Val PosAcc: 0.8520 | Val NegAcc: 0.7035
len(easy_positives): 2620 , len(easy_negatives): 2473
len(hard_positives): 120 , len(hard_negatives): 328
CUM Mean pos prob: 0.729, Mean neg prob: 0.322
CUM Mean pos logit: 1.318, Mean neg logit: -2.016

Epoch 4, Batch 380 | Val Acc: 0.7764 | Val PosAcc: 0.8509 | Val NegAcc: 0.7025
len(easy_positives): 2746 , len(easy_negatives): 2623
len(hard_positives): 129 , len(hard_negatives): 344
CUM Mean pos prob: 0.728, Mean neg prob: 0.322
CUM Mean pos logit: 1.314, Mean neg logit: -2.016

Epoch 4, Batch 400 | Val Acc: 0.7766 | Val PosAcc: 0.8501 | Val NegAcc: 0.7035
len(easy_positives): 2887 , len(easy_negatives): 2759
len(hard_positives): 134 , len(hard_negatives): 362
CUM Mean pos prob: 0.728, Mean neg prob: 0.322
CUM Mean pos logit: 1.313, Mean neg logit: -2.015

Epoch 4, Batch 420 | Val Acc: 0.7767 | Val PosAcc: 0.8514 | Val NegAcc: 0.7024
len(easy_positives): 3036 , len(easy_negatives): 2888
len(hard_positives): 136 , len(hard_negatives): 377
CUM Mean pos prob: 0.728, Mean neg prob: 0.322
CUM Mean pos logit: 1.317, Mean neg logit: -2.019

Epoch 4, Batch 440 | Val Acc: 0.7771 | Val PosAcc: 0.8521 | Val NegAcc: 0.7027
len(easy_positives): 3175 , len(easy_negatives): 3031
len(hard_positives): 142 , len(hard_negatives): 393
CUM Mean pos prob: 0.729, Mean neg prob: 0.321
CUM Mean pos logit: 1.319, Mean neg logit: -2.028

Epoch 4, Batch 460 | Val Acc: 0.7783 | Val PosAcc: 0.8528 | Val NegAcc: 0.7042
len(easy_positives): 3319 , len(easy_negatives): 3174
len(hard_positives): 144 , len(hard_negatives): 406
CUM Mean pos prob: 0.729, Mean neg prob: 0.320
CUM Mean pos logit: 1.323, Mean neg logit: -2.035

Epoch 4, Batch 480 | Val Acc: 0.7767 | Val PosAcc: 0.8530 | Val NegAcc: 0.7010
len(easy_positives): 3472 , len(easy_negatives): 3310
len(hard_positives): 150 , len(hard_negatives): 425
CUM Mean pos prob: 0.730, Mean neg prob: 0.322
CUM Mean pos logit: 1.328, Mean neg logit: -2.020

Epoch 4, Batch 500 | Val Acc: 0.7764 | Val PosAcc: 0.8530 | Val NegAcc: 0.7009
len(easy_positives): 3600 , len(easy_negatives): 3461
len(hard_positives): 154 , len(hard_negatives): 441
CUM Mean pos prob: 0.729, Mean neg prob: 0.321
CUM Mean pos logit: 1.325, Mean neg logit: -2.021

Epoch 4, Batch 520 | Val Acc: 0.7757 | Val PosAcc: 0.8513 | Val NegAcc: 0.7012
len(easy_positives): 3727 , len(easy_negatives): 3585
len(hard_positives): 159 , len(hard_negatives): 463
CUM Mean pos prob: 0.729, Mean neg prob: 0.322
CUM Mean pos logit: 1.319, Mean neg logit: -2.013

Epoch 4, Batch 540 | Val Acc: 0.7760 | Val PosAcc: 0.8509 | Val NegAcc: 0.7021
len(easy_positives): 3871 , len(easy_negatives): 3726
len(hard_positives): 168 , len(hard_negatives): 488
CUM Mean pos prob: 0.728, Mean neg prob: 0.321
CUM Mean pos logit: 1.319, Mean neg logit: -2.019

Epoch 4, Batch 560 | Val Acc: 0.7763 | Val PosAcc: 0.8506 | Val NegAcc: 0.7032
len(easy_positives): 3995 , len(easy_negatives): 3883
len(hard_positives): 169 , len(hard_negatives): 504
CUM Mean pos prob: 0.728, Mean neg prob: 0.321
CUM Mean pos logit: 1.317, Mean neg logit: -2.024

Epoch 4, Batch 580 | Val Acc: 0.7763 | Val PosAcc: 0.8502 | Val NegAcc: 0.7036
len(easy_positives): 4128 , len(easy_negatives): 4014
len(hard_positives): 177 , len(hard_negatives): 524
CUM Mean pos prob: 0.728, Mean neg prob: 0.321
CUM Mean pos logit: 1.314, Mean neg logit: -2.027

Epoch 4, Batch 600 | Val Acc: 0.7764 | Val PosAcc: 0.8500 | Val NegAcc: 0.7037
len(easy_positives): 4263 , len(easy_negatives): 4155
len(hard_positives): 187 , len(hard_negatives): 539
CUM Mean pos prob: 0.727, Mean neg prob: 0.321
CUM Mean pos logit: 1.310, Mean neg logit: -2.034

Epoch 4, Batch 620 | Val Acc: 0.7765 | Val PosAcc: 0.8509 | Val NegAcc: 0.7029
len(easy_positives): 4417 , len(easy_negatives): 4291
len(hard_positives): 190 , len(hard_negatives): 558
CUM Mean pos prob: 0.728, Mean neg prob: 0.321
CUM Mean pos logit: 1.314, Mean neg logit: -2.033

Epoch 4, Batch 640 | Val Acc: 0.7769 | Val PosAcc: 0.8515 | Val NegAcc: 0.7032
len(easy_positives): 4565 , len(easy_negatives): 4430
len(hard_positives): 200 , len(hard_negatives): 578
CUM Mean pos prob: 0.728, Mean neg prob: 0.321
CUM Mean pos logit: 1.314, Mean neg logit: -2.031

Epoch 4, Batch 660 | Val Acc: 0.7771 | Val PosAcc: 0.8510 | Val NegAcc: 0.7040
len(easy_positives): 4719 , len(easy_negatives): 4572
len(hard_positives): 211 , len(hard_negatives): 602
CUM Mean pos prob: 0.728, Mean neg prob: 0.321
CUM Mean pos logit: 1.315, Mean neg logit: -2.027

Epoch 4, Batch 680 | Val Acc: 0.7774 | Val PosAcc: 0.8515 | Val NegAcc: 0.7040
len(easy_positives): 4872 , len(easy_negatives): 4700
len(hard_positives): 215 , len(hard_negatives): 626
CUM Mean pos prob: 0.728, Mean neg prob: 0.321
CUM Mean pos logit: 1.317, Mean neg logit: -2.028

Epoch 4, Batch 700 | Val Acc: 0.7779 | Val PosAcc: 0.8524 | Val NegAcc: 0.7040
len(easy_positives): 5014 , len(easy_negatives): 4830
len(hard_positives): 220 , len(hard_negatives): 644
CUM Mean pos prob: 0.728, Mean neg prob: 0.321
CUM Mean pos logit: 1.316, Mean neg logit: -2.021

Epoch 4, Batch 720 | Val Acc: 0.7777 | Val PosAcc: 0.8534 | Val NegAcc: 0.7027
len(easy_positives): 5145 , len(easy_negatives): 4955
len(hard_positives): 224 , len(hard_negatives): 664
CUM Mean pos prob: 0.728, Mean neg prob: 0.322
CUM Mean pos logit: 1.316, Mean neg logit: -2.014

Epoch 4, Batch 740 | Val Acc: 0.7780 | Val PosAcc: 0.8538 | Val NegAcc: 0.7029
len(easy_positives): 5285 , len(easy_negatives): 5088
len(hard_positives): 228 , len(hard_negatives): 679
CUM Mean pos prob: 0.728, Mean neg prob: 0.322
CUM Mean pos logit: 1.315, Mean neg logit: -2.005

Epoch 4, Batch 760 | Val Acc: 0.7776 | Val PosAcc: 0.8531 | Val NegAcc: 0.7026
len(easy_positives): 5424 , len(easy_negatives): 5216
len(hard_positives): 235 , len(hard_negatives): 699
CUM Mean pos prob: 0.728, Mean neg prob: 0.323
CUM Mean pos logit: 1.312, Mean neg logit: -2.003

Epoch 4, Batch 780 | Val Acc: 0.7774 | Val PosAcc: 0.8529 | Val NegAcc: 0.7023
len(easy_positives): 5582 , len(easy_negatives): 5343
len(hard_positives): 242 , len(hard_negatives): 714
CUM Mean pos prob: 0.728, Mean neg prob: 0.323
CUM Mean pos logit: 1.314, Mean neg logit: -1.999

Epoch 4, Batch 800 | Val Acc: 0.7777 | Val PosAcc: 0.8529 | Val NegAcc: 0.7029
len(easy_positives): 5725 , len(easy_negatives): 5482
len(hard_positives): 247 , len(hard_negatives): 730
CUM Mean pos prob: 0.728, Mean neg prob: 0.323
CUM Mean pos logit: 1.314, Mean neg logit: -1.997

Epoch 4, Batch 820 | Val Acc: 0.7782 | Val PosAcc: 0.8537 | Val NegAcc: 0.7027
len(easy_positives): 5866 , len(easy_negatives): 5599
len(hard_positives): 251 , len(hard_negatives): 753
CUM Mean pos prob: 0.728, Mean neg prob: 0.323
CUM Mean pos logit: 1.313, Mean neg logit: -1.992

Epoch 4, Batch 840 | Val Acc: 0.7779 | Val PosAcc: 0.8534 | Val NegAcc: 0.7027
len(easy_positives): 5992 , len(easy_negatives): 5756
len(hard_positives): 259 , len(hard_negatives): 770
CUM Mean pos prob: 0.728, Mean neg prob: 0.323
CUM Mean pos logit: 1.310, Mean neg logit: -1.991

Epoch 4, Batch 860 | Val Acc: 0.7780 | Val PosAcc: 0.8540 | Val NegAcc: 0.7020
len(easy_positives): 6148 , len(easy_negatives): 5884
len(hard_positives): 260 , len(hard_negatives): 792
CUM Mean pos prob: 0.728, Mean neg prob: 0.323
CUM Mean pos logit: 1.314, Mean neg logit: -1.993

Epoch 4, Batch 880 | Val Acc: 0.7777 | Val PosAcc: 0.8536 | Val NegAcc: 0.7016
len(easy_positives): 6282 , len(easy_negatives): 6015
len(hard_positives): 269 , len(hard_negatives): 810
CUM Mean pos prob: 0.728, Mean neg prob: 0.323
CUM Mean pos logit: 1.311, Mean neg logit: -1.989

Epoch 4, Batch 900 | Val Acc: 0.7777 | Val PosAcc: 0.8529 | Val NegAcc: 0.7023
len(easy_positives): 6420 , len(easy_negatives): 6151
len(hard_positives): 279 , len(hard_negatives): 826
CUM Mean pos prob: 0.728, Mean neg prob: 0.323
CUM Mean pos logit: 1.308, Mean neg logit: -1.993

Epoch 4, Batch 920 | Val Acc: 0.7775 | Val PosAcc: 0.8527 | Val NegAcc: 0.7024
len(easy_positives): 6570 , len(easy_negatives): 6279
len(hard_positives): 283 , len(hard_negatives): 849
CUM Mean pos prob: 0.728, Mean neg prob: 0.323
CUM Mean pos logit: 1.309, Mean neg logit: -1.987

Epoch 4, Batch 940 | Val Acc: 0.7781 | Val PosAcc: 0.8526 | Val NegAcc: 0.7036
len(easy_positives): 6696 , len(easy_negatives): 6430
len(hard_positives): 292 , len(hard_negatives): 867
CUM Mean pos prob: 0.727, Mean neg prob: 0.322
CUM Mean pos logit: 1.305, Mean neg logit: -1.997

Epoch 4, Batch 960 | Val Acc: 0.7783 | Val PosAcc: 0.8523 | Val NegAcc: 0.7044
len(easy_positives): 6841 , len(easy_negatives): 6595
len(hard_positives): 297 , len(hard_negatives): 885
CUM Mean pos prob: 0.727, Mean neg prob: 0.322
CUM Mean pos logit: 1.307, Mean neg logit: -1.997

Epoch 4, Batch 980 | Val Acc: 0.7784 | Val PosAcc: 0.8520 | Val NegAcc: 0.7050
len(easy_positives): 6991 , len(easy_negatives): 6752
len(hard_positives): 304 , len(hard_negatives): 899
CUM Mean pos prob: 0.727, Mean neg prob: 0.321
CUM Mean pos logit: 1.307, Mean neg logit: -2.011

Epoch 4, Batch 1000 | Val Acc: 0.7783 | Val PosAcc: 0.8517 | Val NegAcc: 0.7050
len(easy_positives): 7139 , len(easy_negatives): 6889
len(hard_positives): 308 , len(hard_negatives): 920
CUM Mean pos prob: 0.727, Mean neg prob: 0.321
CUM Mean pos logit: 1.307, Mean neg logit: -2.008

Epoch 4, Batch 1020 | Val Acc: 0.7786 | Val PosAcc: 0.8521 | Val NegAcc: 0.7053
len(easy_positives): 7292 , len(easy_negatives): 7029
len(hard_positives): 309 , len(hard_negatives): 935
CUM Mean pos prob: 0.728, Mean neg prob: 0.321
CUM Mean pos logit: 1.310, Mean neg logit: -2.008

Epoch 4, Batch 1040 | Val Acc: 0.7790 | Val PosAcc: 0.8525 | Val NegAcc: 0.7056
len(easy_positives): 7441 , len(easy_negatives): 7163
len(hard_positives): 318 , len(hard_negatives): 955
CUM Mean pos prob: 0.728, Mean neg prob: 0.321
CUM Mean pos logit: 1.311, Mean neg logit: -2.013

Epoch 4, Batch 1060 | Val Acc: 0.7789 | Val PosAcc: 0.8519 | Val NegAcc: 0.7060
len(easy_positives): 7582 , len(easy_negatives): 7297
len(hard_positives): 328 , len(hard_negatives): 973
CUM Mean pos prob: 0.727, Mean neg prob: 0.321
CUM Mean pos logit: 1.309, Mean neg logit: -2.014

Epoch 4, Batch 1080 | Val Acc: 0.7786 | Val PosAcc: 0.8517 | Val NegAcc: 0.7057
len(easy_positives): 7725 , len(easy_negatives): 7432
len(hard_positives): 331 , len(hard_negatives): 998
CUM Mean pos prob: 0.727, Mean neg prob: 0.321
CUM Mean pos logit: 1.310, Mean neg logit: -2.012

Epoch 4, Batch 1100 | Val Acc: 0.7785 | Val PosAcc: 0.8515 | Val NegAcc: 0.7056
len(easy_positives): 7862 , len(easy_negatives): 7575
len(hard_positives): 339 , len(hard_negatives): 1017
CUM Mean pos prob: 0.727, Mean neg prob: 0.321
CUM Mean pos logit: 1.308, Mean neg logit: -2.014

Epoch 4, Batch 1120 | Val Acc: 0.7783 | Val PosAcc: 0.8514 | Val NegAcc: 0.7055
len(easy_positives): 8007 , len(easy_negatives): 7715
len(hard_positives): 350 , len(hard_negatives): 1036
CUM Mean pos prob: 0.727, Mean neg prob: 0.321
CUM Mean pos logit: 1.308, Mean neg logit: -2.009

Epoch 4, Batch 1140 | Val Acc: 0.7786 | Val PosAcc: 0.8512 | Val NegAcc: 0.7062
len(easy_positives): 8158 , len(easy_negatives): 7855
len(hard_positives): 354 , len(hard_negatives): 1054
CUM Mean pos prob: 0.727, Mean neg prob: 0.321
CUM Mean pos logit: 1.307, Mean neg logit: -2.009

Epoch 4, Batch 1160 | Val Acc: 0.7785 | Val PosAcc: 0.8513 | Val NegAcc: 0.7058
len(easy_positives): 8303 , len(easy_negatives): 7994
len(hard_positives): 360 , len(hard_negatives): 1072
CUM Mean pos prob: 0.727, Mean neg prob: 0.321
CUM Mean pos logit: 1.308, Mean neg logit: -2.011

Epoch 4, Batch 1180 | Val Acc: 0.7787 | Val PosAcc: 0.8513 | Val NegAcc: 0.7061
len(easy_positives): 8447 , len(easy_negatives): 8136
len(hard_positives): 366 , len(hard_negatives): 1091
CUM Mean pos prob: 0.727, Mean neg prob: 0.321
CUM Mean pos logit: 1.307, Mean neg logit: -2.022

Epoch 4, Batch 1200 | Val Acc: 0.7785 | Val PosAcc: 0.8509 | Val NegAcc: 0.7060
len(easy_positives): 8588 , len(easy_negatives): 8266
len(hard_positives): 372 , len(hard_negatives): 1107
CUM Mean pos prob: 0.727, Mean neg prob: 0.321
CUM Mean pos logit: 1.306, Mean neg logit: -2.022

Epoch 4, Batch 1220 | Val Acc: 0.7784 | Val PosAcc: 0.8505 | Val NegAcc: 0.7062
len(easy_positives): 8725 , len(easy_negatives): 8404
len(hard_positives): 381 , len(hard_negatives): 1121
CUM Mean pos prob: 0.727, Mean neg prob: 0.321
CUM Mean pos logit: 1.305, Mean neg logit: -2.022

	val_accuracy: 0.7783687943262412
	pos val_accuracy: 0.8504559270516717
	neg val_accuracy: 0.7062816616008105
../Sim5/model4_FE2dis_inrWaterPHD2_5.pt
Epoch 5, Batch 20 | Acc: 0.7708 | PosAcc: 0.8506 | NegAcc: 0.6904
len(easy_positives): 101 , len(easy_negatives): 94
len(hard_positives): 7 , len(hard_negatives): 11

CUM Mean pos prob: 0.718, Mean neg prob: 0.339
CUM Mean pos logit: 1.220, Mean neg logit: -1.764

Epoch 5, Batch 40 | Acc: 0.7844 | PosAcc: 0.8357 | NegAcc: 0.7315
len(easy_positives): 178 , len(easy_negatives): 210
len(hard_positives): 11 , len(hard_negatives): 17

CUM Mean pos prob: 0.702, Mean neg prob: 0.307
CUM Mean pos logit: 1.139, Mean neg logit: -2.003

Epoch 5, Batch 60 | Acc: 0.7785 | PosAcc: 0.8358 | NegAcc: 0.7183
len(easy_positives): 302 , len(easy_negatives): 307
len(hard_positives): 18 , len(hard_negatives): 31

CUM Mean pos prob: 0.711, Mean neg prob: 0.315
CUM Mean pos logit: 1.206, Mean neg logit: -2.050

Epoch 5, Batch 80 | Acc: 0.7729 | PosAcc: 0.8247 | NegAcc: 0.7207
len(easy_positives): 376 , len(easy_negatives): 428
len(hard_positives): 25 , len(hard_negatives): 41

CUM Mean pos prob: 0.700, Mean neg prob: 0.308
CUM Mean pos logit: 1.127, Mean neg logit: -2.133

Epoch 5, Batch 100 | Acc: 0.7837 | PosAcc: 0.8394 | NegAcc: 0.7268
len(easy_positives): 488 , len(easy_negatives): 536
len(hard_positives): 30 , len(hard_negatives): 54

CUM Mean pos prob: 0.707, Mean neg prob: 0.305
CUM Mean pos logit: 1.167, Mean neg logit: -2.253

Epoch 5, Batch 120 | Acc: 0.7799 | PosAcc: 0.8300 | NegAcc: 0.7292
len(easy_positives): 583 , len(easy_negatives): 658
len(hard_positives): 33 , len(hard_negatives): 71

CUM Mean pos prob: 0.704, Mean neg prob: 0.305
CUM Mean pos logit: 1.154, Mean neg logit: -2.215

Epoch 5, Batch 140 | Acc: 0.7768 | PosAcc: 0.8182 | NegAcc: 0.7368
len(easy_positives): 655 , len(easy_negatives): 793
len(hard_positives): 44 , len(hard_negatives): 79

CUM Mean pos prob: 0.699, Mean neg prob: 0.299
CUM Mean pos logit: 1.122, Mean neg logit: -2.252

Epoch 5, Batch 160 | Acc: 0.7776 | PosAcc: 0.8166 | NegAcc: 0.7399
len(easy_positives): 754 , len(easy_negatives): 907
len(hard_positives): 50 , len(hard_negatives): 87

CUM Mean pos prob: 0.698, Mean neg prob: 0.298
CUM Mean pos logit: 1.118, Mean neg logit: -2.247

Epoch 5, Batch 180 | Acc: 0.7819 | PosAcc: 0.8178 | NegAcc: 0.7473
len(easy_positives): 863 , len(easy_negatives): 1030
len(hard_positives): 56 , len(hard_negatives): 92

CUM Mean pos prob: 0.701, Mean neg prob: 0.294
CUM Mean pos logit: 1.140, Mean neg logit: -2.291

Epoch 5, Batch 200 | Acc: 0.7806 | PosAcc: 0.8203 | NegAcc: 0.7419
len(easy_positives): 980 , len(easy_negatives): 1143
len(hard_positives): 64 , len(hard_negatives): 110

CUM Mean pos prob: 0.704, Mean neg prob: 0.296
CUM Mean pos logit: 1.159, Mean neg logit: -2.274

Epoch 5, Batch 220 | Acc: 0.7780 | PosAcc: 0.8201 | NegAcc: 0.7360
len(easy_positives): 1093 , len(easy_negatives): 1234
len(hard_positives): 70 , len(hard_negatives): 126

CUM Mean pos prob: 0.705, Mean neg prob: 0.300
CUM Mean pos logit: 1.166, Mean neg logit: -2.253

Epoch 5, Batch 240 | Acc: 0.7767 | PosAcc: 0.8218 | NegAcc: 0.7310
len(easy_positives): 1202 , len(easy_negatives): 1311
len(hard_positives): 75 , len(hard_negatives): 136

CUM Mean pos prob: 0.706, Mean neg prob: 0.304
CUM Mean pos logit: 1.165, Mean neg logit: -2.197

Epoch 5, Batch 260 | Acc: 0.7766 | PosAcc: 0.8199 | NegAcc: 0.7329
len(easy_positives): 1287 , len(easy_negatives): 1427
len(hard_positives): 82 , len(hard_negatives): 147

CUM Mean pos prob: 0.705, Mean neg prob: 0.303
CUM Mean pos logit: 1.166, Mean neg logit: -2.215

Epoch 5, Batch 280 | Acc: 0.7771 | PosAcc: 0.8193 | NegAcc: 0.7346
len(easy_positives): 1381 , len(easy_negatives): 1539
len(hard_positives): 90 , len(hard_negatives): 156

CUM Mean pos prob: 0.704, Mean neg prob: 0.302
CUM Mean pos logit: 1.159, Mean neg logit: -2.255

Epoch 5, Batch 300 | Acc: 0.7792 | PosAcc: 0.8214 | NegAcc: 0.7369
len(easy_positives): 1480 , len(easy_negatives): 1650
len(hard_positives): 94 , len(hard_negatives): 166

CUM Mean pos prob: 0.705, Mean neg prob: 0.301
CUM Mean pos logit: 1.164, Mean neg logit: -2.266

Epoch 5, Batch 320 | Acc: 0.7772 | PosAcc: 0.8189 | NegAcc: 0.7353
len(easy_positives): 1578 , len(easy_negatives): 1755
len(hard_positives): 103 , len(hard_negatives): 180

CUM Mean pos prob: 0.704, Mean neg prob: 0.302
CUM Mean pos logit: 1.157, Mean neg logit: -2.251

Epoch 5, Batch 340 | Acc: 0.7754 | PosAcc: 0.8201 | NegAcc: 0.7302
len(easy_positives): 1674 , len(easy_negatives): 1843
len(hard_positives): 106 , len(hard_negatives): 191

CUM Mean pos prob: 0.704, Mean neg prob: 0.305
CUM Mean pos logit: 1.155, Mean neg logit: -2.222

Epoch 5, Batch 360 | Acc: 0.7765 | PosAcc: 0.8212 | NegAcc: 0.7317
len(easy_positives): 1761 , len(easy_negatives): 1971
len(hard_positives): 114 , len(hard_negatives): 198

CUM Mean pos prob: 0.704, Mean neg prob: 0.303
CUM Mean pos logit: 1.151, Mean neg logit: -2.224

Epoch 5, Batch 380 | Acc: 0.7769 | PosAcc: 0.8210 | NegAcc: 0.7327
len(easy_positives): 1867 , len(easy_negatives): 2091
len(hard_positives): 126 , len(hard_negatives): 211

CUM Mean pos prob: 0.704, Mean neg prob: 0.302
CUM Mean pos logit: 1.155, Mean neg logit: -2.237

Epoch 5, Batch 400 | Acc: 0.7767 | PosAcc: 0.8202 | NegAcc: 0.7334
len(easy_positives): 1951 , len(easy_negatives): 2212
len(hard_positives): 133 , len(hard_negatives): 219

CUM Mean pos prob: 0.703, Mean neg prob: 0.302
CUM Mean pos logit: 1.148, Mean neg logit: -2.224

Epoch 5, Batch 420 | Acc: 0.7776 | PosAcc: 0.8193 | NegAcc: 0.7363
len(easy_positives): 2030 , len(easy_negatives): 2315
len(hard_positives): 137 , len(hard_negatives): 225

CUM Mean pos prob: 0.702, Mean neg prob: 0.302
CUM Mean pos logit: 1.139, Mean neg logit: -2.207

Epoch 5, Batch 440 | Acc: 0.7766 | PosAcc: 0.8179 | NegAcc: 0.7358
len(easy_positives): 2119 , len(easy_negatives): 2424
len(hard_positives): 146 , len(hard_negatives): 237

CUM Mean pos prob: 0.701, Mean neg prob: 0.303
CUM Mean pos logit: 1.135, Mean neg logit: -2.194

Epoch 5, Batch 460 | Acc: 0.7762 | PosAcc: 0.8160 | NegAcc: 0.7370
len(easy_positives): 2187 , len(easy_negatives): 2544
len(hard_positives): 155 , len(hard_negatives): 240

CUM Mean pos prob: 0.699, Mean neg prob: 0.301
CUM Mean pos logit: 1.122, Mean neg logit: -2.203

Epoch 5, Batch 480 | Acc: 0.7754 | PosAcc: 0.8162 | NegAcc: 0.7353
len(easy_positives): 2276 , len(easy_negatives): 2640
len(hard_positives): 161 , len(hard_negatives): 252

CUM Mean pos prob: 0.699, Mean neg prob: 0.303
CUM Mean pos logit: 1.123, Mean neg logit: -2.186

Epoch 5, Batch 500 | Acc: 0.7754 | PosAcc: 0.8166 | NegAcc: 0.7345
len(easy_positives): 2397 , len(easy_negatives): 2742
len(hard_positives): 166 , len(hard_negatives): 261

CUM Mean pos prob: 0.700, Mean neg prob: 0.302
CUM Mean pos logit: 1.134, Mean neg logit: -2.195

Epoch 5, Batch 520 | Acc: 0.7760 | PosAcc: 0.8161 | NegAcc: 0.7362
len(easy_positives): 2499 , len(easy_negatives): 2857
len(hard_positives): 180 , len(hard_negatives): 273

CUM Mean pos prob: 0.700, Mean neg prob: 0.302
CUM Mean pos logit: 1.135, Mean neg logit: -2.207

Epoch 5, Batch 540 | Acc: 0.7753 | PosAcc: 0.8155 | NegAcc: 0.7355
len(easy_positives): 2571 , len(easy_negatives): 2949
len(hard_positives): 183 , len(hard_negatives): 284

CUM Mean pos prob: 0.699, Mean neg prob: 0.303
CUM Mean pos logit: 1.126, Mean neg logit: -2.186

Epoch 5, Batch 560 | Acc: 0.7761 | PosAcc: 0.8165 | NegAcc: 0.7360
len(easy_positives): 2674 , len(easy_negatives): 3047
len(hard_positives): 189 , len(hard_negatives): 296

CUM Mean pos prob: 0.700, Mean neg prob: 0.303
CUM Mean pos logit: 1.131, Mean neg logit: -2.169

Epoch 5, Batch 580 | Acc: 0.7767 | PosAcc: 0.8164 | NegAcc: 0.7371
len(easy_positives): 2771 , len(easy_negatives): 3159
len(hard_positives): 195 , len(hard_negatives): 305

CUM Mean pos prob: 0.700, Mean neg prob: 0.303
CUM Mean pos logit: 1.134, Mean neg logit: -2.173

Epoch 5, Batch 600 | Acc: 0.7768 | PosAcc: 0.8170 | NegAcc: 0.7368
len(easy_positives): 2878 , len(easy_negatives): 3263
len(hard_positives): 202 , len(hard_negatives): 319

CUM Mean pos prob: 0.701, Mean neg prob: 0.303
CUM Mean pos logit: 1.140, Mean neg logit: -2.167

Epoch 5, Batch 620 | Acc: 0.7765 | PosAcc: 0.8174 | NegAcc: 0.7359
len(easy_positives): 2986 , len(easy_negatives): 3374
len(hard_positives): 213 , len(hard_negatives): 337

CUM Mean pos prob: 0.701, Mean neg prob: 0.303
CUM Mean pos logit: 1.144, Mean neg logit: -2.177

Epoch 5, Batch 640 | Acc: 0.7766 | PosAcc: 0.8160 | NegAcc: 0.7376
len(easy_positives): 3058 , len(easy_negatives): 3496
len(hard_positives): 218 , len(hard_negatives): 341

CUM Mean pos prob: 0.700, Mean neg prob: 0.302
CUM Mean pos logit: 1.138, Mean neg logit: -2.174

Epoch 5, Batch 660 | Acc: 0.7761 | PosAcc: 0.8154 | NegAcc: 0.7372
len(easy_positives): 3158 , len(easy_negatives): 3609
len(hard_positives): 222 , len(hard_negatives): 353

CUM Mean pos prob: 0.700, Mean neg prob: 0.302
CUM Mean pos logit: 1.141, Mean neg logit: -2.176

Epoch 5, Batch 680 | Acc: 0.7752 | PosAcc: 0.8144 | NegAcc: 0.7362
len(easy_positives): 3246 , len(easy_negatives): 3711
len(hard_positives): 228 , len(hard_negatives): 363

CUM Mean pos prob: 0.700, Mean neg prob: 0.302
CUM Mean pos logit: 1.138, Mean neg logit: -2.179

Epoch 5, Batch 700 | Acc: 0.7758 | PosAcc: 0.8168 | NegAcc: 0.7349
len(easy_positives): 3349 , len(easy_negatives): 3800
len(hard_positives): 231 , len(hard_negatives): 375

CUM Mean pos prob: 0.701, Mean neg prob: 0.303
CUM Mean pos logit: 1.143, Mean neg logit: -2.167

Epoch 5, Batch 720 | Acc: 0.7758 | PosAcc: 0.8163 | NegAcc: 0.7355
len(easy_positives): 3436 , len(easy_negatives): 3914
len(hard_positives): 235 , len(hard_negatives): 388

CUM Mean pos prob: 0.700, Mean neg prob: 0.303
CUM Mean pos logit: 1.141, Mean neg logit: -2.171

Epoch 5, Batch 740 | Acc: 0.7765 | PosAcc: 0.8166 | NegAcc: 0.7366
len(easy_positives): 3548 , len(easy_negatives): 4016
len(hard_positives): 238 , len(hard_negatives): 393

CUM Mean pos prob: 0.701, Mean neg prob: 0.303
CUM Mean pos logit: 1.145, Mean neg logit: -2.176

Epoch 5, Batch 760 | Acc: 0.7769 | PosAcc: 0.8167 | NegAcc: 0.7371
len(easy_positives): 3655 , len(easy_negatives): 4116
len(hard_positives): 246 , len(hard_negatives): 407

CUM Mean pos prob: 0.701, Mean neg prob: 0.303
CUM Mean pos logit: 1.149, Mean neg logit: -2.175

Epoch 5, Batch 780 | Acc: 0.7775 | PosAcc: 0.8169 | NegAcc: 0.7383
len(easy_positives): 3756 , len(easy_negatives): 4235
len(hard_positives): 255 , len(hard_negatives): 427

CUM Mean pos prob: 0.701, Mean neg prob: 0.302
CUM Mean pos logit: 1.150, Mean neg logit: -2.180

Epoch 5, Batch 800 | Acc: 0.7769 | PosAcc: 0.8161 | NegAcc: 0.7378
len(easy_positives): 3846 , len(easy_negatives): 4333
len(hard_positives): 265 , len(hard_negatives): 433

CUM Mean pos prob: 0.701, Mean neg prob: 0.303
CUM Mean pos logit: 1.146, Mean neg logit: -2.168

Epoch 5, Batch 820 | Acc: 0.7762 | PosAcc: 0.8146 | NegAcc: 0.7381
len(easy_positives): 3916 , len(easy_negatives): 4454
len(hard_positives): 271 , len(hard_negatives): 440

CUM Mean pos prob: 0.700, Mean neg prob: 0.302
CUM Mean pos logit: 1.139, Mean neg logit: -2.165

Epoch 5, Batch 840 | Acc: 0.7766 | PosAcc: 0.8157 | NegAcc: 0.7376
len(easy_positives): 4045 , len(easy_negatives): 4554
len(hard_positives): 276 , len(hard_negatives): 458

CUM Mean pos prob: 0.701, Mean neg prob: 0.303
CUM Mean pos logit: 1.149, Mean neg logit: -2.157

Epoch 5, Batch 860 | Acc: 0.7762 | PosAcc: 0.8149 | NegAcc: 0.7377
len(easy_positives): 4126 , len(easy_negatives): 4681
len(hard_positives): 286 , len(hard_negatives): 470

CUM Mean pos prob: 0.700, Mean neg prob: 0.302
CUM Mean pos logit: 1.144, Mean neg logit: -2.166

Epoch 5, Batch 880 | Acc: 0.7763 | PosAcc: 0.8154 | NegAcc: 0.7372
len(easy_positives): 4225 , len(easy_negatives): 4789
len(hard_positives): 290 , len(hard_negatives): 485

CUM Mean pos prob: 0.701, Mean neg prob: 0.302
CUM Mean pos logit: 1.143, Mean neg logit: -2.171

Epoch 5, Batch 900 | Acc: 0.7758 | PosAcc: 0.8138 | NegAcc: 0.7380
len(easy_positives): 4300 , len(easy_negatives): 4911
len(hard_positives): 296 , len(hard_negatives): 495

CUM Mean pos prob: 0.700, Mean neg prob: 0.302
CUM Mean pos logit: 1.137, Mean neg logit: -2.178

Epoch 5, Batch 920 | Acc: 0.7746 | PosAcc: 0.8129 | NegAcc: 0.7364
len(easy_positives): 4381 , len(easy_negatives): 5007
len(hard_positives): 300 , len(hard_negatives): 506

CUM Mean pos prob: 0.699, Mean neg prob: 0.303
CUM Mean pos logit: 1.135, Mean neg logit: -2.168

Epoch 5, Batch 940 | Acc: 0.7743 | PosAcc: 0.8129 | NegAcc: 0.7359
len(easy_positives): 4476 , len(easy_negatives): 5107
len(hard_positives): 305 , len(hard_negatives): 517

CUM Mean pos prob: 0.699, Mean neg prob: 0.303
CUM Mean pos logit: 1.133, Mean neg logit: -2.160

Epoch 5, Batch 960 | Acc: 0.7740 | PosAcc: 0.8139 | NegAcc: 0.7342
len(easy_positives): 4591 , len(easy_negatives): 5186
len(hard_positives): 307 , len(hard_negatives): 534

CUM Mean pos prob: 0.700, Mean neg prob: 0.304
CUM Mean pos logit: 1.137, Mean neg logit: -2.151

Epoch 5, Batch 980 | Acc: 0.7744 | PosAcc: 0.8133 | NegAcc: 0.7354
len(easy_positives): 4657 , len(easy_negatives): 5295
len(hard_positives): 313 , len(hard_negatives): 539

CUM Mean pos prob: 0.699, Mean neg prob: 0.304
CUM Mean pos logit: 1.130, Mean neg logit: -2.153

Epoch 5, Batch 1000 | Acc: 0.7741 | PosAcc: 0.8137 | NegAcc: 0.7345
len(easy_positives): 4764 , len(easy_negatives): 5401
len(hard_positives): 322 , len(hard_negatives): 554

CUM Mean pos prob: 0.699, Mean neg prob: 0.304
CUM Mean pos logit: 1.134, Mean neg logit: -2.153

Epoch 5, Batch 1020 | Acc: 0.7748 | PosAcc: 0.8141 | NegAcc: 0.7355
len(easy_positives): 4879 , len(easy_negatives): 5521
len(hard_positives): 325 , len(hard_negatives): 567

CUM Mean pos prob: 0.700, Mean neg prob: 0.304
CUM Mean pos logit: 1.137, Mean neg logit: -2.163

Epoch 5, Batch 1040 | Acc: 0.7744 | PosAcc: 0.8140 | NegAcc: 0.7347
len(easy_positives): 4978 , len(easy_negatives): 5627
len(hard_positives): 332 , len(hard_negatives): 578

CUM Mean pos prob: 0.700, Mean neg prob: 0.304
CUM Mean pos logit: 1.137, Mean neg logit: -2.169

Epoch 5, Batch 1060 | Acc: 0.7739 | PosAcc: 0.8134 | NegAcc: 0.7344
len(easy_positives): 5060 , len(easy_negatives): 5750
len(hard_positives): 340 , len(hard_negatives): 587

CUM Mean pos prob: 0.700, Mean neg prob: 0.304
CUM Mean pos logit: 1.134, Mean neg logit: -2.173

Epoch 5, Batch 1080 | Acc: 0.7742 | PosAcc: 0.8140 | NegAcc: 0.7344
len(easy_positives): 5175 , len(easy_negatives): 5858
len(hard_positives): 343 , len(hard_negatives): 599

CUM Mean pos prob: 0.700, Mean neg prob: 0.304
CUM Mean pos logit: 1.138, Mean neg logit: -2.168

Epoch 5, Batch 1100 | Acc: 0.7745 | PosAcc: 0.8144 | NegAcc: 0.7347
len(easy_positives): 5283 , len(easy_negatives): 5962
len(hard_positives): 349 , len(hard_negatives): 612

CUM Mean pos prob: 0.701, Mean neg prob: 0.304
CUM Mean pos logit: 1.141, Mean neg logit: -2.174

Epoch 5, Batch 1120 | Acc: 0.7746 | PosAcc: 0.8136 | NegAcc: 0.7358
len(easy_positives): 5375 , len(easy_negatives): 6095
len(hard_positives): 358 , len(hard_negatives): 620

CUM Mean pos prob: 0.700, Mean neg prob: 0.303
CUM Mean pos logit: 1.141, Mean neg logit: -2.195

Epoch 5, Batch 1140 | Acc: 0.7742 | PosAcc: 0.8128 | NegAcc: 0.7357
len(easy_positives): 5461 , len(easy_negatives): 6213
len(hard_positives): 362 , len(hard_negatives): 629

CUM Mean pos prob: 0.700, Mean neg prob: 0.303
CUM Mean pos logit: 1.141, Mean neg logit: -2.201

Epoch 5, Batch 1160 | Acc: 0.7740 | PosAcc: 0.8130 | NegAcc: 0.7350
len(easy_positives): 5573 , len(easy_negatives): 6318
len(hard_positives): 368 , len(hard_negatives): 640

CUM Mean pos prob: 0.700, Mean neg prob: 0.303
CUM Mean pos logit: 1.144, Mean neg logit: -2.200

Epoch 5, Batch 1180 | Acc: 0.7743 | PosAcc: 0.8139 | NegAcc: 0.7348
len(easy_positives): 5688 , len(easy_negatives): 6438
len(hard_positives): 376 , len(hard_negatives): 650

CUM Mean pos prob: 0.701, Mean neg prob: 0.302
CUM Mean pos logit: 1.147, Mean neg logit: -2.205

Epoch 5, Batch 1200 | Acc: 0.7748 | PosAcc: 0.8151 | NegAcc: 0.7345
len(easy_positives): 5805 , len(easy_negatives): 6545
len(hard_positives): 381 , len(hard_negatives): 662

CUM Mean pos prob: 0.702, Mean neg prob: 0.303
CUM Mean pos logit: 1.152, Mean neg logit: -2.201

Epoch 5, Batch 1220 | Acc: 0.7753 | PosAcc: 0.8153 | NegAcc: 0.7352
len(easy_positives): 5905 , len(easy_negatives): 6666
len(hard_positives): 387 , len(hard_negatives): 676

CUM Mean pos prob: 0.702, Mean neg prob: 0.302
CUM Mean pos logit: 1.154, Mean neg logit: -2.205

Epoch 5, Batch 1240 | Acc: 0.7756 | PosAcc: 0.8150 | NegAcc: 0.7361
len(easy_positives): 6013 , len(easy_negatives): 6796
len(hard_positives): 394 , len(hard_negatives): 694

CUM Mean pos prob: 0.702, Mean neg prob: 0.302
CUM Mean pos logit: 1.156, Mean neg logit: -2.214

Epoch 5, Batch 1260 | Acc: 0.7755 | PosAcc: 0.8152 | NegAcc: 0.7358
len(easy_positives): 6111 , len(easy_negatives): 6907
len(hard_positives): 399 , len(hard_negatives): 706

CUM Mean pos prob: 0.702, Mean neg prob: 0.302
CUM Mean pos logit: 1.155, Mean neg logit: -2.211

Epoch 5, Batch 1280 | Acc: 0.7753 | PosAcc: 0.8148 | NegAcc: 0.7356
len(easy_positives): 6204 , len(easy_negatives): 7009
len(hard_positives): 408 , len(hard_negatives): 718

CUM Mean pos prob: 0.702, Mean neg prob: 0.302
CUM Mean pos logit: 1.154, Mean neg logit: -2.209

Epoch 5, Batch 1300 | Acc: 0.7754 | PosAcc: 0.8152 | NegAcc: 0.7355
len(easy_positives): 6292 , len(easy_negatives): 7117
len(hard_positives): 411 , len(hard_negatives): 729

CUM Mean pos prob: 0.702, Mean neg prob: 0.302
CUM Mean pos logit: 1.153, Mean neg logit: -2.202

Epoch 5, Batch 1320 | Acc: 0.7758 | PosAcc: 0.8155 | NegAcc: 0.7360
len(easy_positives): 6404 , len(easy_negatives): 7225
len(hard_positives): 418 , len(hard_negatives): 735

CUM Mean pos prob: 0.702, Mean neg prob: 0.302
CUM Mean pos logit: 1.155, Mean neg logit: -2.209

Epoch 5, Batch 1340 | Acc: 0.7757 | PosAcc: 0.8154 | NegAcc: 0.7359
len(easy_positives): 6525 , len(easy_negatives): 7341
len(hard_positives): 430 , len(hard_negatives): 747

CUM Mean pos prob: 0.703, Mean neg prob: 0.302
CUM Mean pos logit: 1.159, Mean neg logit: -2.216

Epoch 5, Batch 1360 | Acc: 0.7756 | PosAcc: 0.8160 | NegAcc: 0.7352
len(easy_positives): 6637 , len(easy_negatives): 7440
len(hard_positives): 437 , len(hard_negatives): 759

CUM Mean pos prob: 0.703, Mean neg prob: 0.302
CUM Mean pos logit: 1.162, Mean neg logit: -2.215

Epoch 5, Batch 1380 | Acc: 0.7758 | PosAcc: 0.8161 | NegAcc: 0.7353
len(easy_positives): 6721 , len(easy_negatives): 7548
len(hard_positives): 441 , len(hard_negatives): 769

CUM Mean pos prob: 0.703, Mean neg prob: 0.302
CUM Mean pos logit: 1.160, Mean neg logit: -2.214

Epoch 5, Batch 1400 | Acc: 0.7760 | PosAcc: 0.8164 | NegAcc: 0.7355
len(easy_positives): 6823 , len(easy_negatives): 7653
len(hard_positives): 447 , len(hard_negatives): 779

CUM Mean pos prob: 0.703, Mean neg prob: 0.302
CUM Mean pos logit: 1.163, Mean neg logit: -2.214

Epoch 5, Batch 1420 | Acc: 0.7760 | PosAcc: 0.8169 | NegAcc: 0.7348
len(easy_positives): 6929 , len(easy_negatives): 7746
len(hard_positives): 454 , len(hard_negatives): 791

CUM Mean pos prob: 0.703, Mean neg prob: 0.302
CUM Mean pos logit: 1.163, Mean neg logit: -2.210

Epoch 5, Batch 1440 | Acc: 0.7758 | PosAcc: 0.8170 | NegAcc: 0.7345
len(easy_positives): 7025 , len(easy_negatives): 7842
len(hard_positives): 460 , len(hard_negatives): 804

CUM Mean pos prob: 0.703, Mean neg prob: 0.302
CUM Mean pos logit: 1.162, Mean neg logit: -2.206

Epoch 5, Batch 1460 | Acc: 0.7761 | PosAcc: 0.8168 | NegAcc: 0.7351
len(easy_positives): 7123 , len(easy_negatives): 7952
len(hard_positives): 470 , len(hard_negatives): 818

CUM Mean pos prob: 0.703, Mean neg prob: 0.302
CUM Mean pos logit: 1.162, Mean neg logit: -2.209

Epoch 5, Batch 1480 | Acc: 0.7763 | PosAcc: 0.8167 | NegAcc: 0.7357
len(easy_positives): 7209 , len(easy_negatives): 8068
len(hard_positives): 479 , len(hard_negatives): 828

CUM Mean pos prob: 0.703, Mean neg prob: 0.302
CUM Mean pos logit: 1.160, Mean neg logit: -2.216

Epoch 5, Batch 1500 | Acc: 0.7768 | PosAcc: 0.8173 | NegAcc: 0.7362
len(easy_positives): 7310 , len(easy_negatives): 8179
len(hard_positives): 484 , len(hard_negatives): 835

CUM Mean pos prob: 0.703, Mean neg prob: 0.302
CUM Mean pos logit: 1.161, Mean neg logit: -2.214

Epoch 5, Batch 1520 | Acc: 0.7765 | PosAcc: 0.8168 | NegAcc: 0.7360
len(easy_positives): 7420 , len(easy_negatives): 8293
len(hard_positives): 495 , len(hard_negatives): 847

CUM Mean pos prob: 0.703, Mean neg prob: 0.302
CUM Mean pos logit: 1.162, Mean neg logit: -2.221

Epoch 5, Batch 1540 | Acc: 0.7763 | PosAcc: 0.8172 | NegAcc: 0.7353
len(easy_positives): 7541 , len(easy_negatives): 8401
len(hard_positives): 500 , len(hard_negatives): 861

CUM Mean pos prob: 0.703, Mean neg prob: 0.302
CUM Mean pos logit: 1.165, Mean neg logit: -2.217

Epoch 5, Batch 1560 | Acc: 0.7761 | PosAcc: 0.8164 | NegAcc: 0.7357
len(easy_positives): 7601 , len(easy_negatives): 8516
len(hard_positives): 510 , len(hard_negatives): 869

CUM Mean pos prob: 0.703, Mean neg prob: 0.302
CUM Mean pos logit: 1.160, Mean neg logit: -2.220

Epoch 5, Batch 1580 | Acc: 0.7761 | PosAcc: 0.8160 | NegAcc: 0.7362
len(easy_positives): 7667 , len(easy_negatives): 8625
len(hard_positives): 518 , len(hard_negatives): 878

CUM Mean pos prob: 0.702, Mean neg prob: 0.302
CUM Mean pos logit: 1.155, Mean neg logit: -2.220

Epoch 5, Batch 1600 | Acc: 0.7761 | PosAcc: 0.8166 | NegAcc: 0.7356
len(easy_positives): 7794 , len(easy_negatives): 8725
len(hard_positives): 525 , len(hard_negatives): 892

CUM Mean pos prob: 0.702, Mean neg prob: 0.302
CUM Mean pos logit: 1.158, Mean neg logit: -2.222

Epoch 5, Batch 1620 | Acc: 0.7763 | PosAcc: 0.8165 | NegAcc: 0.7360
len(easy_positives): 7898 , len(easy_negatives): 8847
len(hard_positives): 533 , len(hard_negatives): 907

CUM Mean pos prob: 0.703, Mean neg prob: 0.302
CUM Mean pos logit: 1.159, Mean neg logit: -2.223

Epoch 5, Batch 1640 | Acc: 0.7762 | PosAcc: 0.8161 | NegAcc: 0.7362
len(easy_positives): 7993 , len(easy_negatives): 8947
len(hard_positives): 539 , len(hard_negatives): 915

CUM Mean pos prob: 0.702, Mean neg prob: 0.302
CUM Mean pos logit: 1.158, Mean neg logit: -2.221

Epoch 5, Batch 1660 | Acc: 0.7763 | PosAcc: 0.8161 | NegAcc: 0.7364
len(easy_positives): 8093 , len(easy_negatives): 9054
len(hard_positives): 545 , len(hard_negatives): 920

CUM Mean pos prob: 0.702, Mean neg prob: 0.302
CUM Mean pos logit: 1.159, Mean neg logit: -2.221

Epoch 5, Batch 1680 | Acc: 0.7758 | PosAcc: 0.8160 | NegAcc: 0.7355
len(easy_positives): 8176 , len(easy_negatives): 9159
len(hard_positives): 550 , len(hard_negatives): 936

CUM Mean pos prob: 0.702, Mean neg prob: 0.302
CUM Mean pos logit: 1.158, Mean neg logit: -2.222

Epoch 5, Batch 1700 | Acc: 0.7757 | PosAcc: 0.8161 | NegAcc: 0.7351
len(easy_positives): 8283 , len(easy_negatives): 9258
len(hard_positives): 552 , len(hard_negatives): 951

CUM Mean pos prob: 0.702, Mean neg prob: 0.302
CUM Mean pos logit: 1.159, Mean neg logit: -2.219

Epoch 5, Batch 1720 | Acc: 0.7755 | PosAcc: 0.8163 | NegAcc: 0.7345
len(easy_positives): 8399 , len(easy_negatives): 9364
len(hard_positives): 556 , len(hard_negatives): 967

CUM Mean pos prob: 0.703, Mean neg prob: 0.302
CUM Mean pos logit: 1.160, Mean neg logit: -2.216

Epoch 5, Batch 1740 | Acc: 0.7758 | PosAcc: 0.8168 | NegAcc: 0.7346
len(easy_positives): 8502 , len(easy_negatives): 9490
len(hard_positives): 560 , len(hard_negatives): 976

CUM Mean pos prob: 0.703, Mean neg prob: 0.302
CUM Mean pos logit: 1.162, Mean neg logit: -2.226

Epoch 5, Batch 1760 | Acc: 0.7755 | PosAcc: 0.8164 | NegAcc: 0.7345
len(easy_positives): 8589 , len(easy_negatives): 9604
len(hard_positives): 569 , len(hard_negatives): 987

CUM Mean pos prob: 0.703, Mean neg prob: 0.302
CUM Mean pos logit: 1.161, Mean neg logit: -2.234

Epoch 5, Batch 1780 | Acc: 0.7755 | PosAcc: 0.8165 | NegAcc: 0.7343
len(easy_positives): 8690 , len(easy_negatives): 9707
len(hard_positives): 572 , len(hard_negatives): 1002

CUM Mean pos prob: 0.703, Mean neg prob: 0.302
CUM Mean pos logit: 1.161, Mean neg logit: -2.233

Epoch 5, Batch 1800 | Acc: 0.7753 | PosAcc: 0.8163 | NegAcc: 0.7341
len(easy_positives): 8792 , len(easy_negatives): 9802
len(hard_positives): 580 , len(hard_negatives): 1018

CUM Mean pos prob: 0.703, Mean neg prob: 0.302
CUM Mean pos logit: 1.161, Mean neg logit: -2.231

Epoch 5, Batch 1820 | Acc: 0.7756 | PosAcc: 0.8167 | NegAcc: 0.7343
len(easy_positives): 8879 , len(easy_negatives): 9909
len(hard_positives): 584 , len(hard_negatives): 1028

CUM Mean pos prob: 0.703, Mean neg prob: 0.302
CUM Mean pos logit: 1.160, Mean neg logit: -2.231

Epoch 5, Batch 1840 | Acc: 0.7756 | PosAcc: 0.8164 | NegAcc: 0.7346
len(easy_positives): 8970 , len(easy_negatives): 10035
len(hard_positives): 593 , len(hard_negatives): 1038

CUM Mean pos prob: 0.703, Mean neg prob: 0.302
CUM Mean pos logit: 1.159, Mean neg logit: -2.235

Epoch 5, Batch 1860 | Acc: 0.7754 | PosAcc: 0.8164 | NegAcc: 0.7342
len(easy_positives): 9069 , len(easy_negatives): 10137
len(hard_positives): 597 , len(hard_negatives): 1054

CUM Mean pos prob: 0.703, Mean neg prob: 0.302
CUM Mean pos logit: 1.160, Mean neg logit: -2.230

Epoch 5, Batch 1880 | Acc: 0.7755 | PosAcc: 0.8163 | NegAcc: 0.7345
len(easy_positives): 9153 , len(easy_negatives): 10256
len(hard_positives): 603 , len(hard_negatives): 1062

CUM Mean pos prob: 0.703, Mean neg prob: 0.302
CUM Mean pos logit: 1.158, Mean neg logit: -2.231

Epoch 5, Batch 1900 | Acc: 0.7757 | PosAcc: 0.8165 | NegAcc: 0.7348
len(easy_positives): 9262 , len(easy_negatives): 10383
len(hard_positives): 612 , len(hard_negatives): 1079

CUM Mean pos prob: 0.703, Mean neg prob: 0.302
CUM Mean pos logit: 1.160, Mean neg logit: -2.236

Epoch 5, Batch 1920 | Acc: 0.7756 | PosAcc: 0.8167 | NegAcc: 0.7344
len(easy_positives): 9376 , len(easy_negatives): 10495
len(hard_positives): 617 , len(hard_negatives): 1093

CUM Mean pos prob: 0.703, Mean neg prob: 0.302
CUM Mean pos logit: 1.162, Mean neg logit: -2.237

Epoch 5, Batch 1940 | Acc: 0.7759 | PosAcc: 0.8167 | NegAcc: 0.7350
len(easy_positives): 9459 , len(easy_negatives): 10613
len(hard_positives): 623 , len(hard_negatives): 1100

CUM Mean pos prob: 0.703, Mean neg prob: 0.302
CUM Mean pos logit: 1.160, Mean neg logit: -2.239

Epoch 5, Batch 1960 | Acc: 0.7761 | PosAcc: 0.8169 | NegAcc: 0.7351
len(easy_positives): 9574 , len(easy_negatives): 10727
len(hard_positives): 630 , len(hard_negatives): 1109

CUM Mean pos prob: 0.703, Mean neg prob: 0.301
CUM Mean pos logit: 1.161, Mean neg logit: -2.242

Epoch 5, Batch 1980 | Acc: 0.7759 | PosAcc: 0.8167 | NegAcc: 0.7350
len(easy_positives): 9651 , len(easy_negatives): 10831
len(hard_positives): 636 , len(hard_negatives): 1125

CUM Mean pos prob: 0.703, Mean neg prob: 0.301
CUM Mean pos logit: 1.159, Mean neg logit: -2.243

Epoch 5, Batch 2000 | Acc: 0.7760 | PosAcc: 0.8169 | NegAcc: 0.7348
len(easy_positives): 9750 , len(easy_negatives): 10927
len(hard_positives): 640 , len(hard_negatives): 1133

CUM Mean pos prob: 0.703, Mean neg prob: 0.302
CUM Mean pos logit: 1.160, Mean neg logit: -2.242

Epoch 5, Batch 2020 | Acc: 0.7758 | PosAcc: 0.8169 | NegAcc: 0.7346
len(easy_positives): 9853 , len(easy_negatives): 11039
len(hard_positives): 647 , len(hard_negatives): 1146

CUM Mean pos prob: 0.703, Mean neg prob: 0.302
CUM Mean pos logit: 1.160, Mean neg logit: -2.247

Epoch 5, Batch 2040 | Acc: 0.7756 | PosAcc: 0.8168 | NegAcc: 0.7342
len(easy_positives): 9964 , len(easy_negatives): 11159
len(hard_positives): 654 , len(hard_negatives): 1157

CUM Mean pos prob: 0.703, Mean neg prob: 0.301
CUM Mean pos logit: 1.162, Mean neg logit: -2.251

Epoch 5, Batch 2060 | Acc: 0.7755 | PosAcc: 0.8170 | NegAcc: 0.7338
len(easy_positives): 10075 , len(easy_negatives): 11254
len(hard_positives): 661 , len(hard_negatives): 1168

CUM Mean pos prob: 0.703, Mean neg prob: 0.302
CUM Mean pos logit: 1.163, Mean neg logit: -2.254

Epoch 5, Batch 2080 | Acc: 0.7758 | PosAcc: 0.8177 | NegAcc: 0.7336
len(easy_positives): 10197 , len(easy_negatives): 11348
len(hard_positives): 665 , len(hard_negatives): 1177

CUM Mean pos prob: 0.704, Mean neg prob: 0.302
CUM Mean pos logit: 1.166, Mean neg logit: -2.253

Epoch 5, Batch 2100 | Acc: 0.7760 | PosAcc: 0.8181 | NegAcc: 0.7335
len(easy_positives): 10312 , len(easy_negatives): 11449
len(hard_positives): 672 , len(hard_negatives): 1194

CUM Mean pos prob: 0.704, Mean neg prob: 0.302
CUM Mean pos logit: 1.167, Mean neg logit: -2.252

Epoch 5, Batch 2120 | Acc: 0.7759 | PosAcc: 0.8179 | NegAcc: 0.7336
len(easy_positives): 10403 , len(easy_negatives): 11569
len(hard_positives): 680 , len(hard_negatives): 1203

CUM Mean pos prob: 0.704, Mean neg prob: 0.302
CUM Mean pos logit: 1.166, Mean neg logit: -2.254

Epoch 5, Batch 2140 | Acc: 0.7756 | PosAcc: 0.8177 | NegAcc: 0.7332
len(easy_positives): 10513 , len(easy_negatives): 11657
len(hard_positives): 684 , len(hard_negatives): 1213

CUM Mean pos prob: 0.704, Mean neg prob: 0.302
CUM Mean pos logit: 1.166, Mean neg logit: -2.251

Epoch 5, Batch 2160 | Acc: 0.7761 | PosAcc: 0.8182 | NegAcc: 0.7336
len(easy_positives): 10608 , len(easy_negatives): 11766
len(hard_positives): 689 , len(hard_negatives): 1221

CUM Mean pos prob: 0.704, Mean neg prob: 0.302
CUM Mean pos logit: 1.167, Mean neg logit: -2.258

Epoch 5, Batch 2180 | Acc: 0.7759 | PosAcc: 0.8183 | NegAcc: 0.7332
len(easy_positives): 10703 , len(easy_negatives): 11860
len(hard_positives): 694 , len(hard_negatives): 1232

CUM Mean pos prob: 0.704, Mean neg prob: 0.302
CUM Mean pos logit: 1.167, Mean neg logit: -2.255

Epoch 5, Batch 2200 | Acc: 0.7760 | PosAcc: 0.8184 | NegAcc: 0.7333
len(easy_positives): 10798 , len(easy_negatives): 11963
len(hard_positives): 696 , len(hard_negatives): 1243

CUM Mean pos prob: 0.704, Mean neg prob: 0.302
CUM Mean pos logit: 1.167, Mean neg logit: -2.252

Epoch 5, Batch 2220 | Acc: 0.7762 | PosAcc: 0.8180 | NegAcc: 0.7340
len(easy_positives): 10900 , len(easy_negatives): 12093
len(hard_positives): 705 , len(hard_negatives): 1251

CUM Mean pos prob: 0.704, Mean neg prob: 0.302
CUM Mean pos logit: 1.167, Mean neg logit: -2.259

Epoch 5, Batch 2240 | Acc: 0.7763 | PosAcc: 0.8184 | NegAcc: 0.7338
len(easy_positives): 11019 , len(easy_negatives): 12199
len(hard_positives): 710 , len(hard_negatives): 1273

CUM Mean pos prob: 0.704, Mean neg prob: 0.302
CUM Mean pos logit: 1.170, Mean neg logit: -2.259

Epoch 5, Batch 2260 | Acc: 0.7765 | PosAcc: 0.8187 | NegAcc: 0.7338
len(easy_positives): 11125 , len(easy_negatives): 12312
len(hard_positives): 718 , len(hard_negatives): 1284

CUM Mean pos prob: 0.704, Mean neg prob: 0.302
CUM Mean pos logit: 1.171, Mean neg logit: -2.261

Epoch 5, Batch 2280 | Acc: 0.7767 | PosAcc: 0.8190 | NegAcc: 0.7341
len(easy_positives): 11233 , len(easy_negatives): 12426
len(hard_positives): 724 , len(hard_negatives): 1296

CUM Mean pos prob: 0.704, Mean neg prob: 0.301
CUM Mean pos logit: 1.173, Mean neg logit: -2.264

Epoch 5, Batch 2300 | Acc: 0.7770 | PosAcc: 0.8193 | NegAcc: 0.7344
len(easy_positives): 11344 , len(easy_negatives): 12562
len(hard_positives): 730 , len(hard_negatives): 1306

CUM Mean pos prob: 0.705, Mean neg prob: 0.301
CUM Mean pos logit: 1.175, Mean neg logit: -2.276

Epoch 5, Batch 2320 | Acc: 0.7773 | PosAcc: 0.8195 | NegAcc: 0.7348
len(easy_positives): 11457 , len(easy_negatives): 12705
len(hard_positives): 734 , len(hard_negatives): 1326

CUM Mean pos prob: 0.705, Mean neg prob: 0.301
CUM Mean pos logit: 1.177, Mean neg logit: -2.285

Epoch 5, Batch 2340 | Acc: 0.7774 | PosAcc: 0.8194 | NegAcc: 0.7349
len(easy_positives): 11552 , len(easy_negatives): 12809
len(hard_positives): 740 , len(hard_negatives): 1337

CUM Mean pos prob: 0.705, Mean neg prob: 0.301
CUM Mean pos logit: 1.177, Mean neg logit: -2.284

Epoch 5, Batch 2360 | Acc: 0.7773 | PosAcc: 0.8196 | NegAcc: 0.7346
len(easy_positives): 11656 , len(easy_negatives): 12905
len(hard_positives): 747 , len(hard_negatives): 1347

CUM Mean pos prob: 0.705, Mean neg prob: 0.301
CUM Mean pos logit: 1.177, Mean neg logit: -2.285

Epoch 5, Batch 2380 | Acc: 0.7771 | PosAcc: 0.8191 | NegAcc: 0.7349
len(easy_positives): 11744 , len(easy_negatives): 13040
len(hard_positives): 753 , len(hard_negatives): 1359

CUM Mean pos prob: 0.705, Mean neg prob: 0.301
CUM Mean pos logit: 1.176, Mean neg logit: -2.290

Epoch 5, Batch 2400 | Acc: 0.7773 | PosAcc: 0.8194 | NegAcc: 0.7348
len(easy_positives): 11846 , len(easy_negatives): 13153
len(hard_positives): 761 , len(hard_negatives): 1372

CUM Mean pos prob: 0.705, Mean neg prob: 0.301
CUM Mean pos logit: 1.176, Mean neg logit: -2.293

Epoch 5, Batch 2420 | Acc: 0.7770 | PosAcc: 0.8194 | NegAcc: 0.7342
len(easy_positives): 11949 , len(easy_negatives): 13251
len(hard_positives): 768 , len(hard_negatives): 1385

CUM Mean pos prob: 0.705, Mean neg prob: 0.301
CUM Mean pos logit: 1.177, Mean neg logit: -2.293

Epoch 5, Batch 2440 | Acc: 0.7771 | PosAcc: 0.8194 | NegAcc: 0.7343
len(easy_positives): 12058 , len(easy_negatives): 13348
len(hard_positives): 771 , len(hard_negatives): 1390

CUM Mean pos prob: 0.705, Mean neg prob: 0.301
CUM Mean pos logit: 1.177, Mean neg logit: -2.294

Epoch 5, Batch 2460 | Acc: 0.7771 | PosAcc: 0.8197 | NegAcc: 0.7340
len(easy_positives): 12193 , len(easy_negatives): 13453
len(hard_positives): 777 , len(hard_negatives): 1407

CUM Mean pos prob: 0.705, Mean neg prob: 0.301
CUM Mean pos logit: 1.181, Mean neg logit: -2.296

Epoch 5, Batch 2480 | Acc: 0.7772 | PosAcc: 0.8198 | NegAcc: 0.7341
len(easy_positives): 12297 , len(easy_negatives): 13565
len(hard_positives): 785 , len(hard_negatives): 1417

CUM Mean pos prob: 0.705, Mean neg prob: 0.301
CUM Mean pos logit: 1.180, Mean neg logit: -2.300

Epoch 5, Batch 2500 | Acc: 0.7772 | PosAcc: 0.8197 | NegAcc: 0.7344
len(easy_positives): 12392 , len(easy_negatives): 13678
len(hard_positives): 790 , len(hard_negatives): 1425

CUM Mean pos prob: 0.705, Mean neg prob: 0.301
CUM Mean pos logit: 1.181, Mean neg logit: -2.301

Epoch 5, Batch 2520 | Acc: 0.7775 | PosAcc: 0.8200 | NegAcc: 0.7345
len(easy_positives): 12502 , len(easy_negatives): 13795
len(hard_positives): 794 , len(hard_negatives): 1435

CUM Mean pos prob: 0.706, Mean neg prob: 0.301
CUM Mean pos logit: 1.182, Mean neg logit: -2.303

Epoch 5, Batch 2540 | Acc: 0.7774 | PosAcc: 0.8202 | NegAcc: 0.7342
len(easy_positives): 12615 , len(easy_negatives): 13896
len(hard_positives): 802 , len(hard_negatives): 1455

CUM Mean pos prob: 0.706, Mean neg prob: 0.301
CUM Mean pos logit: 1.184, Mean neg logit: -2.304

Epoch 5, Batch 2560 | Acc: 0.7773 | PosAcc: 0.8201 | NegAcc: 0.7342
len(easy_positives): 12701 , len(easy_negatives): 14010
len(hard_positives): 805 , len(hard_negatives): 1466

CUM Mean pos prob: 0.706, Mean neg prob: 0.301
CUM Mean pos logit: 1.183, Mean neg logit: -2.302

Epoch 5, Batch 2580 | Acc: 0.7772 | PosAcc: 0.8200 | NegAcc: 0.7340
len(easy_positives): 12794 , len(easy_negatives): 14127
len(hard_positives): 810 , len(hard_negatives): 1474

CUM Mean pos prob: 0.706, Mean neg prob: 0.301
CUM Mean pos logit: 1.183, Mean neg logit: -2.303

Epoch 5, Batch 2600 | Acc: 0.7774 | PosAcc: 0.8203 | NegAcc: 0.7341
len(easy_positives): 12897 , len(easy_negatives): 14248
len(hard_positives): 813 , len(hard_negatives): 1485

CUM Mean pos prob: 0.706, Mean neg prob: 0.301
CUM Mean pos logit: 1.184, Mean neg logit: -2.306

Epoch 5, Batch 2620 | Acc: 0.7775 | PosAcc: 0.8203 | NegAcc: 0.7342
len(easy_positives): 12996 , len(easy_negatives): 14367
len(hard_positives): 823 , len(hard_negatives): 1501

CUM Mean pos prob: 0.706, Mean neg prob: 0.300
CUM Mean pos logit: 1.184, Mean neg logit: -2.309

Epoch 5, Batch 2640 | Acc: 0.7775 | PosAcc: 0.8204 | NegAcc: 0.7342
len(easy_positives): 13106 , len(easy_negatives): 14478
len(hard_positives): 833 , len(hard_negatives): 1517

CUM Mean pos prob: 0.706, Mean neg prob: 0.301
CUM Mean pos logit: 1.185, Mean neg logit: -2.310

Epoch 5, Batch 2660 | Acc: 0.7774 | PosAcc: 0.8200 | NegAcc: 0.7345
len(easy_positives): 13163 , len(easy_negatives): 14585
len(hard_positives): 845 , len(hard_negatives): 1527

CUM Mean pos prob: 0.705, Mean neg prob: 0.301
CUM Mean pos logit: 1.182, Mean neg logit: -2.306

Epoch 5, Batch 2680 | Acc: 0.7772 | PosAcc: 0.8198 | NegAcc: 0.7343
len(easy_positives): 13230 , len(easy_negatives): 14688
len(hard_positives): 850 , len(hard_negatives): 1535

CUM Mean pos prob: 0.705, Mean neg prob: 0.301
CUM Mean pos logit: 1.180, Mean neg logit: -2.303

Epoch 5, Batch 2700 | Acc: 0.7772 | PosAcc: 0.8200 | NegAcc: 0.7341
len(easy_positives): 13349 , len(easy_negatives): 14783
len(hard_positives): 854 , len(hard_negatives): 1545

CUM Mean pos prob: 0.705, Mean neg prob: 0.301
CUM Mean pos logit: 1.181, Mean neg logit: -2.302

Epoch 5, Batch 2720 | Acc: 0.7772 | PosAcc: 0.8200 | NegAcc: 0.7341
len(easy_positives): 13437 , len(easy_negatives): 14910
len(hard_positives): 861 , len(hard_negatives): 1558

CUM Mean pos prob: 0.705, Mean neg prob: 0.301
CUM Mean pos logit: 1.180, Mean neg logit: -2.305

Epoch 5, Batch 2740 | Acc: 0.7774 | PosAcc: 0.8200 | NegAcc: 0.7344
len(easy_positives): 13542 , len(easy_negatives): 15034
len(hard_positives): 869 , len(hard_negatives): 1570

CUM Mean pos prob: 0.705, Mean neg prob: 0.300
CUM Mean pos logit: 1.181, Mean neg logit: -2.309

Epoch 5, Batch 2760 | Acc: 0.7774 | PosAcc: 0.8202 | NegAcc: 0.7344
len(easy_positives): 13638 , len(easy_negatives): 15137
len(hard_positives): 876 , len(hard_negatives): 1590

CUM Mean pos prob: 0.705, Mean neg prob: 0.301
CUM Mean pos logit: 1.181, Mean neg logit: -2.308

Epoch 5, Batch 2780 | Acc: 0.7775 | PosAcc: 0.8202 | NegAcc: 0.7346
len(easy_positives): 13721 , len(easy_negatives): 15244
len(hard_positives): 884 , len(hard_negatives): 1599

CUM Mean pos prob: 0.705, Mean neg prob: 0.300
CUM Mean pos logit: 1.180, Mean neg logit: -2.309

Epoch 5, Batch 2800 | Acc: 0.7776 | PosAcc: 0.8201 | NegAcc: 0.7348
len(easy_positives): 13805 , len(easy_negatives): 15367
len(hard_positives): 890 , len(hard_negatives): 1605

CUM Mean pos prob: 0.705, Mean neg prob: 0.300
CUM Mean pos logit: 1.179, Mean neg logit: -2.313

Epoch 5, Batch 2820 | Acc: 0.7776 | PosAcc: 0.8202 | NegAcc: 0.7346
len(easy_positives): 13925 , len(easy_negatives): 15469
len(hard_positives): 897 , len(hard_negatives): 1619

CUM Mean pos prob: 0.705, Mean neg prob: 0.300
CUM Mean pos logit: 1.181, Mean neg logit: -2.313

Epoch 5, Batch 2840 | Acc: 0.7775 | PosAcc: 0.8204 | NegAcc: 0.7342
len(easy_positives): 14047 , len(easy_negatives): 15571
len(hard_positives): 903 , len(hard_negatives): 1627

CUM Mean pos prob: 0.706, Mean neg prob: 0.300
CUM Mean pos logit: 1.184, Mean neg logit: -2.315

Epoch 5, Batch 2860 | Acc: 0.7775 | PosAcc: 0.8206 | NegAcc: 0.7340
len(easy_positives): 14157 , len(easy_negatives): 15666
len(hard_positives): 909 , len(hard_negatives): 1643

CUM Mean pos prob: 0.706, Mean neg prob: 0.301
CUM Mean pos logit: 1.184, Mean neg logit: -2.312

Epoch 5, Batch 2880 | Acc: 0.7774 | PosAcc: 0.8205 | NegAcc: 0.7340
len(easy_positives): 14247 , len(easy_negatives): 15773
len(hard_positives): 913 , len(hard_negatives): 1654

CUM Mean pos prob: 0.706, Mean neg prob: 0.301
CUM Mean pos logit: 1.184, Mean neg logit: -2.310

Epoch 5, Batch 2900 | Acc: 0.7775 | PosAcc: 0.8203 | NegAcc: 0.7344
len(easy_positives): 14354 , len(easy_negatives): 15913
len(hard_positives): 919 , len(hard_negatives): 1664

CUM Mean pos prob: 0.706, Mean neg prob: 0.300
CUM Mean pos logit: 1.185, Mean neg logit: -2.318

Epoch 5, Batch 2920 | Acc: 0.7778 | PosAcc: 0.8205 | NegAcc: 0.7347
len(easy_positives): 14477 , len(easy_negatives): 16052
len(hard_positives): 923 , len(hard_negatives): 1677

CUM Mean pos prob: 0.706, Mean neg prob: 0.300
CUM Mean pos logit: 1.188, Mean neg logit: -2.325

Epoch 5, Batch 2940 | Acc: 0.7777 | PosAcc: 0.8203 | NegAcc: 0.7348
len(easy_positives): 14577 , len(easy_negatives): 16167
len(hard_positives): 932 , len(hard_negatives): 1689

CUM Mean pos prob: 0.706, Mean neg prob: 0.300
CUM Mean pos logit: 1.188, Mean neg logit: -2.328

Epoch 5, Batch 2960 | Acc: 0.7778 | PosAcc: 0.8205 | NegAcc: 0.7348
len(easy_positives): 14670 , len(easy_negatives): 16251
len(hard_positives): 934 , len(hard_negatives): 1704

CUM Mean pos prob: 0.706, Mean neg prob: 0.300
CUM Mean pos logit: 1.188, Mean neg logit: -2.324

Epoch 5, Batch 2980 | Acc: 0.7776 | PosAcc: 0.8202 | NegAcc: 0.7347
len(easy_positives): 14749 , len(easy_negatives): 16366
len(hard_positives): 946 , len(hard_negatives): 1714

CUM Mean pos prob: 0.706, Mean neg prob: 0.300
CUM Mean pos logit: 1.187, Mean neg logit: -2.322

Epoch 5, Batch 3000 | Acc: 0.7777 | PosAcc: 0.8197 | NegAcc: 0.7354
len(easy_positives): 14838 , len(easy_negatives): 16506
len(hard_positives): 953 , len(hard_negatives): 1720

CUM Mean pos prob: 0.706, Mean neg prob: 0.300
CUM Mean pos logit: 1.186, Mean neg logit: -2.324

Epoch 5, Batch 3020 | Acc: 0.7776 | PosAcc: 0.8197 | NegAcc: 0.7354
len(easy_positives): 14931 , len(easy_negatives): 16622
len(hard_positives): 961 , len(hard_negatives): 1732

CUM Mean pos prob: 0.706, Mean neg prob: 0.300
CUM Mean pos logit: 1.185, Mean neg logit: -2.327

Epoch 5, Batch 3040 | Acc: 0.7776 | PosAcc: 0.8195 | NegAcc: 0.7354
len(easy_positives): 15028 , len(easy_negatives): 16737
len(hard_positives): 969 , len(hard_negatives): 1744

CUM Mean pos prob: 0.705, Mean neg prob: 0.300
CUM Mean pos logit: 1.185, Mean neg logit: -2.327

Epoch 5, Batch 3060 | Acc: 0.7776 | PosAcc: 0.8193 | NegAcc: 0.7356
len(easy_positives): 15102 , len(easy_negatives): 16849
len(hard_positives): 974 , len(hard_negatives): 1753

CUM Mean pos prob: 0.705, Mean neg prob: 0.300
CUM Mean pos logit: 1.183, Mean neg logit: -2.326

Epoch 5, Batch 3080 | Acc: 0.7776 | PosAcc: 0.8194 | NegAcc: 0.7357
len(easy_positives): 15197 , len(easy_negatives): 16964
len(hard_positives): 980 , len(hard_negatives): 1764

CUM Mean pos prob: 0.705, Mean neg prob: 0.300
CUM Mean pos logit: 1.184, Mean neg logit: -2.327

Epoch 5, Batch 3100 | Acc: 0.7776 | PosAcc: 0.8193 | NegAcc: 0.7356
len(easy_positives): 15294 , len(easy_negatives): 17064
len(hard_positives): 990 , len(hard_negatives): 1775

CUM Mean pos prob: 0.705, Mean neg prob: 0.300
CUM Mean pos logit: 1.183, Mean neg logit: -2.328

Epoch 5, Batch 3120 | Acc: 0.7776 | PosAcc: 0.8194 | NegAcc: 0.7355
len(easy_positives): 15386 , len(easy_negatives): 17171
len(hard_positives): 994 , len(hard_negatives): 1789

CUM Mean pos prob: 0.705, Mean neg prob: 0.300
CUM Mean pos logit: 1.183, Mean neg logit: -2.324

Epoch 5, Batch 3140 | Acc: 0.7775 | PosAcc: 0.8194 | NegAcc: 0.7355
len(easy_positives): 15499 , len(easy_negatives): 17288
len(hard_positives): 998 , len(hard_negatives): 1801

CUM Mean pos prob: 0.705, Mean neg prob: 0.300
CUM Mean pos logit: 1.184, Mean neg logit: -2.326

Epoch 5, Batch 3160 | Acc: 0.7776 | PosAcc: 0.8197 | NegAcc: 0.7353
len(easy_positives): 15606 , len(easy_negatives): 17399
len(hard_positives): 1006 , len(hard_negatives): 1813

CUM Mean pos prob: 0.705, Mean neg prob: 0.300
CUM Mean pos logit: 1.184, Mean neg logit: -2.329

Epoch 5, Batch 3180 | Acc: 0.7779 | PosAcc: 0.8200 | NegAcc: 0.7356
len(easy_positives): 15707 , len(easy_negatives): 17518
len(hard_positives): 1011 , len(hard_negatives): 1819

CUM Mean pos prob: 0.706, Mean neg prob: 0.300
CUM Mean pos logit: 1.185, Mean neg logit: -2.332

Epoch 5, Batch 3200 | Acc: 0.7778 | PosAcc: 0.8198 | NegAcc: 0.7355
len(easy_positives): 15803 , len(easy_negatives): 17618
len(hard_positives): 1020 , len(hard_negatives): 1825

CUM Mean pos prob: 0.705, Mean neg prob: 0.300
CUM Mean pos logit: 1.185, Mean neg logit: -2.333

Epoch 5, Batch 3220 | Acc: 0.7777 | PosAcc: 0.8198 | NegAcc: 0.7354
len(easy_positives): 15893 , len(easy_negatives): 17736
len(hard_positives): 1027 , len(hard_negatives): 1844

CUM Mean pos prob: 0.705, Mean neg prob: 0.300
CUM Mean pos logit: 1.184, Mean neg logit: -2.335

Epoch 5, Batch 3240 | Acc: 0.7776 | PosAcc: 0.8198 | NegAcc: 0.7352
len(easy_positives): 16009 , len(easy_negatives): 17852
len(hard_positives): 1035 , len(hard_negatives): 1859

CUM Mean pos prob: 0.705, Mean neg prob: 0.300
CUM Mean pos logit: 1.185, Mean neg logit: -2.335

Epoch 5, Batch 3260 | Acc: 0.7777 | PosAcc: 0.8199 | NegAcc: 0.7354
len(easy_positives): 16114 , len(easy_negatives): 17985
len(hard_positives): 1040 , len(hard_negatives): 1868

CUM Mean pos prob: 0.706, Mean neg prob: 0.299
CUM Mean pos logit: 1.186, Mean neg logit: -2.340

Epoch 5, Batch 3280 | Acc: 0.7778 | PosAcc: 0.8201 | NegAcc: 0.7352
len(easy_positives): 16228 , len(easy_negatives): 18072
len(hard_positives): 1046 , len(hard_negatives): 1878

CUM Mean pos prob: 0.706, Mean neg prob: 0.300
CUM Mean pos logit: 1.187, Mean neg logit: -2.336

Epoch 5, Batch 3300 | Acc: 0.7777 | PosAcc: 0.8199 | NegAcc: 0.7353
len(easy_positives): 16320 , len(easy_negatives): 18179
len(hard_positives): 1051 , len(hard_negatives): 1885

CUM Mean pos prob: 0.705, Mean neg prob: 0.299
CUM Mean pos logit: 1.186, Mean neg logit: -2.337

Epoch 5, Batch 3320 | Acc: 0.7779 | PosAcc: 0.8201 | NegAcc: 0.7354
len(easy_positives): 16440 , len(easy_negatives): 18316
len(hard_positives): 1061 , len(hard_negatives): 1902

CUM Mean pos prob: 0.706, Mean neg prob: 0.299
CUM Mean pos logit: 1.188, Mean neg logit: -2.341

Epoch 5, Batch 3340 | Acc: 0.7781 | PosAcc: 0.8204 | NegAcc: 0.7356
len(easy_positives): 16539 , len(easy_negatives): 18432
len(hard_positives): 1067 , len(hard_negatives): 1915

CUM Mean pos prob: 0.706, Mean neg prob: 0.299
CUM Mean pos logit: 1.188, Mean neg logit: -2.341

Epoch 5, Batch 3360 | Acc: 0.7781 | PosAcc: 0.8204 | NegAcc: 0.7357
len(easy_positives): 16637 , len(easy_negatives): 18540
len(hard_positives): 1075 , len(hard_negatives): 1925

CUM Mean pos prob: 0.706, Mean neg prob: 0.299
CUM Mean pos logit: 1.187, Mean neg logit: -2.342

Epoch 5, Batch 3380 | Acc: 0.7782 | PosAcc: 0.8205 | NegAcc: 0.7358
len(easy_positives): 16733 , len(easy_negatives): 18661
len(hard_positives): 1082 , len(hard_negatives): 1939

CUM Mean pos prob: 0.706, Mean neg prob: 0.299
CUM Mean pos logit: 1.188, Mean neg logit: -2.343

Epoch 5, Batch 3400 | Acc: 0.7782 | PosAcc: 0.8203 | NegAcc: 0.7359
len(easy_positives): 16818 , len(easy_negatives): 18778
len(hard_positives): 1090 , len(hard_negatives): 1945

CUM Mean pos prob: 0.706, Mean neg prob: 0.299
CUM Mean pos logit: 1.187, Mean neg logit: -2.344

Epoch 5, Batch 3420 | Acc: 0.7783 | PosAcc: 0.8204 | NegAcc: 0.7360
len(easy_positives): 16911 , len(easy_negatives): 18891
len(hard_positives): 1097 , len(hard_negatives): 1953

CUM Mean pos prob: 0.706, Mean neg prob: 0.299
CUM Mean pos logit: 1.187, Mean neg logit: -2.345

Epoch 5, Batch 3440 | Acc: 0.7785 | PosAcc: 0.8207 | NegAcc: 0.7362
len(easy_positives): 17041 , len(easy_negatives): 19022
len(hard_positives): 1101 , len(hard_negatives): 1963

CUM Mean pos prob: 0.706, Mean neg prob: 0.299
CUM Mean pos logit: 1.189, Mean neg logit: -2.350

Epoch 5, Batch 3460 | Acc: 0.7787 | PosAcc: 0.8207 | NegAcc: 0.7366
len(easy_positives): 17158 , len(easy_negatives): 19145
len(hard_positives): 1109 , len(hard_negatives): 1977

CUM Mean pos prob: 0.706, Mean neg prob: 0.299
CUM Mean pos logit: 1.189, Mean neg logit: -2.352

Epoch 5, Batch 3480 | Acc: 0.7785 | PosAcc: 0.8206 | NegAcc: 0.7363
len(easy_positives): 17261 , len(easy_negatives): 19262
len(hard_positives): 1120 , len(hard_negatives): 1997

CUM Mean pos prob: 0.706, Mean neg prob: 0.299
CUM Mean pos logit: 1.190, Mean neg logit: -2.354

Epoch 5, Batch 3500 | Acc: 0.7786 | PosAcc: 0.8208 | NegAcc: 0.7361
len(easy_positives): 17357 , len(easy_negatives): 19359
len(hard_positives): 1123 , len(hard_negatives): 2007

CUM Mean pos prob: 0.706, Mean neg prob: 0.299
CUM Mean pos logit: 1.190, Mean neg logit: -2.353

Epoch 5, Batch 3520 | Acc: 0.7786 | PosAcc: 0.8209 | NegAcc: 0.7361
len(easy_positives): 17467 , len(easy_negatives): 19467
len(hard_positives): 1129 , len(hard_negatives): 2020

CUM Mean pos prob: 0.706, Mean neg prob: 0.299
CUM Mean pos logit: 1.190, Mean neg logit: -2.354

Epoch 5, Batch 3540 | Acc: 0.7785 | PosAcc: 0.8207 | NegAcc: 0.7361
len(easy_positives): 17563 , len(easy_negatives): 19585
len(hard_positives): 1132 , len(hard_negatives): 2038

CUM Mean pos prob: 0.706, Mean neg prob: 0.299
CUM Mean pos logit: 1.190, Mean neg logit: -2.354

Epoch 5, Batch 3560 | Acc: 0.7785 | PosAcc: 0.8205 | NegAcc: 0.7363
len(easy_positives): 17662 , len(easy_negatives): 19694
len(hard_positives): 1139 , len(hard_negatives): 2045

CUM Mean pos prob: 0.706, Mean neg prob: 0.299
CUM Mean pos logit: 1.189, Mean neg logit: -2.353

Epoch 5, Batch 3580 | Acc: 0.7786 | PosAcc: 0.8209 | NegAcc: 0.7361
len(easy_positives): 17799 , len(easy_negatives): 19786
len(hard_positives): 1143 , len(hard_negatives): 2063

CUM Mean pos prob: 0.706, Mean neg prob: 0.299
CUM Mean pos logit: 1.192, Mean neg logit: -2.356

Epoch 5, Batch 3600 | Acc: 0.7786 | PosAcc: 0.8208 | NegAcc: 0.7362
len(easy_positives): 17879 , len(easy_negatives): 19908
len(hard_positives): 1153 , len(hard_negatives): 2072

CUM Mean pos prob: 0.706, Mean neg prob: 0.299
CUM Mean pos logit: 1.191, Mean neg logit: -2.355

Epoch 5, Batch 3620 | Acc: 0.7788 | PosAcc: 0.8209 | NegAcc: 0.7364
len(easy_positives): 17976 , len(easy_negatives): 20029
len(hard_positives): 1164 , len(hard_negatives): 2079

CUM Mean pos prob: 0.706, Mean neg prob: 0.298
CUM Mean pos logit: 1.191, Mean neg logit: -2.356

Epoch 5, Batch 3640 | Acc: 0.7788 | PosAcc: 0.8212 | NegAcc: 0.7361
len(easy_positives): 18103 , len(easy_negatives): 20144
len(hard_positives): 1171 , len(hard_negatives): 2095

CUM Mean pos prob: 0.706, Mean neg prob: 0.299
CUM Mean pos logit: 1.193, Mean neg logit: -2.356

Epoch 5, Batch 3660 | Acc: 0.7787 | PosAcc: 0.8209 | NegAcc: 0.7364
len(easy_positives): 18174 , len(easy_negatives): 20274
len(hard_positives): 1178 , len(hard_negatives): 2102

CUM Mean pos prob: 0.706, Mean neg prob: 0.298
CUM Mean pos logit: 1.191, Mean neg logit: -2.359

Epoch 5, Batch 3680 | Acc: 0.7788 | PosAcc: 0.8212 | NegAcc: 0.7363
len(easy_positives): 18280 , len(easy_negatives): 20398
len(hard_positives): 1183 , len(hard_negatives): 2113

CUM Mean pos prob: 0.706, Mean neg prob: 0.298
CUM Mean pos logit: 1.193, Mean neg logit: -2.361

Epoch 5, Batch 3700 | Acc: 0.7788 | PosAcc: 0.8212 | NegAcc: 0.7362
len(easy_positives): 18385 , len(easy_negatives): 20511
len(hard_positives): 1193 , len(hard_negatives): 2127

CUM Mean pos prob: 0.706, Mean neg prob: 0.298
CUM Mean pos logit: 1.193, Mean neg logit: -2.362

Epoch 5, Batch 3720 | Acc: 0.7788 | PosAcc: 0.8210 | NegAcc: 0.7363
len(easy_positives): 18484 , len(easy_negatives): 20631
len(hard_positives): 1197 , len(hard_negatives): 2141

CUM Mean pos prob: 0.706, Mean neg prob: 0.298
CUM Mean pos logit: 1.193, Mean neg logit: -2.360

Epoch 5, Batch 3740 | Acc: 0.7788 | PosAcc: 0.8210 | NegAcc: 0.7365
len(easy_positives): 18581 , len(easy_negatives): 20771
len(hard_positives): 1202 , len(hard_negatives): 2153

CUM Mean pos prob: 0.706, Mean neg prob: 0.298
CUM Mean pos logit: 1.194, Mean neg logit: -2.368

Epoch 5, Batch 3760 | Acc: 0.7789 | PosAcc: 0.8210 | NegAcc: 0.7367
len(easy_positives): 18694 , len(easy_negatives): 20889
len(hard_positives): 1211 , len(hard_negatives): 2163

CUM Mean pos prob: 0.706, Mean neg prob: 0.298
CUM Mean pos logit: 1.195, Mean neg logit: -2.367

Epoch 5, Batch 3780 | Acc: 0.7790 | PosAcc: 0.8209 | NegAcc: 0.7370
len(easy_positives): 18802 , len(easy_negatives): 21013
len(hard_positives): 1218 , len(hard_negatives): 2169

CUM Mean pos prob: 0.707, Mean neg prob: 0.298
CUM Mean pos logit: 1.196, Mean neg logit: -2.368

Epoch 5, Batch 3800 | Acc: 0.7790 | PosAcc: 0.8209 | NegAcc: 0.7369
len(easy_positives): 18899 , len(easy_negatives): 21131
len(hard_positives): 1224 , len(hard_negatives): 2187

CUM Mean pos prob: 0.707, Mean neg prob: 0.298
CUM Mean pos logit: 1.196, Mean neg logit: -2.369

Epoch 5, Batch 3820 | Acc: 0.7789 | PosAcc: 0.8207 | NegAcc: 0.7370
len(easy_positives): 19000 , len(easy_negatives): 21240
len(hard_positives): 1234 , len(hard_negatives): 2197

CUM Mean pos prob: 0.707, Mean neg prob: 0.298
CUM Mean pos logit: 1.197, Mean neg logit: -2.368

Epoch 5, Batch 3840 | Acc: 0.7789 | PosAcc: 0.8210 | NegAcc: 0.7368
len(easy_positives): 19113 , len(easy_negatives): 21360
len(hard_positives): 1244 , len(hard_negatives): 2215

CUM Mean pos prob: 0.707, Mean neg prob: 0.298
CUM Mean pos logit: 1.198, Mean neg logit: -2.369

Epoch 5, Batch 3860 | Acc: 0.7791 | PosAcc: 0.8211 | NegAcc: 0.7369
len(easy_positives): 19237 , len(easy_negatives): 21464
len(hard_positives): 1247 , len(hard_negatives): 2227

CUM Mean pos prob: 0.707, Mean neg prob: 0.298
CUM Mean pos logit: 1.199, Mean neg logit: -2.370

Epoch 5, Batch 3880 | Acc: 0.7791 | PosAcc: 0.8212 | NegAcc: 0.7368
len(easy_positives): 19355 , len(easy_negatives): 21570
len(hard_positives): 1254 , len(hard_negatives): 2237

CUM Mean pos prob: 0.707, Mean neg prob: 0.298
CUM Mean pos logit: 1.200, Mean neg logit: -2.369

Epoch 5, Batch 3900 | Acc: 0.7792 | PosAcc: 0.8211 | NegAcc: 0.7370
len(easy_positives): 19447 , len(easy_negatives): 21689
len(hard_positives): 1260 , len(hard_negatives): 2250

CUM Mean pos prob: 0.707, Mean neg prob: 0.298
CUM Mean pos logit: 1.200, Mean neg logit: -2.371

Epoch 5, Batch 3920 | Acc: 0.7793 | PosAcc: 0.8215 | NegAcc: 0.7368
len(easy_positives): 19559 , len(easy_negatives): 21785
len(hard_positives): 1266 , len(hard_negatives): 2264

CUM Mean pos prob: 0.707, Mean neg prob: 0.298
CUM Mean pos logit: 1.201, Mean neg logit: -2.369

Epoch 5, Batch 3940 | Acc: 0.7793 | PosAcc: 0.8215 | NegAcc: 0.7368
len(easy_positives): 19664 , len(easy_negatives): 21888
len(hard_positives): 1272 , len(hard_negatives): 2274

CUM Mean pos prob: 0.707, Mean neg prob: 0.298
CUM Mean pos logit: 1.201, Mean neg logit: -2.368

Epoch 5, Batch 3960 | Acc: 0.7794 | PosAcc: 0.8216 | NegAcc: 0.7370
len(easy_positives): 19768 , len(easy_negatives): 22005
len(hard_positives): 1276 , len(hard_negatives): 2291

CUM Mean pos prob: 0.707, Mean neg prob: 0.298
CUM Mean pos logit: 1.201, Mean neg logit: -2.369

Epoch 5, Batch 3980 | Acc: 0.7793 | PosAcc: 0.8215 | NegAcc: 0.7369
len(easy_positives): 19853 , len(easy_negatives): 22104
len(hard_positives): 1281 , len(hard_negatives): 2304

CUM Mean pos prob: 0.707, Mean neg prob: 0.298
CUM Mean pos logit: 1.202, Mean neg logit: -2.367

Epoch 5, Batch 4000 | Acc: 0.7794 | PosAcc: 0.8217 | NegAcc: 0.7369
len(easy_positives): 19964 , len(easy_negatives): 22196
len(hard_positives): 1289 , len(hard_negatives): 2310

CUM Mean pos prob: 0.707, Mean neg prob: 0.298
CUM Mean pos logit: 1.201, Mean neg logit: -2.366

Epoch 5, Batch 4020 | Acc: 0.7795 | PosAcc: 0.8217 | NegAcc: 0.7371
len(easy_positives): 20067 , len(easy_negatives): 22315
len(hard_positives): 1297 , len(hard_negatives): 2318

CUM Mean pos prob: 0.707, Mean neg prob: 0.298
CUM Mean pos logit: 1.202, Mean neg logit: -2.367

Epoch 5, Batch 4040 | Acc: 0.7796 | PosAcc: 0.8218 | NegAcc: 0.7372
len(easy_positives): 20189 , len(easy_negatives): 22430
len(hard_positives): 1306 , len(hard_negatives): 2336

CUM Mean pos prob: 0.707, Mean neg prob: 0.298
CUM Mean pos logit: 1.203, Mean neg logit: -2.367

Epoch 5, Batch 4060 | Acc: 0.7797 | PosAcc: 0.8218 | NegAcc: 0.7375
len(easy_positives): 20275 , len(easy_negatives): 22551
len(hard_positives): 1313 , len(hard_negatives): 2347

CUM Mean pos prob: 0.707, Mean neg prob: 0.298
CUM Mean pos logit: 1.203, Mean neg logit: -2.366

Epoch 5, Batch 4080 | Acc: 0.7796 | PosAcc: 0.8217 | NegAcc: 0.7374
len(easy_positives): 20374 , len(easy_negatives): 22678
len(hard_positives): 1316 , len(hard_negatives): 2356

CUM Mean pos prob: 0.707, Mean neg prob: 0.298
CUM Mean pos logit: 1.203, Mean neg logit: -2.366

Epoch 5, Batch 4100 | Acc: 0.7795 | PosAcc: 0.8214 | NegAcc: 0.7375
len(easy_positives): 20452 , len(easy_negatives): 22801
len(hard_positives): 1321 , len(hard_negatives): 2366

CUM Mean pos prob: 0.707, Mean neg prob: 0.298
CUM Mean pos logit: 1.203, Mean neg logit: -2.366

Epoch 5, Batch 4120 | Acc: 0.7795 | PosAcc: 0.8214 | NegAcc: 0.7375
len(easy_positives): 20562 , len(easy_negatives): 22903
len(hard_positives): 1327 , len(hard_negatives): 2376

CUM Mean pos prob: 0.707, Mean neg prob: 0.298
CUM Mean pos logit: 1.203, Mean neg logit: -2.365

Epoch 5, Batch 4140 | Acc: 0.7795 | PosAcc: 0.8212 | NegAcc: 0.7376
len(easy_positives): 20670 , len(easy_negatives): 23011
len(hard_positives): 1335 , len(hard_negatives): 2387

CUM Mean pos prob: 0.707, Mean neg prob: 0.297
CUM Mean pos logit: 1.203, Mean neg logit: -2.366

Epoch 5, Batch 4160 | Acc: 0.7794 | PosAcc: 0.8213 | NegAcc: 0.7375
len(easy_positives): 20772 , len(easy_negatives): 23128
len(hard_positives): 1347 , len(hard_negatives): 2394

CUM Mean pos prob: 0.707, Mean neg prob: 0.298
CUM Mean pos logit: 1.203, Mean neg logit: -2.366

Epoch 5, Batch 4180 | Acc: 0.7795 | PosAcc: 0.8213 | NegAcc: 0.7376
len(easy_positives): 20878 , len(easy_negatives): 23251
len(hard_positives): 1352 , len(hard_negatives): 2405

CUM Mean pos prob: 0.707, Mean neg prob: 0.297
CUM Mean pos logit: 1.203, Mean neg logit: -2.366

Epoch 5, Batch 4200 | Acc: 0.7795 | PosAcc: 0.8213 | NegAcc: 0.7376
len(easy_positives): 20977 , len(easy_negatives): 23363
len(hard_positives): 1357 , len(hard_negatives): 2412

CUM Mean pos prob: 0.707, Mean neg prob: 0.297
CUM Mean pos logit: 1.203, Mean neg logit: -2.367

Epoch 5, Batch 4220 | Acc: 0.7798 | PosAcc: 0.8217 | NegAcc: 0.7377
len(easy_positives): 21125 , len(easy_negatives): 23479
len(hard_positives): 1361 , len(hard_negatives): 2432

CUM Mean pos prob: 0.707, Mean neg prob: 0.297
CUM Mean pos logit: 1.207, Mean neg logit: -2.368

Epoch 5, Batch 4240 | Acc: 0.7798 | PosAcc: 0.8218 | NegAcc: 0.7376
len(easy_positives): 21229 , len(easy_negatives): 23591
len(hard_positives): 1372 , len(hard_negatives): 2439

CUM Mean pos prob: 0.708, Mean neg prob: 0.297
CUM Mean pos logit: 1.207, Mean neg logit: -2.369

Epoch 5, Batch 4260 | Acc: 0.7797 | PosAcc: 0.8216 | NegAcc: 0.7376
len(easy_positives): 21306 , len(easy_negatives): 23706
len(hard_positives): 1381 , len(hard_negatives): 2451

CUM Mean pos prob: 0.707, Mean neg prob: 0.297
CUM Mean pos logit: 1.207, Mean neg logit: -2.369

Epoch 5, Batch 4280 | Acc: 0.7799 | PosAcc: 0.8217 | NegAcc: 0.7378
len(easy_positives): 21413 , len(easy_negatives): 23816
len(hard_positives): 1388 , len(hard_negatives): 2461

CUM Mean pos prob: 0.707, Mean neg prob: 0.297
CUM Mean pos logit: 1.207, Mean neg logit: -2.369

Epoch 5, Batch 4300 | Acc: 0.7799 | PosAcc: 0.8217 | NegAcc: 0.7380
len(easy_positives): 21534 , len(easy_negatives): 23941
len(hard_positives): 1393 , len(hard_negatives): 2480

CUM Mean pos prob: 0.708, Mean neg prob: 0.297
CUM Mean pos logit: 1.209, Mean neg logit: -2.373

Epoch 5, Batch 4320 | Acc: 0.7798 | PosAcc: 0.8217 | NegAcc: 0.7378
len(easy_positives): 21627 , len(easy_negatives): 24056
len(hard_positives): 1399 , len(hard_negatives): 2490

CUM Mean pos prob: 0.708, Mean neg prob: 0.297
CUM Mean pos logit: 1.208, Mean neg logit: -2.372

Epoch 5, Batch 4340 | Acc: 0.7797 | PosAcc: 0.8215 | NegAcc: 0.7377
len(easy_positives): 21717 , len(easy_negatives): 24169
len(hard_positives): 1406 , len(hard_negatives): 2502

CUM Mean pos prob: 0.707, Mean neg prob: 0.297
CUM Mean pos logit: 1.208, Mean neg logit: -2.372

Epoch 5, Batch 4360 | Acc: 0.7795 | PosAcc: 0.8214 | NegAcc: 0.7376
len(easy_positives): 21791 , len(easy_negatives): 24285
len(hard_positives): 1415 , len(hard_negatives): 2508

CUM Mean pos prob: 0.707, Mean neg prob: 0.297
CUM Mean pos logit: 1.207, Mean neg logit: -2.371

Epoch 5, Batch 4380 | Acc: 0.7798 | PosAcc: 0.8214 | NegAcc: 0.7381
len(easy_positives): 21886 , len(easy_negatives): 24435
len(hard_positives): 1423 , len(hard_negatives): 2522

CUM Mean pos prob: 0.707, Mean neg prob: 0.297
CUM Mean pos logit: 1.207, Mean neg logit: -2.375

Epoch 5, Batch 4400 | Acc: 0.7799 | PosAcc: 0.8214 | NegAcc: 0.7383
len(easy_positives): 21993 , len(easy_negatives): 24560
len(hard_positives): 1430 , len(hard_negatives): 2531

CUM Mean pos prob: 0.707, Mean neg prob: 0.297
CUM Mean pos logit: 1.207, Mean neg logit: -2.377

Epoch 5, Batch 4420 | Acc: 0.7800 | PosAcc: 0.8214 | NegAcc: 0.7384
len(easy_positives): 22112 , len(easy_negatives): 24689
len(hard_positives): 1433 , len(hard_negatives): 2548

CUM Mean pos prob: 0.707, Mean neg prob: 0.297
CUM Mean pos logit: 1.208, Mean neg logit: -2.380

Epoch 5, Batch 4440 | Acc: 0.7799 | PosAcc: 0.8215 | NegAcc: 0.7382
len(easy_positives): 22220 , len(easy_negatives): 24802
len(hard_positives): 1441 , len(hard_negatives): 2562

CUM Mean pos prob: 0.707, Mean neg prob: 0.297
CUM Mean pos logit: 1.209, Mean neg logit: -2.381

Epoch 5, Batch 4460 | Acc: 0.7798 | PosAcc: 0.8213 | NegAcc: 0.7383
len(easy_positives): 22309 , len(easy_negatives): 24932
len(hard_positives): 1447 , len(hard_negatives): 2574

CUM Mean pos prob: 0.707, Mean neg prob: 0.297
CUM Mean pos logit: 1.208, Mean neg logit: -2.383

Epoch 5, Batch 4480 | Acc: 0.7798 | PosAcc: 0.8214 | NegAcc: 0.7381
len(easy_positives): 22396 , len(easy_negatives): 25023
len(hard_positives): 1452 , len(hard_negatives): 2585

CUM Mean pos prob: 0.707, Mean neg prob: 0.297
CUM Mean pos logit: 1.208, Mean neg logit: -2.380

Epoch 5, Batch 4500 | Acc: 0.7797 | PosAcc: 0.8213 | NegAcc: 0.7381
len(easy_positives): 22487 , len(easy_negatives): 25137
len(hard_positives): 1461 , len(hard_negatives): 2594

CUM Mean pos prob: 0.707, Mean neg prob: 0.297
CUM Mean pos logit: 1.207, Mean neg logit: -2.381

Epoch 5, Batch 4520 | Acc: 0.7797 | PosAcc: 0.8212 | NegAcc: 0.7380
len(easy_positives): 22587 , len(easy_negatives): 25245
len(hard_positives): 1469 , len(hard_negatives): 2599

CUM Mean pos prob: 0.707, Mean neg prob: 0.297
CUM Mean pos logit: 1.207, Mean neg logit: -2.380

Epoch 5, Batch 4540 | Acc: 0.7796 | PosAcc: 0.8210 | NegAcc: 0.7383
len(easy_positives): 22668 , len(easy_negatives): 25385
len(hard_positives): 1476 , len(hard_negatives): 2612

CUM Mean pos prob: 0.707, Mean neg prob: 0.297
CUM Mean pos logit: 1.207, Mean neg logit: -2.383

Epoch 5, Batch 4560 | Acc: 0.7797 | PosAcc: 0.8211 | NegAcc: 0.7383
len(easy_positives): 22793 , len(easy_negatives): 25489
len(hard_positives): 1480 , len(hard_negatives): 2628

CUM Mean pos prob: 0.707, Mean neg prob: 0.297
CUM Mean pos logit: 1.208, Mean neg logit: -2.382

Epoch 5, Batch 4580 | Acc: 0.7796 | PosAcc: 0.8210 | NegAcc: 0.7381
len(easy_positives): 22883 , len(easy_negatives): 25583
len(hard_positives): 1487 , len(hard_negatives): 2639

CUM Mean pos prob: 0.707, Mean neg prob: 0.297
CUM Mean pos logit: 1.207, Mean neg logit: -2.379

Epoch 5, Batch 4600 | Acc: 0.7796 | PosAcc: 0.8211 | NegAcc: 0.7381
len(easy_positives): 22990 , len(easy_negatives): 25692
len(hard_positives): 1493 , len(hard_negatives): 2646

CUM Mean pos prob: 0.707, Mean neg prob: 0.297
CUM Mean pos logit: 1.207, Mean neg logit: -2.379

Epoch 5, Batch 4620 | Acc: 0.7796 | PosAcc: 0.8211 | NegAcc: 0.7380
len(easy_positives): 23105 , len(easy_negatives): 25794
len(hard_positives): 1500 , len(hard_negatives): 2660

CUM Mean pos prob: 0.707, Mean neg prob: 0.297
CUM Mean pos logit: 1.208, Mean neg logit: -2.378

Epoch 5, Batch 4640 | Acc: 0.7796 | PosAcc: 0.8209 | NegAcc: 0.7383
len(easy_positives): 23180 , len(easy_negatives): 25921
len(hard_positives): 1506 , len(hard_negatives): 2672

CUM Mean pos prob: 0.707, Mean neg prob: 0.297
CUM Mean pos logit: 1.207, Mean neg logit: -2.378

Epoch 5, Batch 4660 | Acc: 0.7796 | PosAcc: 0.8208 | NegAcc: 0.7384
len(easy_positives): 23270 , len(easy_negatives): 26040
len(hard_positives): 1512 , len(hard_negatives): 2684

CUM Mean pos prob: 0.707, Mean neg prob: 0.297
CUM Mean pos logit: 1.207, Mean neg logit: -2.378

Epoch 5, Batch 4680 | Acc: 0.7795 | PosAcc: 0.8206 | NegAcc: 0.7383
len(easy_positives): 23352 , len(easy_negatives): 26156
len(hard_positives): 1518 , len(hard_negatives): 2695

CUM Mean pos prob: 0.707, Mean neg prob: 0.297
CUM Mean pos logit: 1.207, Mean neg logit: -2.379

Epoch 5, Batch 4700 | Acc: 0.7795 | PosAcc: 0.8207 | NegAcc: 0.7383
len(easy_positives): 23461 , len(easy_negatives): 26271
len(hard_positives): 1525 , len(hard_negatives): 2703

CUM Mean pos prob: 0.707, Mean neg prob: 0.297
CUM Mean pos logit: 1.207, Mean neg logit: -2.378

Epoch 5, Batch 4720 | Acc: 0.7794 | PosAcc: 0.8206 | NegAcc: 0.7383
len(easy_positives): 23553 , len(easy_negatives): 26387
len(hard_positives): 1531 , len(hard_negatives): 2713

CUM Mean pos prob: 0.707, Mean neg prob: 0.297
CUM Mean pos logit: 1.207, Mean neg logit: -2.378

Epoch 5, Batch 4740 | Acc: 0.7796 | PosAcc: 0.8208 | NegAcc: 0.7384
len(easy_positives): 23684 , len(easy_negatives): 26515
len(hard_positives): 1535 , len(hard_negatives): 2733

CUM Mean pos prob: 0.707, Mean neg prob: 0.297
CUM Mean pos logit: 1.209, Mean neg logit: -2.379

Epoch 5, Batch 4760 | Acc: 0.7798 | PosAcc: 0.8209 | NegAcc: 0.7387
len(easy_positives): 23795 , len(easy_negatives): 26640
len(hard_positives): 1549 , len(hard_negatives): 2743

CUM Mean pos prob: 0.707, Mean neg prob: 0.296
CUM Mean pos logit: 1.209, Mean neg logit: -2.382

Epoch 5, Batch 4780 | Acc: 0.7797 | PosAcc: 0.8209 | NegAcc: 0.7385
len(easy_positives): 23894 , len(easy_negatives): 26746
len(hard_positives): 1555 , len(hard_negatives): 2752

CUM Mean pos prob: 0.707, Mean neg prob: 0.296
CUM Mean pos logit: 1.209, Mean neg logit: -2.379

Epoch 5, Batch 4800 | Acc: 0.7798 | PosAcc: 0.8210 | NegAcc: 0.7386
len(easy_positives): 23976 , len(easy_negatives): 26870
len(hard_positives): 1559 , len(hard_negatives): 2758

CUM Mean pos prob: 0.707, Mean neg prob: 0.296
CUM Mean pos logit: 1.208, Mean neg logit: -2.380

Epoch 5, Batch 4820 | Acc: 0.7798 | PosAcc: 0.8210 | NegAcc: 0.7386
len(easy_positives): 24073 , len(easy_negatives): 26978
len(hard_positives): 1565 , len(hard_negatives): 2772

CUM Mean pos prob: 0.707, Mean neg prob: 0.296
CUM Mean pos logit: 1.209, Mean neg logit: -2.381

Epoch 5, Batch 4840 | Acc: 0.7799 | PosAcc: 0.8210 | NegAcc: 0.7388
len(easy_positives): 24171 , len(easy_negatives): 27108
len(hard_positives): 1571 , len(hard_negatives): 2781

CUM Mean pos prob: 0.707, Mean neg prob: 0.296
CUM Mean pos logit: 1.209, Mean neg logit: -2.383

Epoch 5, Batch 4860 | Acc: 0.7799 | PosAcc: 0.8212 | NegAcc: 0.7386
len(easy_positives): 24295 , len(easy_negatives): 27217
len(hard_positives): 1576 , len(hard_negatives): 2803

CUM Mean pos prob: 0.707, Mean neg prob: 0.296
CUM Mean pos logit: 1.210, Mean neg logit: -2.385

Epoch 5, Batch 4880 | Acc: 0.7798 | PosAcc: 0.8212 | NegAcc: 0.7384
len(easy_positives): 24391 , len(easy_negatives): 27312
len(hard_positives): 1581 , len(hard_negatives): 2820

CUM Mean pos prob: 0.707, Mean neg prob: 0.296
CUM Mean pos logit: 1.210, Mean neg logit: -2.384

Epoch 5, Batch 4900 | Acc: 0.7799 | PosAcc: 0.8213 | NegAcc: 0.7385
len(easy_positives): 24499 , len(easy_negatives): 27441
len(hard_positives): 1587 , len(hard_negatives): 2829

CUM Mean pos prob: 0.707, Mean neg prob: 0.296
CUM Mean pos logit: 1.210, Mean neg logit: -2.385

Epoch 5, Batch 4920 | Acc: 0.7799 | PosAcc: 0.8211 | NegAcc: 0.7387
len(easy_positives): 24615 , len(easy_negatives): 27573
len(hard_positives): 1594 , len(hard_negatives): 2838

CUM Mean pos prob: 0.707, Mean neg prob: 0.296
CUM Mean pos logit: 1.211, Mean neg logit: -2.388

	train_accuracy: 0.7798969942586964
	pos train_accuracy: 0.8212597095575819
	neg train_accuracy: 0.7385342789598108
Epoch 5, Batch 20 | Val Acc: 0.7937 | Val PosAcc: 0.8328 | Val NegAcc: 0.7568
len(easy_positives): 135 , len(easy_negatives): 159
len(hard_positives): 8 , len(hard_negatives): 6
CUM Mean pos prob: 0.706, Mean neg prob: 0.273
CUM Mean pos logit: 1.169, Mean neg logit: -2.579

Epoch 5, Batch 40 | Val Acc: 0.7797 | Val PosAcc: 0.8219 | Val NegAcc: 0.7375
len(easy_positives): 270 , len(easy_negatives): 294
len(hard_positives): 16 , len(hard_negatives): 26
CUM Mean pos prob: 0.703, Mean neg prob: 0.293
CUM Mean pos logit: 1.158, Mean neg logit: -2.429

Epoch 5, Batch 60 | Val Acc: 0.7802 | Val PosAcc: 0.8152 | Val NegAcc: 0.7453
len(easy_positives): 391 , len(easy_negatives): 450
len(hard_positives): 25 , len(hard_negatives): 40
CUM Mean pos prob: 0.698, Mean neg prob: 0.292
CUM Mean pos logit: 1.140, Mean neg logit: -2.366

Epoch 5, Batch 80 | Val Acc: 0.7762 | Val PosAcc: 0.8091 | Val NegAcc: 0.7436
len(easy_positives): 507 , len(easy_negatives): 607
len(hard_positives): 35 , len(hard_negatives): 49
CUM Mean pos prob: 0.696, Mean neg prob: 0.291
CUM Mean pos logit: 1.128, Mean neg logit: -2.331

Epoch 5, Batch 100 | Val Acc: 0.7825 | Val PosAcc: 0.8131 | Val NegAcc: 0.7517
len(easy_positives): 635 , len(easy_negatives): 756
len(hard_positives): 50 , len(hard_negatives): 59
CUM Mean pos prob: 0.697, Mean neg prob: 0.287
CUM Mean pos logit: 1.143, Mean neg logit: -2.373

Epoch 5, Batch 120 | Val Acc: 0.7870 | Val PosAcc: 0.8194 | Val NegAcc: 0.7539
len(easy_positives): 776 , len(easy_negatives): 908
len(hard_positives): 55 , len(hard_negatives): 67
CUM Mean pos prob: 0.700, Mean neg prob: 0.285
CUM Mean pos logit: 1.155, Mean neg logit: -2.407

Epoch 5, Batch 140 | Val Acc: 0.7846 | Val PosAcc: 0.8185 | Val NegAcc: 0.7503
len(easy_positives): 899 , len(easy_negatives): 1070
len(hard_positives): 66 , len(hard_negatives): 79
CUM Mean pos prob: 0.700, Mean neg prob: 0.286
CUM Mean pos logit: 1.150, Mean neg logit: -2.427

Epoch 5, Batch 160 | Val Acc: 0.7852 | Val PosAcc: 0.8197 | Val NegAcc: 0.7506
len(easy_positives): 1007 , len(easy_negatives): 1233
len(hard_positives): 73 , len(hard_negatives): 91
CUM Mean pos prob: 0.699, Mean neg prob: 0.286
CUM Mean pos logit: 1.139, Mean neg logit: -2.366

Epoch 5, Batch 180 | Val Acc: 0.7835 | Val PosAcc: 0.8202 | Val NegAcc: 0.7470
len(easy_positives): 1134 , len(easy_negatives): 1382
len(hard_positives): 84 , len(hard_negatives): 112
CUM Mean pos prob: 0.700, Mean neg prob: 0.290
CUM Mean pos logit: 1.143, Mean neg logit: -2.332

Epoch 5, Batch 200 | Val Acc: 0.7853 | Val PosAcc: 0.8224 | Val NegAcc: 0.7481
len(easy_positives): 1261 , len(easy_negatives): 1530
len(hard_positives): 91 , len(hard_negatives): 126
CUM Mean pos prob: 0.701, Mean neg prob: 0.290
CUM Mean pos logit: 1.148, Mean neg logit: -2.335

Epoch 5, Batch 220 | Val Acc: 0.7838 | Val PosAcc: 0.8218 | Val NegAcc: 0.7460
len(easy_positives): 1379 , len(easy_negatives): 1676
len(hard_positives): 101 , len(hard_negatives): 142
CUM Mean pos prob: 0.700, Mean neg prob: 0.291
CUM Mean pos logit: 1.142, Mean neg logit: -2.328

Epoch 5, Batch 240 | Val Acc: 0.7837 | Val PosAcc: 0.8203 | Val NegAcc: 0.7472
len(easy_positives): 1516 , len(easy_negatives): 1828
len(hard_positives): 109 , len(hard_negatives): 150
CUM Mean pos prob: 0.700, Mean neg prob: 0.290
CUM Mean pos logit: 1.143, Mean neg logit: -2.350

Epoch 5, Batch 260 | Val Acc: 0.7832 | Val PosAcc: 0.8191 | Val NegAcc: 0.7474
len(easy_positives): 1632 , len(easy_negatives): 1985
len(hard_positives): 115 , len(hard_negatives): 160
CUM Mean pos prob: 0.700, Mean neg prob: 0.289
CUM Mean pos logit: 1.141, Mean neg logit: -2.365

Epoch 5, Batch 280 | Val Acc: 0.7847 | Val PosAcc: 0.8209 | Val NegAcc: 0.7486
len(easy_positives): 1750 , len(easy_negatives): 2138
len(hard_positives): 121 , len(hard_negatives): 170
CUM Mean pos prob: 0.700, Mean neg prob: 0.289
CUM Mean pos logit: 1.142, Mean neg logit: -2.364

Epoch 5, Batch 300 | Val Acc: 0.7861 | Val PosAcc: 0.8227 | Val NegAcc: 0.7496
len(easy_positives): 1879 , len(easy_negatives): 2270
len(hard_positives): 127 , len(hard_negatives): 181
CUM Mean pos prob: 0.700, Mean neg prob: 0.290
CUM Mean pos logit: 1.142, Mean neg logit: -2.332

Epoch 5, Batch 320 | Val Acc: 0.7857 | Val PosAcc: 0.8213 | Val NegAcc: 0.7504
len(easy_positives): 1995 , len(easy_negatives): 2425
len(hard_positives): 129 , len(hard_negatives): 189
CUM Mean pos prob: 0.700, Mean neg prob: 0.289
CUM Mean pos logit: 1.140, Mean neg logit: -2.322

Epoch 5, Batch 340 | Val Acc: 0.7875 | Val PosAcc: 0.8219 | Val NegAcc: 0.7530
len(easy_positives): 2126 , len(easy_negatives): 2570
len(hard_positives): 135 , len(hard_negatives): 199
CUM Mean pos prob: 0.700, Mean neg prob: 0.288
CUM Mean pos logit: 1.138, Mean neg logit: -2.326

Epoch 5, Batch 360 | Val Acc: 0.7891 | Val PosAcc: 0.8228 | Val NegAcc: 0.7553
len(easy_positives): 2266 , len(easy_negatives): 2740
len(hard_positives): 141 , len(hard_negatives): 213
CUM Mean pos prob: 0.701, Mean neg prob: 0.286
CUM Mean pos logit: 1.145, Mean neg logit: -2.337

Epoch 5, Batch 380 | Val Acc: 0.7875 | Val PosAcc: 0.8213 | Val NegAcc: 0.7540
len(easy_positives): 2373 , len(easy_negatives): 2907
len(hard_positives): 151 , len(hard_negatives): 223
CUM Mean pos prob: 0.701, Mean neg prob: 0.287
CUM Mean pos logit: 1.140, Mean neg logit: -2.337

Epoch 5, Batch 400 | Val Acc: 0.7870 | Val PosAcc: 0.8203 | Val NegAcc: 0.7540
len(easy_positives): 2495 , len(easy_negatives): 3061
len(hard_positives): 158 , len(hard_negatives): 238
CUM Mean pos prob: 0.700, Mean neg prob: 0.287
CUM Mean pos logit: 1.139, Mean neg logit: -2.340

Epoch 5, Batch 420 | Val Acc: 0.7870 | Val PosAcc: 0.8199 | Val NegAcc: 0.7542
len(easy_positives): 2627 , len(easy_negatives): 3207
len(hard_positives): 162 , len(hard_negatives): 246
CUM Mean pos prob: 0.700, Mean neg prob: 0.286
CUM Mean pos logit: 1.144, Mean neg logit: -2.343

Epoch 5, Batch 440 | Val Acc: 0.7874 | Val PosAcc: 0.8205 | Val NegAcc: 0.7547
len(easy_positives): 2755 , len(easy_negatives): 3366
len(hard_positives): 171 , len(hard_negatives): 255
CUM Mean pos prob: 0.701, Mean neg prob: 0.286
CUM Mean pos logit: 1.146, Mean neg logit: -2.351

Epoch 5, Batch 460 | Val Acc: 0.7882 | Val PosAcc: 0.8204 | Val NegAcc: 0.7563
len(easy_positives): 2882 , len(easy_negatives): 3516
len(hard_positives): 175 , len(hard_negatives): 261
CUM Mean pos prob: 0.701, Mean neg prob: 0.285
CUM Mean pos logit: 1.150, Mean neg logit: -2.357

Epoch 5, Batch 480 | Val Acc: 0.7874 | Val PosAcc: 0.8203 | Val NegAcc: 0.7548
len(easy_positives): 3018 , len(easy_negatives): 3665
len(hard_positives): 184 , len(hard_negatives): 280
CUM Mean pos prob: 0.702, Mean neg prob: 0.286
CUM Mean pos logit: 1.155, Mean neg logit: -2.340

Epoch 5, Batch 500 | Val Acc: 0.7876 | Val PosAcc: 0.8199 | Val NegAcc: 0.7557
len(easy_positives): 3124 , len(easy_negatives): 3833
len(hard_positives): 191 , len(hard_negatives): 290
CUM Mean pos prob: 0.701, Mean neg prob: 0.286
CUM Mean pos logit: 1.151, Mean neg logit: -2.341

Epoch 5, Batch 520 | Val Acc: 0.7867 | Val PosAcc: 0.8185 | Val NegAcc: 0.7553
len(easy_positives): 3230 , len(easy_negatives): 3982
len(hard_positives): 199 , len(hard_negatives): 304
CUM Mean pos prob: 0.700, Mean neg prob: 0.287
CUM Mean pos logit: 1.146, Mean neg logit: -2.333

Epoch 5, Batch 540 | Val Acc: 0.7867 | Val PosAcc: 0.8183 | Val NegAcc: 0.7556
len(easy_positives): 3349 , len(easy_negatives): 4140
len(hard_positives): 213 , len(hard_negatives): 317
CUM Mean pos prob: 0.700, Mean neg prob: 0.286
CUM Mean pos logit: 1.145, Mean neg logit: -2.339

Epoch 5, Batch 560 | Val Acc: 0.7867 | Val PosAcc: 0.8177 | Val NegAcc: 0.7562
len(easy_positives): 3445 , len(easy_negatives): 4312
len(hard_positives): 215 , len(hard_negatives): 328
CUM Mean pos prob: 0.700, Mean neg prob: 0.285
CUM Mean pos logit: 1.142, Mean neg logit: -2.345

Epoch 5, Batch 580 | Val Acc: 0.7865 | Val PosAcc: 0.8173 | Val NegAcc: 0.7561
len(easy_positives): 3563 , len(easy_negatives): 4462
len(hard_positives): 224 , len(hard_negatives): 343
CUM Mean pos prob: 0.699, Mean neg prob: 0.286
CUM Mean pos logit: 1.140, Mean neg logit: -2.348

Epoch 5, Batch 600 | Val Acc: 0.7867 | Val PosAcc: 0.8178 | Val NegAcc: 0.7559
len(easy_positives): 3681 , len(easy_negatives): 4626
len(hard_positives): 235 , len(hard_negatives): 352
CUM Mean pos prob: 0.699, Mean neg prob: 0.285
CUM Mean pos logit: 1.136, Mean neg logit: -2.359

Epoch 5, Batch 620 | Val Acc: 0.7864 | Val PosAcc: 0.8181 | Val NegAcc: 0.7552
len(easy_positives): 3811 , len(easy_negatives): 4778
len(hard_positives): 240 , len(hard_negatives): 367
CUM Mean pos prob: 0.699, Mean neg prob: 0.285
CUM Mean pos logit: 1.138, Mean neg logit: -2.358

Epoch 5, Batch 640 | Val Acc: 0.7865 | Val PosAcc: 0.8179 | Val NegAcc: 0.7555
len(easy_positives): 3938 , len(easy_negatives): 4939
len(hard_positives): 250 , len(hard_negatives): 382
CUM Mean pos prob: 0.699, Mean neg prob: 0.285
CUM Mean pos logit: 1.138, Mean neg logit: -2.356

Epoch 5, Batch 660 | Val Acc: 0.7863 | Val PosAcc: 0.8174 | Val NegAcc: 0.7555
len(easy_positives): 4070 , len(easy_negatives): 5091
len(hard_positives): 264 , len(hard_negatives): 397
CUM Mean pos prob: 0.699, Mean neg prob: 0.285
CUM Mean pos logit: 1.139, Mean neg logit: -2.352

Epoch 5, Batch 680 | Val Acc: 0.7863 | Val PosAcc: 0.8178 | Val NegAcc: 0.7551
len(easy_positives): 4197 , len(easy_negatives): 5231
len(hard_positives): 271 , len(hard_negatives): 411
CUM Mean pos prob: 0.699, Mean neg prob: 0.286
CUM Mean pos logit: 1.140, Mean neg logit: -2.353

Epoch 5, Batch 700 | Val Acc: 0.7870 | Val PosAcc: 0.8188 | Val NegAcc: 0.7554
len(easy_positives): 4318 , len(easy_negatives): 5376
len(hard_positives): 277 , len(hard_negatives): 422
CUM Mean pos prob: 0.700, Mean neg prob: 0.286
CUM Mean pos logit: 1.140, Mean neg logit: -2.347

Epoch 5, Batch 720 | Val Acc: 0.7862 | Val PosAcc: 0.8189 | Val NegAcc: 0.7538
len(easy_positives): 4435 , len(easy_negatives): 5511
len(hard_positives): 283 , len(hard_negatives): 436
CUM Mean pos prob: 0.700, Mean neg prob: 0.287
CUM Mean pos logit: 1.140, Mean neg logit: -2.339

Epoch 5, Batch 740 | Val Acc: 0.7860 | Val PosAcc: 0.8187 | Val NegAcc: 0.7535
len(easy_positives): 4557 , len(easy_negatives): 5656
len(hard_positives): 291 , len(hard_negatives): 446
CUM Mean pos prob: 0.700, Mean neg prob: 0.287
CUM Mean pos logit: 1.139, Mean neg logit: -2.330

Epoch 5, Batch 760 | Val Acc: 0.7854 | Val PosAcc: 0.8176 | Val NegAcc: 0.7535
len(easy_positives): 4675 , len(easy_negatives): 5805
len(hard_positives): 298 , len(hard_negatives): 454
CUM Mean pos prob: 0.699, Mean neg prob: 0.287
CUM Mean pos logit: 1.135, Mean neg logit: -2.328

Epoch 5, Batch 780 | Val Acc: 0.7852 | Val PosAcc: 0.8172 | Val NegAcc: 0.7534
len(easy_positives): 4815 , len(easy_negatives): 5950
len(hard_positives): 308 , len(hard_negatives): 462
CUM Mean pos prob: 0.699, Mean neg prob: 0.287
CUM Mean pos logit: 1.137, Mean neg logit: -2.323

Epoch 5, Batch 800 | Val Acc: 0.7853 | Val PosAcc: 0.8169 | Val NegAcc: 0.7537
len(easy_positives): 4941 , len(easy_negatives): 6103
len(hard_positives): 316 , len(hard_negatives): 473
CUM Mean pos prob: 0.699, Mean neg prob: 0.287
CUM Mean pos logit: 1.136, Mean neg logit: -2.322

Epoch 5, Batch 820 | Val Acc: 0.7856 | Val PosAcc: 0.8175 | Val NegAcc: 0.7537
len(easy_positives): 5050 , len(easy_negatives): 6235
len(hard_positives): 320 , len(hard_negatives): 488
CUM Mean pos prob: 0.699, Mean neg prob: 0.288
CUM Mean pos logit: 1.135, Mean neg logit: -2.317

Epoch 5, Batch 840 | Val Acc: 0.7851 | Val PosAcc: 0.8171 | Val NegAcc: 0.7533
len(easy_positives): 5161 , len(easy_negatives): 6405
len(hard_positives): 330 , len(hard_negatives): 501
CUM Mean pos prob: 0.699, Mean neg prob: 0.287
CUM Mean pos logit: 1.133, Mean neg logit: -2.317

Epoch 5, Batch 860 | Val Acc: 0.7850 | Val PosAcc: 0.8174 | Val NegAcc: 0.7526
len(easy_positives): 5299 , len(easy_negatives): 6543
len(hard_positives): 332 , len(hard_negatives): 517
CUM Mean pos prob: 0.699, Mean neg prob: 0.288
CUM Mean pos logit: 1.136, Mean neg logit: -2.317

Epoch 5, Batch 880 | Val Acc: 0.7848 | Val PosAcc: 0.8173 | Val NegAcc: 0.7522
len(easy_positives): 5418 , len(easy_negatives): 6683
len(hard_positives): 342 , len(hard_negatives): 532
CUM Mean pos prob: 0.699, Mean neg prob: 0.288
CUM Mean pos logit: 1.133, Mean neg logit: -2.313

Epoch 5, Batch 900 | Val Acc: 0.7846 | Val PosAcc: 0.8164 | Val NegAcc: 0.7527
len(easy_positives): 5536 , len(easy_negatives): 6831
len(hard_positives): 353 , len(hard_negatives): 543
CUM Mean pos prob: 0.698, Mean neg prob: 0.288
CUM Mean pos logit: 1.130, Mean neg logit: -2.317

Epoch 5, Batch 920 | Val Acc: 0.7843 | Val PosAcc: 0.8160 | Val NegAcc: 0.7527
len(easy_positives): 5659 , len(easy_negatives): 6978
len(hard_positives): 360 , len(hard_negatives): 557
CUM Mean pos prob: 0.698, Mean neg prob: 0.288
CUM Mean pos logit: 1.130, Mean neg logit: -2.311

Epoch 5, Batch 940 | Val Acc: 0.7846 | Val PosAcc: 0.8158 | Val NegAcc: 0.7535
len(easy_positives): 5768 , len(easy_negatives): 7155
len(hard_positives): 372 , len(hard_negatives): 569
CUM Mean pos prob: 0.698, Mean neg prob: 0.287
CUM Mean pos logit: 1.127, Mean neg logit: -2.321

Epoch 5, Batch 960 | Val Acc: 0.7847 | Val PosAcc: 0.8158 | Val NegAcc: 0.7538
len(easy_positives): 5893 , len(easy_negatives): 7332
len(hard_positives): 376 , len(hard_negatives): 581
CUM Mean pos prob: 0.698, Mean neg prob: 0.287
CUM Mean pos logit: 1.129, Mean neg logit: -2.321

Epoch 5, Batch 980 | Val Acc: 0.7849 | Val PosAcc: 0.8154 | Val NegAcc: 0.7546
len(easy_positives): 6021 , len(easy_negatives): 7494
len(hard_positives): 385 , len(hard_negatives): 589
CUM Mean pos prob: 0.698, Mean neg prob: 0.286
CUM Mean pos logit: 1.128, Mean neg logit: -2.334

Epoch 5, Batch 1000 | Val Acc: 0.7847 | Val PosAcc: 0.8154 | Val NegAcc: 0.7542
len(easy_positives): 6156 , len(easy_negatives): 7644
len(hard_positives): 390 , len(hard_negatives): 598
CUM Mean pos prob: 0.698, Mean neg prob: 0.286
CUM Mean pos logit: 1.128, Mean neg logit: -2.331

Epoch 5, Batch 1020 | Val Acc: 0.7854 | Val PosAcc: 0.8160 | Val NegAcc: 0.7549
len(easy_positives): 6287 , len(easy_negatives): 7795
len(hard_positives): 393 , len(hard_negatives): 608
CUM Mean pos prob: 0.698, Mean neg prob: 0.286
CUM Mean pos logit: 1.131, Mean neg logit: -2.331

Epoch 5, Batch 1040 | Val Acc: 0.7856 | Val PosAcc: 0.8159 | Val NegAcc: 0.7553
len(easy_positives): 6414 , len(easy_negatives): 7946
len(hard_positives): 402 , len(hard_negatives): 621
CUM Mean pos prob: 0.698, Mean neg prob: 0.286
CUM Mean pos logit: 1.131, Mean neg logit: -2.336

Epoch 5, Batch 1060 | Val Acc: 0.7851 | Val PosAcc: 0.8148 | Val NegAcc: 0.7553
len(easy_positives): 6543 , len(easy_negatives): 8091
len(hard_positives): 413 , len(hard_negatives): 630
CUM Mean pos prob: 0.698, Mean neg prob: 0.286
CUM Mean pos logit: 1.129, Mean neg logit: -2.336

Epoch 5, Batch 1080 | Val Acc: 0.7848 | Val PosAcc: 0.8147 | Val NegAcc: 0.7549
len(easy_positives): 6668 , len(easy_negatives): 8241
len(hard_positives): 420 , len(hard_negatives): 644
CUM Mean pos prob: 0.698, Mean neg prob: 0.286
CUM Mean pos logit: 1.130, Mean neg logit: -2.335

Epoch 5, Batch 1100 | Val Acc: 0.7846 | Val PosAcc: 0.8144 | Val NegAcc: 0.7549
len(easy_positives): 6784 , len(easy_negatives): 8409
len(hard_positives): 430 , len(hard_negatives): 657
CUM Mean pos prob: 0.698, Mean neg prob: 0.286
CUM Mean pos logit: 1.129, Mean neg logit: -2.338

Epoch 5, Batch 1120 | Val Acc: 0.7844 | Val PosAcc: 0.8140 | Val NegAcc: 0.7548
len(easy_positives): 6918 , len(easy_negatives): 8562
len(hard_positives): 444 , len(hard_negatives): 671
CUM Mean pos prob: 0.698, Mean neg prob: 0.286
CUM Mean pos logit: 1.129, Mean neg logit: -2.333

Epoch 5, Batch 1140 | Val Acc: 0.7846 | Val PosAcc: 0.8139 | Val NegAcc: 0.7554
len(easy_positives): 7046 , len(easy_negatives): 8717
len(hard_positives): 451 , len(hard_negatives): 684
CUM Mean pos prob: 0.698, Mean neg prob: 0.286
CUM Mean pos logit: 1.127, Mean neg logit: -2.334

Epoch 5, Batch 1160 | Val Acc: 0.7847 | Val PosAcc: 0.8139 | Val NegAcc: 0.7554
len(easy_positives): 7178 , len(easy_negatives): 8865
len(hard_positives): 457 , len(hard_negatives): 696
CUM Mean pos prob: 0.698, Mean neg prob: 0.286
CUM Mean pos logit: 1.128, Mean neg logit: -2.335

Epoch 5, Batch 1180 | Val Acc: 0.7848 | Val PosAcc: 0.8140 | Val NegAcc: 0.7557
len(easy_positives): 7299 , len(easy_negatives): 9026
len(hard_positives): 468 , len(hard_negatives): 707
CUM Mean pos prob: 0.698, Mean neg prob: 0.286
CUM Mean pos logit: 1.128, Mean neg logit: -2.347

Epoch 5, Batch 1200 | Val Acc: 0.7846 | Val PosAcc: 0.8138 | Val NegAcc: 0.7555
len(easy_positives): 7415 , len(easy_negatives): 9166
len(hard_positives): 472 , len(hard_negatives): 718
CUM Mean pos prob: 0.698, Mean neg prob: 0.286
CUM Mean pos logit: 1.126, Mean neg logit: -2.347

Epoch 5, Batch 1220 | Val Acc: 0.7845 | Val PosAcc: 0.8135 | Val NegAcc: 0.7555
len(easy_positives): 7534 , len(easy_negatives): 9320
len(hard_positives): 484 , len(hard_negatives): 726
CUM Mean pos prob: 0.697, Mean neg prob: 0.286
CUM Mean pos logit: 1.125, Mean neg logit: -2.347

	val_accuracy: 0.7844224924012158
	pos val_accuracy: 0.8134751773049645
	neg val_accuracy: 0.7553698074974671
../Sim5/model5_FE2dis_inrWaterPHD2_5.pt
Epoch 6, Batch 20 | Acc: 0.8021 | PosAcc: 0.8254 | NegAcc: 0.7763
len(easy_positives): 118 , len(easy_negatives): 115
len(hard_positives): 5 , len(hard_negatives): 10

CUM Mean pos prob: 0.726, Mean neg prob: 0.272
CUM Mean pos logit: 1.350, Mean neg logit: -2.472

Epoch 6, Batch 40 | Acc: 0.7719 | PosAcc: 0.7898 | NegAcc: 0.7532
len(easy_positives): 212 , len(easy_negatives): 224
len(hard_positives): 14 , len(hard_negatives): 19

CUM Mean pos prob: 0.703, Mean neg prob: 0.287
CUM Mean pos logit: 1.203, Mean neg logit: -2.405

Epoch 6, Batch 60 | Acc: 0.7847 | PosAcc: 0.8094 | NegAcc: 0.7598
len(easy_positives): 304 , len(easy_negatives): 333
len(hard_positives): 19 , len(hard_negatives): 29

CUM Mean pos prob: 0.706, Mean neg prob: 0.289
CUM Mean pos logit: 1.203, Mean neg logit: -2.367

Epoch 6, Batch 80 | Acc: 0.7927 | PosAcc: 0.8257 | NegAcc: 0.7578
len(easy_positives): 438 , len(easy_negatives): 447
len(hard_positives): 24 , len(hard_negatives): 43

CUM Mean pos prob: 0.720, Mean neg prob: 0.285
CUM Mean pos logit: 1.316, Mean neg logit: -2.458

Epoch 6, Batch 100 | Acc: 0.8000 | PosAcc: 0.8411 | NegAcc: 0.7560
len(easy_positives): 590 , len(easy_negatives): 575
len(hard_positives): 29 , len(hard_negatives): 63

CUM Mean pos prob: 0.734, Mean neg prob: 0.283
CUM Mean pos logit: 1.446, Mean neg logit: -2.595

Epoch 6, Batch 120 | Acc: 0.7924 | PosAcc: 0.8321 | NegAcc: 0.7516
len(easy_positives): 670 , len(easy_negatives): 688
len(hard_positives): 39 , len(hard_negatives): 70

CUM Mean pos prob: 0.725, Mean neg prob: 0.287
CUM Mean pos logit: 1.376, Mean neg logit: -2.536

Epoch 6, Batch 140 | Acc: 0.7917 | PosAcc: 0.8305 | NegAcc: 0.7511
len(easy_positives): 784 , len(easy_negatives): 783
len(hard_positives): 44 , len(hard_negatives): 80

CUM Mean pos prob: 0.724, Mean neg prob: 0.290
CUM Mean pos logit: 1.370, Mean neg logit: -2.427

Epoch 6, Batch 160 | Acc: 0.7896 | PosAcc: 0.8304 | NegAcc: 0.7476
len(easy_positives): 898 , len(easy_negatives): 914
len(hard_positives): 58 , len(hard_negatives): 91

CUM Mean pos prob: 0.725, Mean neg prob: 0.288
CUM Mean pos logit: 1.373, Mean neg logit: -2.522

Epoch 6, Batch 180 | Acc: 0.7856 | PosAcc: 0.8225 | NegAcc: 0.7481
len(easy_positives): 977 , len(easy_negatives): 1028
len(hard_positives): 65 , len(hard_negatives): 95

CUM Mean pos prob: 0.719, Mean neg prob: 0.288
CUM Mean pos logit: 1.332, Mean neg logit: -2.494

Epoch 6, Batch 200 | Acc: 0.7875 | PosAcc: 0.8236 | NegAcc: 0.7507
len(easy_positives): 1080 , len(easy_negatives): 1124
len(hard_positives): 67 , len(hard_negatives): 100

CUM Mean pos prob: 0.718, Mean neg prob: 0.289
CUM Mean pos logit: 1.323, Mean neg logit: -2.450

Epoch 6, Batch 220 | Acc: 0.7898 | PosAcc: 0.8248 | NegAcc: 0.7541
len(easy_positives): 1193 , len(easy_negatives): 1248
len(hard_positives): 74 , len(hard_negatives): 113

CUM Mean pos prob: 0.720, Mean neg prob: 0.288
CUM Mean pos logit: 1.340, Mean neg logit: -2.458

Epoch 6, Batch 240 | Acc: 0.7906 | PosAcc: 0.8266 | NegAcc: 0.7535
len(easy_positives): 1313 , len(easy_negatives): 1350
len(hard_positives): 85 , len(hard_negatives): 124

CUM Mean pos prob: 0.720, Mean neg prob: 0.288
CUM Mean pos logit: 1.337, Mean neg logit: -2.437

Epoch 6, Batch 260 | Acc: 0.7913 | PosAcc: 0.8283 | NegAcc: 0.7538
len(easy_positives): 1406 , len(easy_negatives): 1463
len(hard_positives): 91 , len(hard_negatives): 137

CUM Mean pos prob: 0.719, Mean neg prob: 0.289
CUM Mean pos logit: 1.329, Mean neg logit: -2.428

Epoch 6, Batch 280 | Acc: 0.7908 | PosAcc: 0.8268 | NegAcc: 0.7546
len(easy_positives): 1485 , len(easy_negatives): 1587
len(hard_positives): 101 , len(hard_negatives): 145

CUM Mean pos prob: 0.716, Mean neg prob: 0.288
CUM Mean pos logit: 1.305, Mean neg logit: -2.430

Epoch 6, Batch 300 | Acc: 0.7911 | PosAcc: 0.8276 | NegAcc: 0.7544
len(easy_positives): 1571 , len(easy_negatives): 1705
len(hard_positives): 106 , len(hard_negatives): 157

CUM Mean pos prob: 0.715, Mean neg prob: 0.288
CUM Mean pos logit: 1.289, Mean neg logit: -2.446

Epoch 6, Batch 320 | Acc: 0.7893 | PosAcc: 0.8268 | NegAcc: 0.7518
len(easy_positives): 1654 , len(easy_negatives): 1829
len(hard_positives): 115 , len(hard_negatives): 170

CUM Mean pos prob: 0.713, Mean neg prob: 0.288
CUM Mean pos logit: 1.272, Mean neg logit: -2.436

Epoch 6, Batch 340 | Acc: 0.7901 | PosAcc: 0.8281 | NegAcc: 0.7520
len(easy_positives): 1758 , len(easy_negatives): 1949
len(hard_positives): 120 , len(hard_negatives): 185

CUM Mean pos prob: 0.714, Mean neg prob: 0.288
CUM Mean pos logit: 1.278, Mean neg logit: -2.456

Epoch 6, Batch 360 | Acc: 0.7914 | PosAcc: 0.8277 | NegAcc: 0.7553
len(easy_positives): 1845 , len(easy_negatives): 2084
len(hard_positives): 128 , len(hard_negatives): 194

CUM Mean pos prob: 0.713, Mean neg prob: 0.285
CUM Mean pos logit: 1.271, Mean neg logit: -2.505

Epoch 6, Batch 380 | Acc: 0.7905 | PosAcc: 0.8286 | NegAcc: 0.7527
len(easy_positives): 1955 , len(easy_negatives): 2213
len(hard_positives): 133 , len(hard_negatives): 207

CUM Mean pos prob: 0.714, Mean neg prob: 0.286
CUM Mean pos logit: 1.281, Mean neg logit: -2.508

Epoch 6, Batch 400 | Acc: 0.7913 | PosAcc: 0.8277 | NegAcc: 0.7552
len(easy_positives): 2053 , len(easy_negatives): 2342
len(hard_positives): 139 , len(hard_negatives): 220

CUM Mean pos prob: 0.713, Mean neg prob: 0.285
CUM Mean pos logit: 1.275, Mean neg logit: -2.509

Epoch 6, Batch 420 | Acc: 0.7908 | PosAcc: 0.8286 | NegAcc: 0.7534
len(easy_positives): 2180 , len(easy_negatives): 2453
len(hard_positives): 142 , len(hard_negatives): 233

CUM Mean pos prob: 0.715, Mean neg prob: 0.286
CUM Mean pos logit: 1.284, Mean neg logit: -2.520

Epoch 6, Batch 440 | Acc: 0.7902 | PosAcc: 0.8267 | NegAcc: 0.7542
len(easy_positives): 2281 , len(easy_negatives): 2577
len(hard_positives): 154 , len(hard_negatives): 243

CUM Mean pos prob: 0.714, Mean neg prob: 0.285
CUM Mean pos logit: 1.280, Mean neg logit: -2.551

Epoch 6, Batch 460 | Acc: 0.7892 | PosAcc: 0.8266 | NegAcc: 0.7521
len(easy_positives): 2412 , len(easy_negatives): 2673
len(hard_positives): 158 , len(hard_negatives): 252

CUM Mean pos prob: 0.715, Mean neg prob: 0.287
CUM Mean pos logit: 1.289, Mean neg logit: -2.524

Epoch 6, Batch 480 | Acc: 0.7880 | PosAcc: 0.8246 | NegAcc: 0.7518
len(easy_positives): 2491 , len(easy_negatives): 2789
len(hard_positives): 171 , len(hard_negatives): 261

CUM Mean pos prob: 0.713, Mean neg prob: 0.287
CUM Mean pos logit: 1.273, Mean neg logit: -2.523

Epoch 6, Batch 500 | Acc: 0.7875 | PosAcc: 0.8261 | NegAcc: 0.7488
len(easy_positives): 2615 , len(easy_negatives): 2874
len(hard_positives): 173 , len(hard_negatives): 283

CUM Mean pos prob: 0.714, Mean neg prob: 0.289
CUM Mean pos logit: 1.277, Mean neg logit: -2.500

Epoch 6, Batch 520 | Acc: 0.7883 | PosAcc: 0.8276 | NegAcc: 0.7489
len(easy_positives): 2729 , len(easy_negatives): 2980
len(hard_positives): 177 , len(hard_negatives): 292

CUM Mean pos prob: 0.714, Mean neg prob: 0.289
CUM Mean pos logit: 1.275, Mean neg logit: -2.488

Epoch 6, Batch 540 | Acc: 0.7879 | PosAcc: 0.8268 | NegAcc: 0.7489
len(easy_positives): 2824 , len(easy_negatives): 3106
len(hard_positives): 188 , len(hard_negatives): 303

CUM Mean pos prob: 0.714, Mean neg prob: 0.289
CUM Mean pos logit: 1.276, Mean neg logit: -2.513

Epoch 6, Batch 560 | Acc: 0.7872 | PosAcc: 0.8258 | NegAcc: 0.7486
len(easy_positives): 2913 , len(easy_negatives): 3222
len(hard_positives): 198 , len(hard_negatives): 322

CUM Mean pos prob: 0.713, Mean neg prob: 0.289
CUM Mean pos logit: 1.269, Mean neg logit: -2.520

Epoch 6, Batch 580 | Acc: 0.7874 | PosAcc: 0.8265 | NegAcc: 0.7484
len(easy_positives): 2990 , len(easy_negatives): 3345
len(hard_positives): 204 , len(hard_negatives): 330

CUM Mean pos prob: 0.712, Mean neg prob: 0.289
CUM Mean pos logit: 1.261, Mean neg logit: -2.508

Epoch 6, Batch 600 | Acc: 0.7865 | PosAcc: 0.8258 | NegAcc: 0.7475
len(easy_positives): 3089 , len(easy_negatives): 3468
len(hard_positives): 214 , len(hard_negatives): 347

CUM Mean pos prob: 0.712, Mean neg prob: 0.289
CUM Mean pos logit: 1.260, Mean neg logit: -2.512

Epoch 6, Batch 620 | Acc: 0.7866 | PosAcc: 0.8258 | NegAcc: 0.7478
len(easy_positives): 3166 , len(easy_negatives): 3567
len(hard_positives): 218 , len(hard_negatives): 356

CUM Mean pos prob: 0.711, Mean neg prob: 0.290
CUM Mean pos logit: 1.254, Mean neg logit: -2.492

Epoch 6, Batch 640 | Acc: 0.7867 | PosAcc: 0.8259 | NegAcc: 0.7478
len(easy_positives): 3253 , len(easy_negatives): 3680
len(hard_positives): 229 , len(hard_negatives): 366

CUM Mean pos prob: 0.711, Mean neg prob: 0.289
CUM Mean pos logit: 1.248, Mean neg logit: -2.496

Epoch 6, Batch 660 | Acc: 0.7871 | PosAcc: 0.8253 | NegAcc: 0.7492
len(easy_positives): 3357 , len(easy_negatives): 3802
len(hard_positives): 243 , len(hard_negatives): 374

CUM Mean pos prob: 0.711, Mean neg prob: 0.289
CUM Mean pos logit: 1.249, Mean neg logit: -2.510

Epoch 6, Batch 680 | Acc: 0.7862 | PosAcc: 0.8241 | NegAcc: 0.7490
len(easy_positives): 3442 , len(easy_negatives): 3941
len(hard_positives): 250 , len(hard_negatives): 381

CUM Mean pos prob: 0.710, Mean neg prob: 0.288
CUM Mean pos logit: 1.248, Mean neg logit: -2.509

Epoch 6, Batch 700 | Acc: 0.7856 | PosAcc: 0.8229 | NegAcc: 0.7489
len(easy_positives): 3550 , len(easy_negatives): 4053
len(hard_positives): 258 , len(hard_negatives): 393

CUM Mean pos prob: 0.710, Mean neg prob: 0.288
CUM Mean pos logit: 1.247, Mean neg logit: -2.508

Epoch 6, Batch 720 | Acc: 0.7851 | PosAcc: 0.8214 | NegAcc: 0.7493
len(easy_positives): 3636 , len(easy_negatives): 4167
len(hard_positives): 260 , len(hard_negatives): 402

CUM Mean pos prob: 0.709, Mean neg prob: 0.288
CUM Mean pos logit: 1.242, Mean neg logit: -2.507

Epoch 6, Batch 740 | Acc: 0.7854 | PosAcc: 0.8217 | NegAcc: 0.7497
len(easy_positives): 3745 , len(easy_negatives): 4279
len(hard_positives): 268 , len(hard_negatives): 411

CUM Mean pos prob: 0.709, Mean neg prob: 0.288
CUM Mean pos logit: 1.244, Mean neg logit: -2.509

Epoch 6, Batch 760 | Acc: 0.7856 | PosAcc: 0.8233 | NegAcc: 0.7483
len(easy_positives): 3873 , len(easy_negatives): 4383
len(hard_positives): 273 , len(hard_negatives): 423

CUM Mean pos prob: 0.710, Mean neg prob: 0.289
CUM Mean pos logit: 1.252, Mean neg logit: -2.511

Epoch 6, Batch 780 | Acc: 0.7853 | PosAcc: 0.8228 | NegAcc: 0.7482
len(easy_positives): 3964 , len(easy_negatives): 4498
len(hard_positives): 281 , len(hard_negatives): 437

CUM Mean pos prob: 0.710, Mean neg prob: 0.289
CUM Mean pos logit: 1.248, Mean neg logit: -2.511

Epoch 6, Batch 800 | Acc: 0.7847 | PosAcc: 0.8223 | NegAcc: 0.7477
len(easy_positives): 4055 , len(easy_negatives): 4601
len(hard_positives): 288 , len(hard_negatives): 445

CUM Mean pos prob: 0.710, Mean neg prob: 0.289
CUM Mean pos logit: 1.243, Mean neg logit: -2.502

Epoch 6, Batch 820 | Acc: 0.7851 | PosAcc: 0.8221 | NegAcc: 0.7486
len(easy_positives): 4144 , len(easy_negatives): 4738
len(hard_positives): 295 , len(hard_negatives): 451

CUM Mean pos prob: 0.709, Mean neg prob: 0.288
CUM Mean pos logit: 1.241, Mean neg logit: -2.509

Epoch 6, Batch 840 | Acc: 0.7851 | PosAcc: 0.8227 | NegAcc: 0.7482
len(easy_positives): 4249 , len(easy_negatives): 4860
len(hard_positives): 304 , len(hard_negatives): 458

CUM Mean pos prob: 0.710, Mean neg prob: 0.288
CUM Mean pos logit: 1.242, Mean neg logit: -2.509

Epoch 6, Batch 860 | Acc: 0.7849 | PosAcc: 0.8226 | NegAcc: 0.7479
len(easy_positives): 4348 , len(easy_negatives): 4954
len(hard_positives): 309 , len(hard_negatives): 464

CUM Mean pos prob: 0.709, Mean neg prob: 0.289
CUM Mean pos logit: 1.241, Mean neg logit: -2.497

Epoch 6, Batch 880 | Acc: 0.7853 | PosAcc: 0.8225 | NegAcc: 0.7488
len(easy_positives): 4450 , len(easy_negatives): 5082
len(hard_positives): 320 , len(hard_negatives): 471

CUM Mean pos prob: 0.709, Mean neg prob: 0.288
CUM Mean pos logit: 1.241, Mean neg logit: -2.508

Epoch 6, Batch 900 | Acc: 0.7848 | PosAcc: 0.8224 | NegAcc: 0.7479
len(easy_positives): 4558 , len(easy_negatives): 5181
len(hard_positives): 326 , len(hard_negatives): 487

CUM Mean pos prob: 0.709, Mean neg prob: 0.289
CUM Mean pos logit: 1.240, Mean neg logit: -2.498

Epoch 6, Batch 920 | Acc: 0.7846 | PosAcc: 0.8222 | NegAcc: 0.7475
len(easy_positives): 4661 , len(easy_negatives): 5301
len(hard_positives): 334 , len(hard_negatives): 500

CUM Mean pos prob: 0.709, Mean neg prob: 0.289
CUM Mean pos logit: 1.240, Mean neg logit: -2.505

Epoch 6, Batch 940 | Acc: 0.7845 | PosAcc: 0.8229 | NegAcc: 0.7466
len(easy_positives): 4755 , len(easy_negatives): 5396
len(hard_positives): 340 , len(hard_negatives): 514

CUM Mean pos prob: 0.709, Mean neg prob: 0.290
CUM Mean pos logit: 1.240, Mean neg logit: -2.492

Epoch 6, Batch 960 | Acc: 0.7839 | PosAcc: 0.8230 | NegAcc: 0.7455
len(easy_positives): 4841 , len(easy_negatives): 5505
len(hard_positives): 342 , len(hard_negatives): 531

CUM Mean pos prob: 0.709, Mean neg prob: 0.290
CUM Mean pos logit: 1.238, Mean neg logit: -2.482

Epoch 6, Batch 980 | Acc: 0.7841 | PosAcc: 0.8222 | NegAcc: 0.7464
len(easy_positives): 4933 , len(easy_negatives): 5615
len(hard_positives): 347 , len(hard_negatives): 538

CUM Mean pos prob: 0.709, Mean neg prob: 0.290
CUM Mean pos logit: 1.234, Mean neg logit: -2.485

Epoch 6, Batch 1000 | Acc: 0.7842 | PosAcc: 0.8232 | NegAcc: 0.7454
len(easy_positives): 5085 , len(easy_negatives): 5709
len(hard_positives): 352 , len(hard_negatives): 563

CUM Mean pos prob: 0.710, Mean neg prob: 0.291
CUM Mean pos logit: 1.246, Mean neg logit: -2.482

Epoch 6, Batch 1020 | Acc: 0.7842 | PosAcc: 0.8235 | NegAcc: 0.7450
len(easy_positives): 5202 , len(easy_negatives): 5807
len(hard_positives): 359 , len(hard_negatives): 571

CUM Mean pos prob: 0.710, Mean neg prob: 0.291
CUM Mean pos logit: 1.247, Mean neg logit: -2.481

Epoch 6, Batch 1040 | Acc: 0.7845 | PosAcc: 0.8236 | NegAcc: 0.7458
len(easy_positives): 5295 , len(easy_negatives): 5935
len(hard_positives): 362 , len(hard_negatives): 586

CUM Mean pos prob: 0.710, Mean neg prob: 0.291
CUM Mean pos logit: 1.245, Mean neg logit: -2.487

Epoch 6, Batch 1060 | Acc: 0.7845 | PosAcc: 0.8237 | NegAcc: 0.7456
len(easy_positives): 5386 , len(easy_negatives): 6072
len(hard_positives): 368 , len(hard_negatives): 597

CUM Mean pos prob: 0.710, Mean neg prob: 0.290
CUM Mean pos logit: 1.245, Mean neg logit: -2.490

Epoch 6, Batch 1080 | Acc: 0.7850 | PosAcc: 0.8246 | NegAcc: 0.7458
len(easy_positives): 5508 , len(easy_negatives): 6186
len(hard_positives): 372 , len(hard_negatives): 610

CUM Mean pos prob: 0.711, Mean neg prob: 0.290
CUM Mean pos logit: 1.249, Mean neg logit: -2.490

Epoch 6, Batch 1100 | Acc: 0.7847 | PosAcc: 0.8242 | NegAcc: 0.7455
len(easy_positives): 5622 , len(easy_negatives): 6310
len(hard_positives): 383 , len(hard_negatives): 621

CUM Mean pos prob: 0.711, Mean neg prob: 0.290
CUM Mean pos logit: 1.251, Mean neg logit: -2.494

Epoch 6, Batch 1120 | Acc: 0.7840 | PosAcc: 0.8237 | NegAcc: 0.7447
len(easy_positives): 5697 , len(easy_negatives): 6428
len(hard_positives): 390 , len(hard_negatives): 633

CUM Mean pos prob: 0.710, Mean neg prob: 0.291
CUM Mean pos logit: 1.245, Mean neg logit: -2.491

Epoch 6, Batch 1140 | Acc: 0.7840 | PosAcc: 0.8229 | NegAcc: 0.7456
len(easy_positives): 5760 , len(easy_negatives): 6548
len(hard_positives): 399 , len(hard_negatives): 640

CUM Mean pos prob: 0.709, Mean neg prob: 0.290
CUM Mean pos logit: 1.239, Mean neg logit: -2.486

Epoch 6, Batch 1160 | Acc: 0.7842 | PosAcc: 0.8238 | NegAcc: 0.7450
len(easy_positives): 5879 , len(easy_negatives): 6662
len(hard_positives): 401 , len(hard_negatives): 653

CUM Mean pos prob: 0.710, Mean neg prob: 0.290
CUM Mean pos logit: 1.243, Mean neg logit: -2.491

Epoch 6, Batch 1180 | Acc: 0.7844 | PosAcc: 0.8242 | NegAcc: 0.7449
len(easy_positives): 6017 , len(easy_negatives): 6773
len(hard_positives): 408 , len(hard_negatives): 667

CUM Mean pos prob: 0.711, Mean neg prob: 0.290
CUM Mean pos logit: 1.249, Mean neg logit: -2.493

Epoch 6, Batch 1200 | Acc: 0.7846 | PosAcc: 0.8244 | NegAcc: 0.7450
len(easy_positives): 6119 , len(easy_negatives): 6892
len(hard_positives): 418 , len(hard_negatives): 683

CUM Mean pos prob: 0.711, Mean neg prob: 0.290
CUM Mean pos logit: 1.251, Mean neg logit: -2.505

Epoch 6, Batch 1220 | Acc: 0.7848 | PosAcc: 0.8239 | NegAcc: 0.7460
len(easy_positives): 6207 , len(easy_negatives): 7022
len(hard_positives): 424 , len(hard_negatives): 689

CUM Mean pos prob: 0.711, Mean neg prob: 0.290
CUM Mean pos logit: 1.249, Mean neg logit: -2.509

Epoch 6, Batch 1240 | Acc: 0.7849 | PosAcc: 0.8240 | NegAcc: 0.7462
len(easy_positives): 6317 , len(easy_negatives): 7158
len(hard_positives): 435 , len(hard_negatives): 700

CUM Mean pos prob: 0.711, Mean neg prob: 0.289
CUM Mean pos logit: 1.252, Mean neg logit: -2.528

Epoch 6, Batch 1260 | Acc: 0.7852 | PosAcc: 0.8240 | NegAcc: 0.7467
len(easy_positives): 6419 , len(easy_negatives): 7278
len(hard_positives): 443 , len(hard_negatives): 705

CUM Mean pos prob: 0.711, Mean neg prob: 0.289
CUM Mean pos logit: 1.253, Mean neg logit: -2.530

Epoch 6, Batch 1280 | Acc: 0.7848 | PosAcc: 0.8230 | NegAcc: 0.7471
len(easy_positives): 6503 , len(easy_negatives): 7414
len(hard_positives): 450 , len(hard_negatives): 715

CUM Mean pos prob: 0.711, Mean neg prob: 0.289
CUM Mean pos logit: 1.249, Mean neg logit: -2.541

Epoch 6, Batch 1300 | Acc: 0.7846 | PosAcc: 0.8232 | NegAcc: 0.7464
len(easy_positives): 6629 , len(easy_negatives): 7511
len(hard_positives): 454 , len(hard_negatives): 732

CUM Mean pos prob: 0.711, Mean neg prob: 0.289
CUM Mean pos logit: 1.252, Mean neg logit: -2.532

Epoch 6, Batch 1320 | Acc: 0.7848 | PosAcc: 0.8236 | NegAcc: 0.7463
len(easy_positives): 6741 , len(easy_negatives): 7619
len(hard_positives): 457 , len(hard_negatives): 743

CUM Mean pos prob: 0.711, Mean neg prob: 0.289
CUM Mean pos logit: 1.253, Mean neg logit: -2.535

Epoch 6, Batch 1340 | Acc: 0.7848 | PosAcc: 0.8239 | NegAcc: 0.7460
len(easy_positives): 6866 , len(easy_negatives): 7724
len(hard_positives): 464 , len(hard_negatives): 751

CUM Mean pos prob: 0.711, Mean neg prob: 0.289
CUM Mean pos logit: 1.255, Mean neg logit: -2.535

Epoch 6, Batch 1360 | Acc: 0.7847 | PosAcc: 0.8249 | NegAcc: 0.7449
len(easy_positives): 6992 , len(easy_negatives): 7827
len(hard_positives): 469 , len(hard_negatives): 763

CUM Mean pos prob: 0.712, Mean neg prob: 0.290
CUM Mean pos logit: 1.258, Mean neg logit: -2.528

Epoch 6, Batch 1380 | Acc: 0.7848 | PosAcc: 0.8249 | NegAcc: 0.7452
len(easy_positives): 7077 , len(easy_negatives): 7946
len(hard_positives): 474 , len(hard_negatives): 773

CUM Mean pos prob: 0.712, Mean neg prob: 0.290
CUM Mean pos logit: 1.257, Mean neg logit: -2.528

Epoch 6, Batch 1400 | Acc: 0.7850 | PosAcc: 0.8246 | NegAcc: 0.7457
len(easy_positives): 7166 , len(easy_negatives): 8076
len(hard_positives): 482 , len(hard_negatives): 783

CUM Mean pos prob: 0.711, Mean neg prob: 0.289
CUM Mean pos logit: 1.254, Mean neg logit: -2.529

Epoch 6, Batch 1420 | Acc: 0.7857 | PosAcc: 0.8254 | NegAcc: 0.7464
len(easy_positives): 7286 , len(easy_negatives): 8187
len(hard_positives): 488 , len(hard_negatives): 790

CUM Mean pos prob: 0.712, Mean neg prob: 0.289
CUM Mean pos logit: 1.257, Mean neg logit: -2.525

Epoch 6, Batch 1440 | Acc: 0.7865 | PosAcc: 0.8257 | NegAcc: 0.7476
len(easy_positives): 7413 , len(easy_negatives): 8334
len(hard_positives): 496 , len(hard_negatives): 802

CUM Mean pos prob: 0.712, Mean neg prob: 0.288
CUM Mean pos logit: 1.262, Mean neg logit: -2.549

Epoch 6, Batch 1460 | Acc: 0.7858 | PosAcc: 0.8250 | NegAcc: 0.7471
len(easy_positives): 7504 , len(easy_negatives): 8447
len(hard_positives): 503 , len(hard_negatives): 817

CUM Mean pos prob: 0.712, Mean neg prob: 0.289
CUM Mean pos logit: 1.261, Mean neg logit: -2.545

Epoch 6, Batch 1480 | Acc: 0.7860 | PosAcc: 0.8248 | NegAcc: 0.7474
len(easy_positives): 7579 , len(easy_negatives): 8552
len(hard_positives): 507 , len(hard_negatives): 820

CUM Mean pos prob: 0.711, Mean neg prob: 0.289
CUM Mean pos logit: 1.258, Mean neg logit: -2.540

Epoch 6, Batch 1500 | Acc: 0.7862 | PosAcc: 0.8252 | NegAcc: 0.7475
len(easy_positives): 7692 , len(easy_negatives): 8671
len(hard_positives): 511 , len(hard_negatives): 830

CUM Mean pos prob: 0.712, Mean neg prob: 0.289
CUM Mean pos logit: 1.262, Mean neg logit: -2.542

Epoch 6, Batch 1520 | Acc: 0.7864 | PosAcc: 0.8259 | NegAcc: 0.7472
len(easy_positives): 7834 , len(easy_negatives): 8778
len(hard_positives): 518 , len(hard_negatives): 843

CUM Mean pos prob: 0.712, Mean neg prob: 0.289
CUM Mean pos logit: 1.267, Mean neg logit: -2.545

Epoch 6, Batch 1540 | Acc: 0.7868 | PosAcc: 0.8261 | NegAcc: 0.7476
len(easy_positives): 7952 , len(easy_negatives): 8902
len(hard_positives): 521 , len(hard_negatives): 858

CUM Mean pos prob: 0.713, Mean neg prob: 0.288
CUM Mean pos logit: 1.269, Mean neg logit: -2.549

Epoch 6, Batch 1560 | Acc: 0.7866 | PosAcc: 0.8259 | NegAcc: 0.7473
len(easy_positives): 8071 , len(easy_negatives): 9011
len(hard_positives): 530 , len(hard_negatives): 874

CUM Mean pos prob: 0.713, Mean neg prob: 0.289
CUM Mean pos logit: 1.269, Mean neg logit: -2.557

Epoch 6, Batch 1580 | Acc: 0.7868 | PosAcc: 0.8268 | NegAcc: 0.7469
len(easy_positives): 8191 , len(easy_negatives): 9098
len(hard_positives): 533 , len(hard_negatives): 883

CUM Mean pos prob: 0.713, Mean neg prob: 0.289
CUM Mean pos logit: 1.271, Mean neg logit: -2.553

Epoch 6, Batch 1600 | Acc: 0.7867 | PosAcc: 0.8271 | NegAcc: 0.7464
len(easy_positives): 8324 , len(easy_negatives): 9200
len(hard_positives): 540 , len(hard_negatives): 895

CUM Mean pos prob: 0.713, Mean neg prob: 0.289
CUM Mean pos logit: 1.274, Mean neg logit: -2.549

Epoch 6, Batch 1620 | Acc: 0.7867 | PosAcc: 0.8264 | NegAcc: 0.7471
len(easy_positives): 8392 , len(easy_negatives): 9334
len(hard_positives): 549 , len(hard_negatives): 904

CUM Mean pos prob: 0.713, Mean neg prob: 0.289
CUM Mean pos logit: 1.270, Mean neg logit: -2.549

Epoch 6, Batch 1640 | Acc: 0.7870 | PosAcc: 0.8271 | NegAcc: 0.7469
len(easy_positives): 8508 , len(easy_negatives): 9455
len(hard_positives): 552 , len(hard_negatives): 923

CUM Mean pos prob: 0.713, Mean neg prob: 0.289
CUM Mean pos logit: 1.275, Mean neg logit: -2.549

Epoch 6, Batch 1660 | Acc: 0.7870 | PosAcc: 0.8265 | NegAcc: 0.7477
len(easy_positives): 8597 , len(easy_negatives): 9590
len(hard_positives): 562 , len(hard_negatives): 935

CUM Mean pos prob: 0.713, Mean neg prob: 0.289
CUM Mean pos logit: 1.274, Mean neg logit: -2.551

Epoch 6, Batch 1680 | Acc: 0.7867 | PosAcc: 0.8259 | NegAcc: 0.7477
len(easy_positives): 8666 , len(easy_negatives): 9714
len(hard_positives): 568 , len(hard_negatives): 941

CUM Mean pos prob: 0.712, Mean neg prob: 0.289
CUM Mean pos logit: 1.269, Mean neg logit: -2.550

Epoch 6, Batch 1700 | Acc: 0.7872 | PosAcc: 0.8264 | NegAcc: 0.7482
len(easy_positives): 8786 , len(easy_negatives): 9855
len(hard_positives): 575 , len(hard_negatives): 954

CUM Mean pos prob: 0.713, Mean neg prob: 0.288
CUM Mean pos logit: 1.272, Mean neg logit: -2.560

Epoch 6, Batch 1720 | Acc: 0.7875 | PosAcc: 0.8269 | NegAcc: 0.7484
len(easy_positives): 8893 , len(easy_negatives): 9979
len(hard_positives): 584 , len(hard_negatives): 968

CUM Mean pos prob: 0.713, Mean neg prob: 0.288
CUM Mean pos logit: 1.275, Mean neg logit: -2.563

Epoch 6, Batch 1740 | Acc: 0.7873 | PosAcc: 0.8268 | NegAcc: 0.7480
len(easy_positives): 8991 , len(easy_negatives): 10091
len(hard_positives): 591 , len(hard_negatives): 982

CUM Mean pos prob: 0.713, Mean neg prob: 0.288
CUM Mean pos logit: 1.274, Mean neg logit: -2.563

Epoch 6, Batch 1760 | Acc: 0.7875 | PosAcc: 0.8265 | NegAcc: 0.7486
len(easy_positives): 9088 , len(easy_negatives): 10189
len(hard_positives): 597 , len(hard_negatives): 990

CUM Mean pos prob: 0.713, Mean neg prob: 0.288
CUM Mean pos logit: 1.273, Mean neg logit: -2.560

Epoch 6, Batch 1780 | Acc: 0.7871 | PosAcc: 0.8265 | NegAcc: 0.7480
len(easy_positives): 9185 , len(easy_negatives): 10294
len(hard_positives): 602 , len(hard_negatives): 1002

CUM Mean pos prob: 0.713, Mean neg prob: 0.289
CUM Mean pos logit: 1.272, Mean neg logit: -2.557

Epoch 6, Batch 1800 | Acc: 0.7869 | PosAcc: 0.8262 | NegAcc: 0.7478
len(easy_positives): 9288 , len(easy_negatives): 10418
len(hard_positives): 607 , len(hard_negatives): 1013

CUM Mean pos prob: 0.713, Mean neg prob: 0.289
CUM Mean pos logit: 1.271, Mean neg logit: -2.558

Epoch 6, Batch 1820 | Acc: 0.7868 | PosAcc: 0.8259 | NegAcc: 0.7480
len(easy_positives): 9393 , len(easy_negatives): 10548
len(hard_positives): 614 , len(hard_negatives): 1022

CUM Mean pos prob: 0.713, Mean neg prob: 0.288
CUM Mean pos logit: 1.271, Mean neg logit: -2.563

Epoch 6, Batch 1840 | Acc: 0.7869 | PosAcc: 0.8265 | NegAcc: 0.7474
len(easy_positives): 9530 , len(easy_negatives): 10650
len(hard_positives): 621 , len(hard_negatives): 1031

CUM Mean pos prob: 0.713, Mean neg prob: 0.289
CUM Mean pos logit: 1.275, Mean neg logit: -2.561

Epoch 6, Batch 1860 | Acc: 0.7867 | PosAcc: 0.8261 | NegAcc: 0.7475
len(easy_positives): 9622 , len(easy_negatives): 10754
len(hard_positives): 629 , len(hard_negatives): 1037

CUM Mean pos prob: 0.713, Mean neg prob: 0.289
CUM Mean pos logit: 1.275, Mean neg logit: -2.560

Epoch 6, Batch 1880 | Acc: 0.7863 | PosAcc: 0.8254 | NegAcc: 0.7476
len(easy_positives): 9708 , len(easy_negatives): 10876
len(hard_positives): 642 , len(hard_negatives): 1049

CUM Mean pos prob: 0.713, Mean neg prob: 0.289
CUM Mean pos logit: 1.271, Mean neg logit: -2.556

Epoch 6, Batch 1900 | Acc: 0.7866 | PosAcc: 0.8260 | NegAcc: 0.7474
len(easy_positives): 9819 , len(easy_negatives): 10975
len(hard_positives): 648 , len(hard_negatives): 1055

CUM Mean pos prob: 0.713, Mean neg prob: 0.289
CUM Mean pos logit: 1.272, Mean neg logit: -2.551

Epoch 6, Batch 1920 | Acc: 0.7866 | PosAcc: 0.8263 | NegAcc: 0.7471
len(easy_positives): 9942 , len(easy_negatives): 11090
len(hard_positives): 653 , len(hard_negatives): 1074

CUM Mean pos prob: 0.713, Mean neg prob: 0.289
CUM Mean pos logit: 1.275, Mean neg logit: -2.550

Epoch 6, Batch 1940 | Acc: 0.7868 | PosAcc: 0.8265 | NegAcc: 0.7473
len(easy_positives): 10051 , len(easy_negatives): 11205
len(hard_positives): 664 , len(hard_negatives): 1086

CUM Mean pos prob: 0.713, Mean neg prob: 0.289
CUM Mean pos logit: 1.275, Mean neg logit: -2.550

Epoch 6, Batch 1960 | Acc: 0.7868 | PosAcc: 0.8266 | NegAcc: 0.7472
len(easy_positives): 10157 , len(easy_negatives): 11314
len(hard_positives): 667 , len(hard_negatives): 1093

CUM Mean pos prob: 0.713, Mean neg prob: 0.289
CUM Mean pos logit: 1.275, Mean neg logit: -2.551

Epoch 6, Batch 1980 | Acc: 0.7865 | PosAcc: 0.8264 | NegAcc: 0.7467
len(easy_positives): 10265 , len(easy_negatives): 11423
len(hard_positives): 680 , len(hard_negatives): 1110

CUM Mean pos prob: 0.713, Mean neg prob: 0.289
CUM Mean pos logit: 1.274, Mean neg logit: -2.548

Epoch 6, Batch 2000 | Acc: 0.7865 | PosAcc: 0.8265 | NegAcc: 0.7466
len(easy_positives): 10353 , len(easy_negatives): 11534
len(hard_positives): 681 , len(hard_negatives): 1116

CUM Mean pos prob: 0.713, Mean neg prob: 0.289
CUM Mean pos logit: 1.273, Mean neg logit: -2.543

Epoch 6, Batch 2020 | Acc: 0.7864 | PosAcc: 0.8263 | NegAcc: 0.7466
len(easy_positives): 10444 , len(easy_negatives): 11652
len(hard_positives): 689 , len(hard_negatives): 1125

CUM Mean pos prob: 0.713, Mean neg prob: 0.289
CUM Mean pos logit: 1.273, Mean neg logit: -2.542

Epoch 6, Batch 2040 | Acc: 0.7862 | PosAcc: 0.8260 | NegAcc: 0.7467
len(easy_positives): 10549 , len(easy_negatives): 11773
len(hard_positives): 697 , len(hard_negatives): 1142

CUM Mean pos prob: 0.713, Mean neg prob: 0.289
CUM Mean pos logit: 1.273, Mean neg logit: -2.539

Epoch 6, Batch 2060 | Acc: 0.7862 | PosAcc: 0.8259 | NegAcc: 0.7467
len(easy_positives): 10638 , len(easy_negatives): 11892
len(hard_positives): 704 , len(hard_negatives): 1151

CUM Mean pos prob: 0.713, Mean neg prob: 0.289
CUM Mean pos logit: 1.272, Mean neg logit: -2.542

Epoch 6, Batch 2080 | Acc: 0.7864 | PosAcc: 0.8263 | NegAcc: 0.7468
len(easy_positives): 10749 , len(easy_negatives): 12012
len(hard_positives): 712 , len(hard_negatives): 1166

CUM Mean pos prob: 0.713, Mean neg prob: 0.289
CUM Mean pos logit: 1.273, Mean neg logit: -2.547

Epoch 6, Batch 2100 | Acc: 0.7866 | PosAcc: 0.8267 | NegAcc: 0.7467
len(easy_positives): 10872 , len(easy_negatives): 12141
len(hard_positives): 717 , len(hard_negatives): 1182

CUM Mean pos prob: 0.713, Mean neg prob: 0.289
CUM Mean pos logit: 1.275, Mean neg logit: -2.550

Epoch 6, Batch 2120 | Acc: 0.7864 | PosAcc: 0.8264 | NegAcc: 0.7465
len(easy_positives): 10963 , len(easy_negatives): 12259
len(hard_positives): 720 , len(hard_negatives): 1194

CUM Mean pos prob: 0.713, Mean neg prob: 0.289
CUM Mean pos logit: 1.274, Mean neg logit: -2.550

Epoch 6, Batch 2140 | Acc: 0.7864 | PosAcc: 0.8262 | NegAcc: 0.7467
len(easy_positives): 11038 , len(easy_negatives): 12399
len(hard_positives): 730 , len(hard_negatives): 1202

CUM Mean pos prob: 0.713, Mean neg prob: 0.289
CUM Mean pos logit: 1.272, Mean neg logit: -2.555

Epoch 6, Batch 2160 | Acc: 0.7863 | PosAcc: 0.8265 | NegAcc: 0.7463
len(easy_positives): 11139 , len(easy_negatives): 12491
len(hard_positives): 733 , len(hard_negatives): 1217

CUM Mean pos prob: 0.713, Mean neg prob: 0.289
CUM Mean pos logit: 1.271, Mean neg logit: -2.547

Epoch 6, Batch 2180 | Acc: 0.7861 | PosAcc: 0.8262 | NegAcc: 0.7461
len(easy_positives): 11231 , len(easy_negatives): 12604
len(hard_positives): 737 , len(hard_negatives): 1222

CUM Mean pos prob: 0.713, Mean neg prob: 0.289
CUM Mean pos logit: 1.270, Mean neg logit: -2.541

Epoch 6, Batch 2200 | Acc: 0.7863 | PosAcc: 0.8264 | NegAcc: 0.7463
len(easy_positives): 11332 , len(easy_negatives): 12723
len(hard_positives): 742 , len(hard_negatives): 1234

CUM Mean pos prob: 0.713, Mean neg prob: 0.289
CUM Mean pos logit: 1.271, Mean neg logit: -2.540

Epoch 6, Batch 2220 | Acc: 0.7863 | PosAcc: 0.8267 | NegAcc: 0.7462
len(easy_positives): 11452 , len(easy_negatives): 12843
len(hard_positives): 747 , len(hard_negatives): 1244

CUM Mean pos prob: 0.713, Mean neg prob: 0.289
CUM Mean pos logit: 1.273, Mean neg logit: -2.540

Epoch 6, Batch 2240 | Acc: 0.7864 | PosAcc: 0.8267 | NegAcc: 0.7464
len(easy_positives): 11549 , len(easy_negatives): 12974
len(hard_positives): 753 , len(hard_negatives): 1251

CUM Mean pos prob: 0.713, Mean neg prob: 0.289
CUM Mean pos logit: 1.272, Mean neg logit: -2.543

Epoch 6, Batch 2260 | Acc: 0.7866 | PosAcc: 0.8269 | NegAcc: 0.7465
len(easy_positives): 11653 , len(easy_negatives): 13095
len(hard_positives): 759 , len(hard_negatives): 1259

CUM Mean pos prob: 0.713, Mean neg prob: 0.289
CUM Mean pos logit: 1.273, Mean neg logit: -2.543

Epoch 6, Batch 2280 | Acc: 0.7866 | PosAcc: 0.8266 | NegAcc: 0.7468
len(easy_positives): 11771 , len(easy_negatives): 13222
len(hard_positives): 765 , len(hard_negatives): 1270

CUM Mean pos prob: 0.713, Mean neg prob: 0.289
CUM Mean pos logit: 1.275, Mean neg logit: -2.549

Epoch 6, Batch 2300 | Acc: 0.7866 | PosAcc: 0.8268 | NegAcc: 0.7465
len(easy_positives): 11879 , len(easy_negatives): 13328
len(hard_positives): 768 , len(hard_negatives): 1280

CUM Mean pos prob: 0.713, Mean neg prob: 0.289
CUM Mean pos logit: 1.275, Mean neg logit: -2.545

Epoch 6, Batch 2320 | Acc: 0.7865 | PosAcc: 0.8267 | NegAcc: 0.7464
len(easy_positives): 11975 , len(easy_negatives): 13443
len(hard_positives): 772 , len(hard_negatives): 1292

CUM Mean pos prob: 0.713, Mean neg prob: 0.289
CUM Mean pos logit: 1.274, Mean neg logit: -2.546

Epoch 6, Batch 2340 | Acc: 0.7863 | PosAcc: 0.8264 | NegAcc: 0.7463
len(easy_positives): 12085 , len(easy_negatives): 13572
len(hard_positives): 783 , len(hard_negatives): 1305

CUM Mean pos prob: 0.713, Mean neg prob: 0.289
CUM Mean pos logit: 1.274, Mean neg logit: -2.551

Epoch 6, Batch 2360 | Acc: 0.7862 | PosAcc: 0.8263 | NegAcc: 0.7465
len(easy_positives): 12172 , len(easy_negatives): 13711
len(hard_positives): 790 , len(hard_negatives): 1310

CUM Mean pos prob: 0.713, Mean neg prob: 0.288
CUM Mean pos logit: 1.274, Mean neg logit: -2.556

Epoch 6, Batch 2380 | Acc: 0.7862 | PosAcc: 0.8263 | NegAcc: 0.7464
len(easy_positives): 12275 , len(easy_negatives): 13831
len(hard_positives): 797 , len(hard_negatives): 1323

CUM Mean pos prob: 0.713, Mean neg prob: 0.288
CUM Mean pos logit: 1.274, Mean neg logit: -2.556

Epoch 6, Batch 2400 | Acc: 0.7863 | PosAcc: 0.8265 | NegAcc: 0.7464
len(easy_positives): 12362 , len(easy_negatives): 13957
len(hard_positives): 805 , len(hard_negatives): 1332

CUM Mean pos prob: 0.713, Mean neg prob: 0.288
CUM Mean pos logit: 1.272, Mean neg logit: -2.556

Epoch 6, Batch 2420 | Acc: 0.7863 | PosAcc: 0.8263 | NegAcc: 0.7466
len(easy_positives): 12457 , len(easy_negatives): 14081
len(hard_positives): 811 , len(hard_negatives): 1336

CUM Mean pos prob: 0.713, Mean neg prob: 0.288
CUM Mean pos logit: 1.272, Mean neg logit: -2.558

Epoch 6, Batch 2440 | Acc: 0.7861 | PosAcc: 0.8261 | NegAcc: 0.7464
len(easy_positives): 12569 , len(easy_negatives): 14192
len(hard_positives): 818 , len(hard_negatives): 1353

CUM Mean pos prob: 0.713, Mean neg prob: 0.288
CUM Mean pos logit: 1.272, Mean neg logit: -2.558

Epoch 6, Batch 2460 | Acc: 0.7859 | PosAcc: 0.8262 | NegAcc: 0.7459
len(easy_positives): 12675 , len(easy_negatives): 14299
len(hard_positives): 822 , len(hard_negatives): 1366

CUM Mean pos prob: 0.713, Mean neg prob: 0.289
CUM Mean pos logit: 1.271, Mean neg logit: -2.557

Epoch 6, Batch 2480 | Acc: 0.7858 | PosAcc: 0.8263 | NegAcc: 0.7457
len(easy_positives): 12777 , len(easy_negatives): 14401
len(hard_positives): 826 , len(hard_negatives): 1375

CUM Mean pos prob: 0.713, Mean neg prob: 0.289
CUM Mean pos logit: 1.271, Mean neg logit: -2.554

Epoch 6, Batch 2500 | Acc: 0.7858 | PosAcc: 0.8262 | NegAcc: 0.7455
len(easy_positives): 12875 , len(easy_negatives): 14512
len(hard_positives): 833 , len(hard_negatives): 1391

CUM Mean pos prob: 0.713, Mean neg prob: 0.289
CUM Mean pos logit: 1.270, Mean neg logit: -2.553

Epoch 6, Batch 2520 | Acc: 0.7858 | PosAcc: 0.8266 | NegAcc: 0.7451
len(easy_positives): 13011 , len(easy_negatives): 14614
len(hard_positives): 841 , len(hard_negatives): 1405

CUM Mean pos prob: 0.713, Mean neg prob: 0.289
CUM Mean pos logit: 1.272, Mean neg logit: -2.551

Epoch 6, Batch 2540 | Acc: 0.7858 | PosAcc: 0.8266 | NegAcc: 0.7452
len(easy_positives): 13105 , len(easy_negatives): 14739
len(hard_positives): 847 , len(hard_negatives): 1412

CUM Mean pos prob: 0.713, Mean neg prob: 0.289
CUM Mean pos logit: 1.271, Mean neg logit: -2.550

Epoch 6, Batch 2560 | Acc: 0.7858 | PosAcc: 0.8265 | NegAcc: 0.7453
len(easy_positives): 13231 , len(easy_negatives): 14857
len(hard_positives): 852 , len(hard_negatives): 1427

CUM Mean pos prob: 0.713, Mean neg prob: 0.289
CUM Mean pos logit: 1.273, Mean neg logit: -2.550

Epoch 6, Batch 2580 | Acc: 0.7859 | PosAcc: 0.8266 | NegAcc: 0.7454
len(easy_positives): 13338 , len(easy_negatives): 14971
len(hard_positives): 862 , len(hard_negatives): 1433

CUM Mean pos prob: 0.713, Mean neg prob: 0.289
CUM Mean pos logit: 1.273, Mean neg logit: -2.550

Epoch 6, Batch 2600 | Acc: 0.7859 | PosAcc: 0.8266 | NegAcc: 0.7453
len(easy_positives): 13444 , len(easy_negatives): 15074
len(hard_positives): 868 , len(hard_negatives): 1440

CUM Mean pos prob: 0.713, Mean neg prob: 0.289
CUM Mean pos logit: 1.273, Mean neg logit: -2.550

Epoch 6, Batch 2620 | Acc: 0.7858 | PosAcc: 0.8267 | NegAcc: 0.7451
len(easy_positives): 13542 , len(easy_negatives): 15182
len(hard_positives): 873 , len(hard_negatives): 1452

CUM Mean pos prob: 0.713, Mean neg prob: 0.289
CUM Mean pos logit: 1.273, Mean neg logit: -2.549

Epoch 6, Batch 2640 | Acc: 0.7857 | PosAcc: 0.8266 | NegAcc: 0.7450
len(easy_positives): 13649 , len(easy_negatives): 15299
len(hard_positives): 880 , len(hard_negatives): 1467

CUM Mean pos prob: 0.713, Mean neg prob: 0.289
CUM Mean pos logit: 1.274, Mean neg logit: -2.550

Epoch 6, Batch 2660 | Acc: 0.7858 | PosAcc: 0.8268 | NegAcc: 0.7449
len(easy_positives): 13748 , len(easy_negatives): 15421
len(hard_positives): 889 , len(hard_negatives): 1479

CUM Mean pos prob: 0.713, Mean neg prob: 0.289
CUM Mean pos logit: 1.274, Mean neg logit: -2.554

Epoch 6, Batch 2680 | Acc: 0.7856 | PosAcc: 0.8264 | NegAcc: 0.7450
len(easy_positives): 13849 , len(easy_negatives): 15531
len(hard_positives): 899 , len(hard_negatives): 1486

CUM Mean pos prob: 0.713, Mean neg prob: 0.289
CUM Mean pos logit: 1.273, Mean neg logit: -2.555

Epoch 6, Batch 2700 | Acc: 0.7856 | PosAcc: 0.8265 | NegAcc: 0.7448
len(easy_positives): 13962 , len(easy_negatives): 15645
len(hard_positives): 902 , len(hard_negatives): 1499

CUM Mean pos prob: 0.713, Mean neg prob: 0.289
CUM Mean pos logit: 1.274, Mean neg logit: -2.556

Epoch 6, Batch 2720 | Acc: 0.7854 | PosAcc: 0.8263 | NegAcc: 0.7446
len(easy_positives): 14072 , len(easy_negatives): 15761
len(hard_positives): 913 , len(hard_negatives): 1511

CUM Mean pos prob: 0.713, Mean neg prob: 0.289
CUM Mean pos logit: 1.274, Mean neg logit: -2.556

Epoch 6, Batch 2740 | Acc: 0.7854 | PosAcc: 0.8262 | NegAcc: 0.7448
len(easy_positives): 14168 , len(easy_negatives): 15896
len(hard_positives): 919 , len(hard_negatives): 1520

CUM Mean pos prob: 0.713, Mean neg prob: 0.289
CUM Mean pos logit: 1.274, Mean neg logit: -2.564

Epoch 6, Batch 2760 | Acc: 0.7853 | PosAcc: 0.8263 | NegAcc: 0.7444
len(easy_positives): 14282 , len(easy_negatives): 16010
len(hard_positives): 924 , len(hard_negatives): 1533

CUM Mean pos prob: 0.713, Mean neg prob: 0.289
CUM Mean pos logit: 1.275, Mean neg logit: -2.565

Epoch 6, Batch 2780 | Acc: 0.7853 | PosAcc: 0.8265 | NegAcc: 0.7442
len(easy_positives): 14397 , len(easy_negatives): 16103
len(hard_positives): 928 , len(hard_negatives): 1543

CUM Mean pos prob: 0.713, Mean neg prob: 0.289
CUM Mean pos logit: 1.276, Mean neg logit: -2.562

Epoch 6, Batch 2800 | Acc: 0.7853 | PosAcc: 0.8267 | NegAcc: 0.7440
len(easy_positives): 14512 , len(easy_negatives): 16202
len(hard_positives): 932 , len(hard_negatives): 1555

CUM Mean pos prob: 0.713, Mean neg prob: 0.289
CUM Mean pos logit: 1.277, Mean neg logit: -2.562

Epoch 6, Batch 2820 | Acc: 0.7854 | PosAcc: 0.8266 | NegAcc: 0.7442
len(easy_positives): 14610 , len(easy_negatives): 16324
len(hard_positives): 938 , len(hard_negatives): 1564

CUM Mean pos prob: 0.713, Mean neg prob: 0.289
CUM Mean pos logit: 1.277, Mean neg logit: -2.562

Epoch 6, Batch 2840 | Acc: 0.7855 | PosAcc: 0.8266 | NegAcc: 0.7445
len(easy_positives): 14739 , len(easy_negatives): 16447
len(hard_positives): 940 , len(hard_negatives): 1581

CUM Mean pos prob: 0.714, Mean neg prob: 0.289
CUM Mean pos logit: 1.279, Mean neg logit: -2.568

Epoch 6, Batch 2860 | Acc: 0.7855 | PosAcc: 0.8270 | NegAcc: 0.7441
len(easy_positives): 14866 , len(easy_negatives): 16565
len(hard_positives): 944 , len(hard_negatives): 1600

CUM Mean pos prob: 0.714, Mean neg prob: 0.289
CUM Mean pos logit: 1.282, Mean neg logit: -2.568

Epoch 6, Batch 2880 | Acc: 0.7857 | PosAcc: 0.8270 | NegAcc: 0.7445
len(easy_positives): 14968 , len(easy_negatives): 16691
len(hard_positives): 950 , len(hard_negatives): 1611

CUM Mean pos prob: 0.714, Mean neg prob: 0.289
CUM Mean pos logit: 1.281, Mean neg logit: -2.574

Epoch 6, Batch 2900 | Acc: 0.7858 | PosAcc: 0.8273 | NegAcc: 0.7445
len(easy_positives): 15095 , len(easy_negatives): 16818
len(hard_positives): 956 , len(hard_negatives): 1624

CUM Mean pos prob: 0.714, Mean neg prob: 0.289
CUM Mean pos logit: 1.284, Mean neg logit: -2.578

Epoch 6, Batch 2920 | Acc: 0.7857 | PosAcc: 0.8271 | NegAcc: 0.7444
len(easy_positives): 15200 , len(easy_negatives): 16917
len(hard_positives): 964 , len(hard_negatives): 1629

CUM Mean pos prob: 0.714, Mean neg prob: 0.289
CUM Mean pos logit: 1.283, Mean neg logit: -2.577

Epoch 6, Batch 2940 | Acc: 0.7858 | PosAcc: 0.8273 | NegAcc: 0.7443
len(easy_positives): 15317 , len(easy_negatives): 17023
len(hard_positives): 969 , len(hard_negatives): 1645

CUM Mean pos prob: 0.714, Mean neg prob: 0.289
CUM Mean pos logit: 1.284, Mean neg logit: -2.577

Epoch 6, Batch 2960 | Acc: 0.7858 | PosAcc: 0.8272 | NegAcc: 0.7444
len(easy_positives): 15424 , len(easy_negatives): 17155
len(hard_positives): 974 , len(hard_negatives): 1658

CUM Mean pos prob: 0.714, Mean neg prob: 0.289
CUM Mean pos logit: 1.285, Mean neg logit: -2.579

Epoch 6, Batch 2980 | Acc: 0.7858 | PosAcc: 0.8273 | NegAcc: 0.7444
len(easy_positives): 15532 , len(easy_negatives): 17254
len(hard_positives): 979 , len(hard_negatives): 1662

CUM Mean pos prob: 0.714, Mean neg prob: 0.289
CUM Mean pos logit: 1.285, Mean neg logit: -2.576

Epoch 6, Batch 3000 | Acc: 0.7859 | PosAcc: 0.8273 | NegAcc: 0.7444
len(easy_positives): 15662 , len(easy_negatives): 17362
len(hard_positives): 987 , len(hard_negatives): 1674

CUM Mean pos prob: 0.714, Mean neg prob: 0.289
CUM Mean pos logit: 1.287, Mean neg logit: -2.577

Epoch 6, Batch 3020 | Acc: 0.7860 | PosAcc: 0.8278 | NegAcc: 0.7442
len(easy_positives): 15800 , len(easy_negatives): 17467
len(hard_positives): 992 , len(hard_negatives): 1692

CUM Mean pos prob: 0.715, Mean neg prob: 0.289
CUM Mean pos logit: 1.289, Mean neg logit: -2.574

Epoch 6, Batch 3040 | Acc: 0.7862 | PosAcc: 0.8276 | NegAcc: 0.7448
len(easy_positives): 15880 , len(easy_negatives): 17602
len(hard_positives): 1000 , len(hard_negatives): 1699

CUM Mean pos prob: 0.715, Mean neg prob: 0.289
CUM Mean pos logit: 1.288, Mean neg logit: -2.575

Epoch 6, Batch 3060 | Acc: 0.7861 | PosAcc: 0.8275 | NegAcc: 0.7447
len(easy_positives): 15992 , len(easy_negatives): 17706
len(hard_positives): 1007 , len(hard_negatives): 1710

CUM Mean pos prob: 0.715, Mean neg prob: 0.289
CUM Mean pos logit: 1.288, Mean neg logit: -2.574

Epoch 6, Batch 3080 | Acc: 0.7862 | PosAcc: 0.8275 | NegAcc: 0.7448
len(easy_positives): 16095 , len(easy_negatives): 17823
len(hard_positives): 1018 , len(hard_negatives): 1722

CUM Mean pos prob: 0.715, Mean neg prob: 0.289
CUM Mean pos logit: 1.288, Mean neg logit: -2.577

Epoch 6, Batch 3100 | Acc: 0.7859 | PosAcc: 0.8275 | NegAcc: 0.7442
len(easy_positives): 16203 , len(easy_negatives): 17918
len(hard_positives): 1024 , len(hard_negatives): 1739

CUM Mean pos prob: 0.715, Mean neg prob: 0.289
CUM Mean pos logit: 1.288, Mean neg logit: -2.574

Epoch 6, Batch 3120 | Acc: 0.7860 | PosAcc: 0.8275 | NegAcc: 0.7444
len(easy_positives): 16282 , len(easy_negatives): 18038
len(hard_positives): 1027 , len(hard_negatives): 1743

CUM Mean pos prob: 0.715, Mean neg prob: 0.289
CUM Mean pos logit: 1.287, Mean neg logit: -2.577

Epoch 6, Batch 3140 | Acc: 0.7860 | PosAcc: 0.8275 | NegAcc: 0.7445
len(easy_positives): 16410 , len(easy_negatives): 18154
len(hard_positives): 1034 , len(hard_negatives): 1752

CUM Mean pos prob: 0.715, Mean neg prob: 0.289
CUM Mean pos logit: 1.288, Mean neg logit: -2.576

Epoch 6, Batch 3160 | Acc: 0.7859 | PosAcc: 0.8278 | NegAcc: 0.7440
len(easy_positives): 16549 , len(easy_negatives): 18256
len(hard_positives): 1040 , len(hard_negatives): 1775

CUM Mean pos prob: 0.715, Mean neg prob: 0.289
CUM Mean pos logit: 1.291, Mean neg logit: -2.576

Epoch 6, Batch 3180 | Acc: 0.7858 | PosAcc: 0.8275 | NegAcc: 0.7441
len(easy_positives): 16616 , len(easy_negatives): 18374
len(hard_positives): 1047 , len(hard_negatives): 1780

CUM Mean pos prob: 0.715, Mean neg prob: 0.289
CUM Mean pos logit: 1.288, Mean neg logit: -2.574

Epoch 6, Batch 3200 | Acc: 0.7858 | PosAcc: 0.8277 | NegAcc: 0.7439
len(easy_positives): 16715 , len(easy_negatives): 18491
len(hard_positives): 1050 , len(hard_negatives): 1791

CUM Mean pos prob: 0.715, Mean neg prob: 0.289
CUM Mean pos logit: 1.289, Mean neg logit: -2.574

Epoch 6, Batch 3220 | Acc: 0.7859 | PosAcc: 0.8277 | NegAcc: 0.7441
len(easy_positives): 16817 , len(easy_negatives): 18605
len(hard_positives): 1055 , len(hard_negatives): 1803

CUM Mean pos prob: 0.715, Mean neg prob: 0.289
CUM Mean pos logit: 1.288, Mean neg logit: -2.575

Epoch 6, Batch 3240 | Acc: 0.7862 | PosAcc: 0.8282 | NegAcc: 0.7441
len(easy_positives): 16957 , len(easy_negatives): 18714
len(hard_positives): 1061 , len(hard_negatives): 1814

CUM Mean pos prob: 0.715, Mean neg prob: 0.289
CUM Mean pos logit: 1.291, Mean neg logit: -2.575

Epoch 6, Batch 3260 | Acc: 0.7864 | PosAcc: 0.8282 | NegAcc: 0.7445
len(easy_positives): 17064 , len(easy_negatives): 18856
len(hard_positives): 1070 , len(hard_negatives): 1823

CUM Mean pos prob: 0.715, Mean neg prob: 0.289
CUM Mean pos logit: 1.291, Mean neg logit: -2.587

Epoch 6, Batch 3280 | Acc: 0.7864 | PosAcc: 0.8284 | NegAcc: 0.7444
len(easy_positives): 17180 , len(easy_negatives): 18969
len(hard_positives): 1074 , len(hard_negatives): 1840

CUM Mean pos prob: 0.715, Mean neg prob: 0.289
CUM Mean pos logit: 1.292, Mean neg logit: -2.586

Epoch 6, Batch 3300 | Acc: 0.7865 | PosAcc: 0.8284 | NegAcc: 0.7444
len(easy_positives): 17293 , len(easy_negatives): 19087
len(hard_positives): 1083 , len(hard_negatives): 1853

CUM Mean pos prob: 0.715, Mean neg prob: 0.289
CUM Mean pos logit: 1.292, Mean neg logit: -2.588

Epoch 6, Batch 3320 | Acc: 0.7866 | PosAcc: 0.8288 | NegAcc: 0.7443
len(easy_positives): 17409 , len(easy_negatives): 19198
len(hard_positives): 1087 , len(hard_negatives): 1866

CUM Mean pos prob: 0.715, Mean neg prob: 0.289
CUM Mean pos logit: 1.293, Mean neg logit: -2.588

Epoch 6, Batch 3340 | Acc: 0.7869 | PosAcc: 0.8287 | NegAcc: 0.7448
len(easy_positives): 17523 , len(easy_negatives): 19327
len(hard_positives): 1096 , len(hard_negatives): 1875

CUM Mean pos prob: 0.715, Mean neg prob: 0.289
CUM Mean pos logit: 1.294, Mean neg logit: -2.590

Epoch 6, Batch 3360 | Acc: 0.7866 | PosAcc: 0.8286 | NegAcc: 0.7446
len(easy_positives): 17630 , len(easy_negatives): 19441
len(hard_positives): 1103 , len(hard_negatives): 1887

CUM Mean pos prob: 0.715, Mean neg prob: 0.289
CUM Mean pos logit: 1.294, Mean neg logit: -2.589

Epoch 6, Batch 3380 | Acc: 0.7866 | PosAcc: 0.8281 | NegAcc: 0.7450
len(easy_positives): 17701 , len(easy_negatives): 19559
len(hard_positives): 1112 , len(hard_negatives): 1896

CUM Mean pos prob: 0.715, Mean neg prob: 0.289
CUM Mean pos logit: 1.292, Mean neg logit: -2.588

Epoch 6, Batch 3400 | Acc: 0.7868 | PosAcc: 0.8286 | NegAcc: 0.7449
len(easy_positives): 17841 , len(easy_negatives): 19671
len(hard_positives): 1113 , len(hard_negatives): 1904

CUM Mean pos prob: 0.716, Mean neg prob: 0.289
CUM Mean pos logit: 1.295, Mean neg logit: -2.591

Epoch 6, Batch 3420 | Acc: 0.7868 | PosAcc: 0.8285 | NegAcc: 0.7450
len(easy_positives): 17943 , len(easy_negatives): 19804
len(hard_positives): 1121 , len(hard_negatives): 1914

CUM Mean pos prob: 0.715, Mean neg prob: 0.288
CUM Mean pos logit: 1.295, Mean neg logit: -2.595

Epoch 6, Batch 3440 | Acc: 0.7869 | PosAcc: 0.8285 | NegAcc: 0.7451
len(easy_positives): 18040 , len(easy_negatives): 19939
len(hard_positives): 1131 , len(hard_negatives): 1931

CUM Mean pos prob: 0.715, Mean neg prob: 0.288
CUM Mean pos logit: 1.295, Mean neg logit: -2.596

Epoch 6, Batch 3460 | Acc: 0.7869 | PosAcc: 0.8286 | NegAcc: 0.7452
len(easy_positives): 18134 , len(easy_negatives): 20057
len(hard_positives): 1136 , len(hard_negatives): 1946

CUM Mean pos prob: 0.715, Mean neg prob: 0.288
CUM Mean pos logit: 1.295, Mean neg logit: -2.595

Epoch 6, Batch 3480 | Acc: 0.7869 | PosAcc: 0.8287 | NegAcc: 0.7449
len(easy_positives): 18251 , len(easy_negatives): 20168
len(hard_positives): 1141 , len(hard_negatives): 1960

CUM Mean pos prob: 0.716, Mean neg prob: 0.288
CUM Mean pos logit: 1.295, Mean neg logit: -2.595

Epoch 6, Batch 3500 | Acc: 0.7870 | PosAcc: 0.8287 | NegAcc: 0.7451
len(easy_positives): 18356 , len(easy_negatives): 20292
len(hard_positives): 1142 , len(hard_negatives): 1968

CUM Mean pos prob: 0.716, Mean neg prob: 0.288
CUM Mean pos logit: 1.295, Mean neg logit: -2.595

Epoch 6, Batch 3520 | Acc: 0.7872 | PosAcc: 0.8291 | NegAcc: 0.7451
len(easy_positives): 18501 , len(easy_negatives): 20417
len(hard_positives): 1147 , len(hard_negatives): 1984

CUM Mean pos prob: 0.716, Mean neg prob: 0.288
CUM Mean pos logit: 1.299, Mean neg logit: -2.601

Epoch 6, Batch 3540 | Acc: 0.7873 | PosAcc: 0.8292 | NegAcc: 0.7453
len(easy_positives): 18614 , len(easy_negatives): 20540
len(hard_positives): 1151 , len(hard_negatives): 1993

CUM Mean pos prob: 0.716, Mean neg prob: 0.288
CUM Mean pos logit: 1.300, Mean neg logit: -2.605

Epoch 6, Batch 3560 | Acc: 0.7873 | PosAcc: 0.8293 | NegAcc: 0.7451
len(easy_positives): 18724 , len(easy_negatives): 20646
len(hard_positives): 1156 , len(hard_negatives): 2004

CUM Mean pos prob: 0.716, Mean neg prob: 0.288
CUM Mean pos logit: 1.301, Mean neg logit: -2.603

Epoch 6, Batch 3580 | Acc: 0.7873 | PosAcc: 0.8295 | NegAcc: 0.7450
len(easy_positives): 18840 , len(easy_negatives): 20755
len(hard_positives): 1162 , len(hard_negatives): 2022

CUM Mean pos prob: 0.716, Mean neg prob: 0.288
CUM Mean pos logit: 1.302, Mean neg logit: -2.604

Epoch 6, Batch 3600 | Acc: 0.7873 | PosAcc: 0.8294 | NegAcc: 0.7450
len(easy_positives): 18943 , len(easy_negatives): 20862
len(hard_positives): 1172 , len(hard_negatives): 2031

CUM Mean pos prob: 0.716, Mean neg prob: 0.288
CUM Mean pos logit: 1.301, Mean neg logit: -2.603

Epoch 6, Batch 3620 | Acc: 0.7872 | PosAcc: 0.8293 | NegAcc: 0.7449
len(easy_positives): 19048 , len(easy_negatives): 20973
len(hard_positives): 1181 , len(hard_negatives): 2041

CUM Mean pos prob: 0.716, Mean neg prob: 0.288
CUM Mean pos logit: 1.301, Mean neg logit: -2.605

Epoch 6, Batch 3640 | Acc: 0.7871 | PosAcc: 0.8290 | NegAcc: 0.7450
len(easy_positives): 19125 , len(easy_negatives): 21084
len(hard_positives): 1187 , len(hard_negatives): 2051

CUM Mean pos prob: 0.716, Mean neg prob: 0.288
CUM Mean pos logit: 1.300, Mean neg logit: -2.604

Epoch 6, Batch 3660 | Acc: 0.7871 | PosAcc: 0.8290 | NegAcc: 0.7450
len(easy_positives): 19223 , len(easy_negatives): 21198
len(hard_positives): 1194 , len(hard_negatives): 2064

CUM Mean pos prob: 0.716, Mean neg prob: 0.288
CUM Mean pos logit: 1.300, Mean neg logit: -2.604

Epoch 6, Batch 3680 | Acc: 0.7870 | PosAcc: 0.8287 | NegAcc: 0.7452
len(easy_positives): 19287 , len(easy_negatives): 21315
len(hard_positives): 1197 , len(hard_negatives): 2070

CUM Mean pos prob: 0.716, Mean neg prob: 0.288
CUM Mean pos logit: 1.297, Mean neg logit: -2.602

Epoch 6, Batch 3700 | Acc: 0.7870 | PosAcc: 0.8287 | NegAcc: 0.7452
len(easy_positives): 19392 , len(easy_negatives): 21438
len(hard_positives): 1205 , len(hard_negatives): 2081

CUM Mean pos prob: 0.716, Mean neg prob: 0.288
CUM Mean pos logit: 1.298, Mean neg logit: -2.604

Epoch 6, Batch 3720 | Acc: 0.7871 | PosAcc: 0.8286 | NegAcc: 0.7454
len(easy_positives): 19504 , len(easy_negatives): 21554
len(hard_positives): 1211 , len(hard_negatives): 2089

CUM Mean pos prob: 0.716, Mean neg prob: 0.288
CUM Mean pos logit: 1.298, Mean neg logit: -2.606

Epoch 6, Batch 3740 | Acc: 0.7871 | PosAcc: 0.8287 | NegAcc: 0.7454
len(easy_positives): 19634 , len(easy_negatives): 21665
len(hard_positives): 1215 , len(hard_negatives): 2101

CUM Mean pos prob: 0.716, Mean neg prob: 0.288
CUM Mean pos logit: 1.300, Mean neg logit: -2.606

Epoch 6, Batch 3760 | Acc: 0.7871 | PosAcc: 0.8288 | NegAcc: 0.7453
len(easy_positives): 19734 , len(easy_negatives): 21770
len(hard_positives): 1221 , len(hard_negatives): 2114

CUM Mean pos prob: 0.716, Mean neg prob: 0.288
CUM Mean pos logit: 1.300, Mean neg logit: -2.607

Epoch 6, Batch 3780 | Acc: 0.7872 | PosAcc: 0.8288 | NegAcc: 0.7454
len(easy_positives): 19838 , len(easy_negatives): 21890
len(hard_positives): 1228 , len(hard_negatives): 2118

CUM Mean pos prob: 0.716, Mean neg prob: 0.288
CUM Mean pos logit: 1.299, Mean neg logit: -2.607

Epoch 6, Batch 3800 | Acc: 0.7874 | PosAcc: 0.8290 | NegAcc: 0.7456
len(easy_positives): 19959 , len(easy_negatives): 22025
len(hard_positives): 1238 , len(hard_negatives): 2136

CUM Mean pos prob: 0.716, Mean neg prob: 0.288
CUM Mean pos logit: 1.302, Mean neg logit: -2.611

Epoch 6, Batch 3820 | Acc: 0.7872 | PosAcc: 0.8287 | NegAcc: 0.7456
len(easy_positives): 20058 , len(easy_negatives): 22149
len(hard_positives): 1246 , len(hard_negatives): 2145

CUM Mean pos prob: 0.716, Mean neg prob: 0.288
CUM Mean pos logit: 1.302, Mean neg logit: -2.614

Epoch 6, Batch 3840 | Acc: 0.7873 | PosAcc: 0.8290 | NegAcc: 0.7456
len(easy_positives): 20160 , len(easy_negatives): 22268
len(hard_positives): 1247 , len(hard_negatives): 2159

CUM Mean pos prob: 0.716, Mean neg prob: 0.288
CUM Mean pos logit: 1.302, Mean neg logit: -2.615

Epoch 6, Batch 3860 | Acc: 0.7873 | PosAcc: 0.8290 | NegAcc: 0.7456
len(easy_positives): 20255 , len(easy_negatives): 22401
len(hard_positives): 1254 , len(hard_negatives): 2172

CUM Mean pos prob: 0.716, Mean neg prob: 0.288
CUM Mean pos logit: 1.302, Mean neg logit: -2.616

Epoch 6, Batch 3880 | Acc: 0.7873 | PosAcc: 0.8288 | NegAcc: 0.7456
len(easy_positives): 20365 , len(easy_negatives): 22519
len(hard_positives): 1258 , len(hard_negatives): 2181

CUM Mean pos prob: 0.716, Mean neg prob: 0.288
CUM Mean pos logit: 1.302, Mean neg logit: -2.616

Epoch 6, Batch 3900 | Acc: 0.7872 | PosAcc: 0.8287 | NegAcc: 0.7457
len(easy_positives): 20466 , len(easy_negatives): 22623
len(hard_positives): 1266 , len(hard_negatives): 2195

CUM Mean pos prob: 0.716, Mean neg prob: 0.288
CUM Mean pos logit: 1.301, Mean neg logit: -2.613

Epoch 6, Batch 3920 | Acc: 0.7872 | PosAcc: 0.8287 | NegAcc: 0.7457
len(easy_positives): 20560 , len(easy_negatives): 22726
len(hard_positives): 1270 , len(hard_negatives): 2204

CUM Mean pos prob: 0.716, Mean neg prob: 0.288
CUM Mean pos logit: 1.301, Mean neg logit: -2.610

Epoch 6, Batch 3940 | Acc: 0.7872 | PosAcc: 0.8287 | NegAcc: 0.7456
len(easy_positives): 20660 , len(easy_negatives): 22837
len(hard_positives): 1275 , len(hard_negatives): 2213

CUM Mean pos prob: 0.716, Mean neg prob: 0.288
CUM Mean pos logit: 1.301, Mean neg logit: -2.609

Epoch 6, Batch 3960 | Acc: 0.7871 | PosAcc: 0.8285 | NegAcc: 0.7457
len(easy_positives): 20754 , len(easy_negatives): 22948
len(hard_positives): 1284 , len(hard_negatives): 2219

CUM Mean pos prob: 0.716, Mean neg prob: 0.288
CUM Mean pos logit: 1.301, Mean neg logit: -2.607

Epoch 6, Batch 3980 | Acc: 0.7871 | PosAcc: 0.8284 | NegAcc: 0.7457
len(easy_positives): 20858 , len(easy_negatives): 23073
len(hard_positives): 1289 , len(hard_negatives): 2229

CUM Mean pos prob: 0.716, Mean neg prob: 0.288
CUM Mean pos logit: 1.301, Mean neg logit: -2.610

Epoch 6, Batch 4000 | Acc: 0.7870 | PosAcc: 0.8284 | NegAcc: 0.7456
len(easy_positives): 20959 , len(easy_negatives): 23198
len(hard_positives): 1296 , len(hard_negatives): 2239

CUM Mean pos prob: 0.716, Mean neg prob: 0.288
CUM Mean pos logit: 1.301, Mean neg logit: -2.609

Epoch 6, Batch 4020 | Acc: 0.7870 | PosAcc: 0.8282 | NegAcc: 0.7456
len(easy_positives): 21051 , len(easy_negatives): 23323
len(hard_positives): 1302 , len(hard_negatives): 2247

CUM Mean pos prob: 0.716, Mean neg prob: 0.288
CUM Mean pos logit: 1.302, Mean neg logit: -2.611

Epoch 6, Batch 4040 | Acc: 0.7868 | PosAcc: 0.8282 | NegAcc: 0.7455
len(easy_positives): 21160 , len(easy_negatives): 23431
len(hard_positives): 1307 , len(hard_negatives): 2259

CUM Mean pos prob: 0.716, Mean neg prob: 0.288
CUM Mean pos logit: 1.302, Mean neg logit: -2.610

Epoch 6, Batch 4060 | Acc: 0.7868 | PosAcc: 0.8281 | NegAcc: 0.7455
len(easy_positives): 21268 , len(easy_negatives): 23549
len(hard_positives): 1313 , len(hard_negatives): 2269

CUM Mean pos prob: 0.716, Mean neg prob: 0.288
CUM Mean pos logit: 1.303, Mean neg logit: -2.609

Epoch 6, Batch 4080 | Acc: 0.7869 | PosAcc: 0.8281 | NegAcc: 0.7457
len(easy_positives): 21377 , len(easy_negatives): 23684
len(hard_positives): 1317 , len(hard_negatives): 2280

CUM Mean pos prob: 0.716, Mean neg prob: 0.288
CUM Mean pos logit: 1.303, Mean neg logit: -2.612

Epoch 6, Batch 4100 | Acc: 0.7870 | PosAcc: 0.8283 | NegAcc: 0.7458
len(easy_positives): 21500 , len(easy_negatives): 23812
len(hard_positives): 1321 , len(hard_negatives): 2295

CUM Mean pos prob: 0.716, Mean neg prob: 0.288
CUM Mean pos logit: 1.305, Mean neg logit: -2.615

Epoch 6, Batch 4120 | Acc: 0.7871 | PosAcc: 0.8282 | NegAcc: 0.7461
len(easy_positives): 21610 , len(easy_negatives): 23962
len(hard_positives): 1334 , len(hard_negatives): 2309

CUM Mean pos prob: 0.716, Mean neg prob: 0.287
CUM Mean pos logit: 1.305, Mean neg logit: -2.622

Epoch 6, Batch 4140 | Acc: 0.7872 | PosAcc: 0.8283 | NegAcc: 0.7461
len(easy_positives): 21714 , len(easy_negatives): 24079
len(hard_positives): 1342 , len(hard_negatives): 2318

CUM Mean pos prob: 0.716, Mean neg prob: 0.287
CUM Mean pos logit: 1.304, Mean neg logit: -2.623

Epoch 6, Batch 4160 | Acc: 0.7871 | PosAcc: 0.8284 | NegAcc: 0.7457
len(easy_positives): 21810 , len(easy_negatives): 24188
len(hard_positives): 1347 , len(hard_negatives): 2330

CUM Mean pos prob: 0.716, Mean neg prob: 0.287
CUM Mean pos logit: 1.304, Mean neg logit: -2.621

Epoch 6, Batch 4180 | Acc: 0.7869 | PosAcc: 0.8280 | NegAcc: 0.7458
len(easy_positives): 21898 , len(easy_negatives): 24320
len(hard_positives): 1355 , len(hard_negatives): 2343

CUM Mean pos prob: 0.716, Mean neg prob: 0.287
CUM Mean pos logit: 1.303, Mean neg logit: -2.622

Epoch 6, Batch 4200 | Acc: 0.7869 | PosAcc: 0.8278 | NegAcc: 0.7461
len(easy_positives): 21987 , len(easy_negatives): 24450
len(hard_positives): 1361 , len(hard_negatives): 2347

CUM Mean pos prob: 0.716, Mean neg prob: 0.287
CUM Mean pos logit: 1.302, Mean neg logit: -2.622

Epoch 6, Batch 4220 | Acc: 0.7871 | PosAcc: 0.8280 | NegAcc: 0.7462
len(easy_positives): 22103 , len(easy_negatives): 24575
len(hard_positives): 1368 , len(hard_negatives): 2360

CUM Mean pos prob: 0.716, Mean neg prob: 0.287
CUM Mean pos logit: 1.303, Mean neg logit: -2.625

Epoch 6, Batch 4240 | Acc: 0.7870 | PosAcc: 0.8278 | NegAcc: 0.7463
len(easy_positives): 22203 , len(easy_negatives): 24696
len(hard_positives): 1372 , len(hard_negatives): 2372

CUM Mean pos prob: 0.716, Mean neg prob: 0.287
CUM Mean pos logit: 1.303, Mean neg logit: -2.626

Epoch 6, Batch 4260 | Acc: 0.7870 | PosAcc: 0.8277 | NegAcc: 0.7464
len(easy_positives): 22301 , len(easy_negatives): 24819
len(hard_positives): 1378 , len(hard_negatives): 2390

CUM Mean pos prob: 0.716, Mean neg prob: 0.287
CUM Mean pos logit: 1.303, Mean neg logit: -2.628

Epoch 6, Batch 4280 | Acc: 0.7870 | PosAcc: 0.8280 | NegAcc: 0.7461
len(easy_positives): 22419 , len(easy_negatives): 24922
len(hard_positives): 1384 , len(hard_negatives): 2398

CUM Mean pos prob: 0.716, Mean neg prob: 0.287
CUM Mean pos logit: 1.303, Mean neg logit: -2.626

Epoch 6, Batch 4300 | Acc: 0.7869 | PosAcc: 0.8279 | NegAcc: 0.7460
len(easy_positives): 22516 , len(easy_negatives): 25008
len(hard_positives): 1392 , len(hard_negatives): 2414

CUM Mean pos prob: 0.716, Mean neg prob: 0.287
CUM Mean pos logit: 1.302, Mean neg logit: -2.624

Epoch 6, Batch 4320 | Acc: 0.7871 | PosAcc: 0.8282 | NegAcc: 0.7460
len(easy_positives): 22638 , len(easy_negatives): 25119
len(hard_positives): 1395 , len(hard_negatives): 2424

CUM Mean pos prob: 0.716, Mean neg prob: 0.287
CUM Mean pos logit: 1.303, Mean neg logit: -2.623

Epoch 6, Batch 4340 | Acc: 0.7871 | PosAcc: 0.8281 | NegAcc: 0.7460
len(easy_positives): 22755 , len(easy_negatives): 25246
len(hard_positives): 1407 , len(hard_negatives): 2431

CUM Mean pos prob: 0.716, Mean neg prob: 0.287
CUM Mean pos logit: 1.304, Mean neg logit: -2.628

Epoch 6, Batch 4360 | Acc: 0.7872 | PosAcc: 0.8281 | NegAcc: 0.7463
len(easy_positives): 22855 , len(easy_negatives): 25395
len(hard_positives): 1413 , len(hard_negatives): 2440

CUM Mean pos prob: 0.716, Mean neg prob: 0.287
CUM Mean pos logit: 1.305, Mean neg logit: -2.631

Epoch 6, Batch 4380 | Acc: 0.7873 | PosAcc: 0.8284 | NegAcc: 0.7461
len(easy_positives): 22993 , len(easy_negatives): 25505
len(hard_positives): 1415 , len(hard_negatives): 2457

CUM Mean pos prob: 0.716, Mean neg prob: 0.287
CUM Mean pos logit: 1.307, Mean neg logit: -2.630

Epoch 6, Batch 4400 | Acc: 0.7872 | PosAcc: 0.8283 | NegAcc: 0.7463
len(easy_positives): 23075 , len(easy_negatives): 25628
len(hard_positives): 1425 , len(hard_negatives): 2464

CUM Mean pos prob: 0.716, Mean neg prob: 0.287
CUM Mean pos logit: 1.306, Mean neg logit: -2.631

Epoch 6, Batch 4420 | Acc: 0.7873 | PosAcc: 0.8283 | NegAcc: 0.7462
len(easy_positives): 23197 , len(easy_negatives): 25735
len(hard_positives): 1430 , len(hard_negatives): 2479

CUM Mean pos prob: 0.716, Mean neg prob: 0.287
CUM Mean pos logit: 1.306, Mean neg logit: -2.630

Epoch 6, Batch 4440 | Acc: 0.7873 | PosAcc: 0.8284 | NegAcc: 0.7462
len(easy_positives): 23304 , len(easy_negatives): 25851
len(hard_positives): 1432 , len(hard_negatives): 2490

CUM Mean pos prob: 0.716, Mean neg prob: 0.287
CUM Mean pos logit: 1.307, Mean neg logit: -2.632

Epoch 6, Batch 4460 | Acc: 0.7872 | PosAcc: 0.8283 | NegAcc: 0.7461
len(easy_positives): 23379 , len(easy_negatives): 25954
len(hard_positives): 1438 , len(hard_negatives): 2504

CUM Mean pos prob: 0.716, Mean neg prob: 0.287
CUM Mean pos logit: 1.305, Mean neg logit: -2.629

Epoch 6, Batch 4480 | Acc: 0.7873 | PosAcc: 0.8283 | NegAcc: 0.7463
len(easy_positives): 23474 , len(easy_negatives): 26084
len(hard_positives): 1442 , len(hard_negatives): 2511

CUM Mean pos prob: 0.716, Mean neg prob: 0.287
CUM Mean pos logit: 1.305, Mean neg logit: -2.632

Epoch 6, Batch 4500 | Acc: 0.7873 | PosAcc: 0.8285 | NegAcc: 0.7461
len(easy_positives): 23601 , len(easy_negatives): 26207
len(hard_positives): 1450 , len(hard_negatives): 2529

CUM Mean pos prob: 0.716, Mean neg prob: 0.287
CUM Mean pos logit: 1.306, Mean neg logit: -2.633

Epoch 6, Batch 4520 | Acc: 0.7873 | PosAcc: 0.8284 | NegAcc: 0.7461
len(easy_positives): 23691 , len(easy_negatives): 26334
len(hard_positives): 1457 , len(hard_negatives): 2538

CUM Mean pos prob: 0.716, Mean neg prob: 0.287
CUM Mean pos logit: 1.306, Mean neg logit: -2.634

Epoch 6, Batch 4540 | Acc: 0.7872 | PosAcc: 0.8285 | NegAcc: 0.7458
len(easy_positives): 23806 , len(easy_negatives): 26448
len(hard_positives): 1464 , len(hard_negatives): 2551

CUM Mean pos prob: 0.716, Mean neg prob: 0.287
CUM Mean pos logit: 1.306, Mean neg logit: -2.634

Epoch 6, Batch 4560 | Acc: 0.7871 | PosAcc: 0.8285 | NegAcc: 0.7456
len(easy_positives): 23912 , len(easy_negatives): 26554
len(hard_positives): 1470 , len(hard_negatives): 2566

CUM Mean pos prob: 0.716, Mean neg prob: 0.287
CUM Mean pos logit: 1.306, Mean neg logit: -2.634

Epoch 6, Batch 4580 | Acc: 0.7870 | PosAcc: 0.8285 | NegAcc: 0.7454
len(easy_positives): 24014 , len(easy_negatives): 26657
len(hard_positives): 1476 , len(hard_negatives): 2577

CUM Mean pos prob: 0.716, Mean neg prob: 0.287
CUM Mean pos logit: 1.306, Mean neg logit: -2.631

Epoch 6, Batch 4600 | Acc: 0.7870 | PosAcc: 0.8285 | NegAcc: 0.7454
len(easy_positives): 24109 , len(easy_negatives): 26778
len(hard_positives): 1479 , len(hard_negatives): 2588

CUM Mean pos prob: 0.716, Mean neg prob: 0.287
CUM Mean pos logit: 1.305, Mean neg logit: -2.631

Epoch 6, Batch 4620 | Acc: 0.7870 | PosAcc: 0.8287 | NegAcc: 0.7453
len(easy_positives): 24235 , len(easy_negatives): 26876
len(hard_positives): 1480 , len(hard_negatives): 2606

CUM Mean pos prob: 0.716, Mean neg prob: 0.287
CUM Mean pos logit: 1.306, Mean neg logit: -2.630

Epoch 6, Batch 4640 | Acc: 0.7871 | PosAcc: 0.8287 | NegAcc: 0.7455
len(easy_positives): 24337 , len(easy_negatives): 27006
len(hard_positives): 1489 , len(hard_negatives): 2615

CUM Mean pos prob: 0.716, Mean neg prob: 0.287
CUM Mean pos logit: 1.306, Mean neg logit: -2.634

Epoch 6, Batch 4660 | Acc: 0.7873 | PosAcc: 0.8289 | NegAcc: 0.7457
len(easy_positives): 24447 , len(easy_negatives): 27133
len(hard_positives): 1495 , len(hard_negatives): 2626

CUM Mean pos prob: 0.716, Mean neg prob: 0.287
CUM Mean pos logit: 1.306, Mean neg logit: -2.634

Epoch 6, Batch 4680 | Acc: 0.7874 | PosAcc: 0.8290 | NegAcc: 0.7458
len(easy_positives): 24565 , len(easy_negatives): 27260
len(hard_positives): 1500 , len(hard_negatives): 2641

CUM Mean pos prob: 0.716, Mean neg prob: 0.287
CUM Mean pos logit: 1.307, Mean neg logit: -2.639

Epoch 6, Batch 4700 | Acc: 0.7873 | PosAcc: 0.8289 | NegAcc: 0.7457
len(easy_positives): 24669 , len(easy_negatives): 27371
len(hard_positives): 1505 , len(hard_negatives): 2657

CUM Mean pos prob: 0.716, Mean neg prob: 0.287
CUM Mean pos logit: 1.307, Mean neg logit: -2.640

Epoch 6, Batch 4720 | Acc: 0.7874 | PosAcc: 0.8291 | NegAcc: 0.7456
len(easy_positives): 24789 , len(easy_negatives): 27472
len(hard_positives): 1507 , len(hard_negatives): 2672

CUM Mean pos prob: 0.716, Mean neg prob: 0.287
CUM Mean pos logit: 1.308, Mean neg logit: -2.639

Epoch 6, Batch 4740 | Acc: 0.7874 | PosAcc: 0.8290 | NegAcc: 0.7457
len(easy_positives): 24884 , len(easy_negatives): 27605
len(hard_positives): 1513 , len(hard_negatives): 2685

CUM Mean pos prob: 0.716, Mean neg prob: 0.287
CUM Mean pos logit: 1.307, Mean neg logit: -2.644

Epoch 6, Batch 4760 | Acc: 0.7874 | PosAcc: 0.8290 | NegAcc: 0.7457
len(easy_positives): 24980 , len(easy_negatives): 27732
len(hard_positives): 1521 , len(hard_negatives): 2696

CUM Mean pos prob: 0.716, Mean neg prob: 0.287
CUM Mean pos logit: 1.307, Mean neg logit: -2.646

Epoch 6, Batch 4780 | Acc: 0.7873 | PosAcc: 0.8291 | NegAcc: 0.7455
len(easy_positives): 25090 , len(easy_negatives): 27853
len(hard_positives): 1528 , len(hard_negatives): 2706

CUM Mean pos prob: 0.716, Mean neg prob: 0.287
CUM Mean pos logit: 1.307, Mean neg logit: -2.644

Epoch 6, Batch 4800 | Acc: 0.7874 | PosAcc: 0.8289 | NegAcc: 0.7459
len(easy_positives): 25180 , len(easy_negatives): 28017
len(hard_positives): 1539 , len(hard_negatives): 2713

CUM Mean pos prob: 0.716, Mean neg prob: 0.287
CUM Mean pos logit: 1.307, Mean neg logit: -2.651

Epoch 6, Batch 4820 | Acc: 0.7873 | PosAcc: 0.8289 | NegAcc: 0.7458
len(easy_positives): 25303 , len(easy_negatives): 28135
len(hard_positives): 1546 , len(hard_negatives): 2733

CUM Mean pos prob: 0.716, Mean neg prob: 0.287
CUM Mean pos logit: 1.307, Mean neg logit: -2.651

Epoch 6, Batch 4840 | Acc: 0.7873 | PosAcc: 0.8291 | NegAcc: 0.7456
len(easy_positives): 25408 , len(easy_negatives): 28225
len(hard_positives): 1553 , len(hard_negatives): 2743

CUM Mean pos prob: 0.716, Mean neg prob: 0.287
CUM Mean pos logit: 1.307, Mean neg logit: -2.648

Epoch 6, Batch 4860 | Acc: 0.7874 | PosAcc: 0.8292 | NegAcc: 0.7456
len(easy_positives): 25513 , len(easy_negatives): 28341
len(hard_positives): 1557 , len(hard_negatives): 2752

CUM Mean pos prob: 0.716, Mean neg prob: 0.287
CUM Mean pos logit: 1.307, Mean neg logit: -2.649

Epoch 6, Batch 4880 | Acc: 0.7873 | PosAcc: 0.8291 | NegAcc: 0.7455
len(easy_positives): 25608 , len(easy_negatives): 28468
len(hard_positives): 1565 , len(hard_negatives): 2760

CUM Mean pos prob: 0.716, Mean neg prob: 0.287
CUM Mean pos logit: 1.307, Mean neg logit: -2.648

Epoch 6, Batch 4900 | Acc: 0.7872 | PosAcc: 0.8287 | NegAcc: 0.7456
len(easy_positives): 25693 , len(easy_negatives): 28592
len(hard_positives): 1573 , len(hard_negatives): 2762

CUM Mean pos prob: 0.716, Mean neg prob: 0.287
CUM Mean pos logit: 1.306, Mean neg logit: -2.648

Epoch 6, Batch 4920 | Acc: 0.7870 | PosAcc: 0.8286 | NegAcc: 0.7454
len(easy_positives): 25795 , len(easy_negatives): 28709
len(hard_positives): 1581 , len(hard_negatives): 2775

CUM Mean pos prob: 0.716, Mean neg prob: 0.287
CUM Mean pos logit: 1.306, Mean neg logit: -2.649

	train_accuracy: 0.7870567375886525
	pos train_accuracy: 0.8286896318811212
	neg train_accuracy: 0.7454238432961837
Epoch 6, Batch 20 | Val Acc: 0.7875 | Val PosAcc: 0.8135 | Val NegAcc: 0.7629
len(easy_positives): 129 , len(easy_negatives): 169
len(hard_positives): 8 , len(hard_negatives): 5
CUM Mean pos prob: 0.699, Mean neg prob: 0.265
CUM Mean pos logit: 1.121, Mean neg logit: -2.947

Epoch 6, Batch 40 | Val Acc: 0.7797 | Val PosAcc: 0.8187 | Val NegAcc: 0.7406
len(easy_positives): 257 , len(easy_negatives): 308
len(hard_positives): 18 , len(hard_negatives): 18
CUM Mean pos prob: 0.699, Mean neg prob: 0.282
CUM Mean pos logit: 1.118, Mean neg logit: -2.782

Epoch 6, Batch 60 | Val Acc: 0.7823 | Val PosAcc: 0.8142 | Val NegAcc: 0.7505
len(easy_positives): 372 , len(easy_negatives): 463
len(hard_positives): 25 , len(hard_negatives): 30
CUM Mean pos prob: 0.693, Mean neg prob: 0.283
CUM Mean pos logit: 1.097, Mean neg logit: -2.698

Epoch 6, Batch 80 | Val Acc: 0.7809 | Val PosAcc: 0.8146 | Val NegAcc: 0.7475
len(easy_positives): 480 , len(easy_negatives): 620
len(hard_positives): 34 , len(hard_negatives): 39
CUM Mean pos prob: 0.691, Mean neg prob: 0.283
CUM Mean pos logit: 1.087, Mean neg logit: -2.643

Epoch 6, Batch 100 | Val Acc: 0.7866 | Val PosAcc: 0.8174 | Val NegAcc: 0.7555
len(easy_positives): 601 , len(easy_negatives): 782
len(hard_positives): 51 , len(hard_negatives): 48
CUM Mean pos prob: 0.692, Mean neg prob: 0.278
CUM Mean pos logit: 1.096, Mean neg logit: -2.686

Epoch 6, Batch 120 | Val Acc: 0.7898 | Val PosAcc: 0.8220 | Val NegAcc: 0.7571
len(easy_positives): 724 , len(easy_negatives): 940
len(hard_positives): 56 , len(hard_negatives): 56
CUM Mean pos prob: 0.695, Mean neg prob: 0.276
CUM Mean pos logit: 1.109, Mean neg logit: -2.730

Epoch 6, Batch 140 | Val Acc: 0.7877 | Val PosAcc: 0.8225 | Val NegAcc: 0.7526
len(easy_positives): 837 , len(easy_negatives): 1106
len(hard_positives): 66 , len(hard_negatives): 65
CUM Mean pos prob: 0.695, Mean neg prob: 0.277
CUM Mean pos logit: 1.103, Mean neg logit: -2.755

Epoch 6, Batch 160 | Val Acc: 0.7893 | Val PosAcc: 0.8232 | Val NegAcc: 0.7553
len(easy_positives): 944 , len(easy_negatives): 1271
len(hard_positives): 71 , len(hard_negatives): 73
CUM Mean pos prob: 0.694, Mean neg prob: 0.277
CUM Mean pos logit: 1.095, Mean neg logit: -2.686

Epoch 6, Batch 180 | Val Acc: 0.7877 | Val PosAcc: 0.8240 | Val NegAcc: 0.7515
len(easy_positives): 1064 , len(easy_negatives): 1421
len(hard_positives): 81 , len(hard_negatives): 89
CUM Mean pos prob: 0.694, Mean neg prob: 0.281
CUM Mean pos logit: 1.097, Mean neg logit: -2.646

Epoch 6, Batch 200 | Val Acc: 0.7886 | Val PosAcc: 0.8262 | Val NegAcc: 0.7509
len(easy_positives): 1192 , len(easy_negatives): 1569
len(hard_positives): 85 , len(hard_negatives): 99
CUM Mean pos prob: 0.696, Mean neg prob: 0.282
CUM Mean pos logit: 1.103, Mean neg logit: -2.643

Epoch 6, Batch 220 | Val Acc: 0.7868 | Val PosAcc: 0.8240 | Val NegAcc: 0.7497
len(easy_positives): 1306 , len(easy_negatives): 1719
len(hard_positives): 95 , len(hard_negatives): 111
CUM Mean pos prob: 0.695, Mean neg prob: 0.283
CUM Mean pos logit: 1.098, Mean neg logit: -2.639

Epoch 6, Batch 240 | Val Acc: 0.7884 | Val PosAcc: 0.8223 | Val NegAcc: 0.7545
len(easy_positives): 1435 , len(easy_negatives): 1880
len(hard_positives): 104 , len(hard_negatives): 117
CUM Mean pos prob: 0.695, Mean neg prob: 0.280
CUM Mean pos logit: 1.098, Mean neg logit: -2.659

Epoch 6, Batch 260 | Val Acc: 0.7889 | Val PosAcc: 0.8231 | Val NegAcc: 0.7548
len(easy_positives): 1542 , len(easy_negatives): 2040
len(hard_positives): 111 , len(hard_negatives): 129
CUM Mean pos prob: 0.694, Mean neg prob: 0.280
CUM Mean pos logit: 1.096, Mean neg logit: -2.668

Epoch 6, Batch 280 | Val Acc: 0.7900 | Val PosAcc: 0.8244 | Val NegAcc: 0.7555
len(easy_positives): 1649 , len(easy_negatives): 2189
len(hard_positives): 118 , len(hard_negatives): 140
CUM Mean pos prob: 0.694, Mean neg prob: 0.280
CUM Mean pos logit: 1.093, Mean neg logit: -2.669

Epoch 6, Batch 300 | Val Acc: 0.7906 | Val PosAcc: 0.8246 | Val NegAcc: 0.7567
len(easy_positives): 1763 , len(easy_negatives): 2335
len(hard_positives): 125 , len(hard_negatives): 147
CUM Mean pos prob: 0.694, Mean neg prob: 0.280
CUM Mean pos logit: 1.092, Mean neg logit: -2.638

Epoch 6, Batch 320 | Val Acc: 0.7906 | Val PosAcc: 0.8236 | Val NegAcc: 0.7578
len(easy_positives): 1874 , len(easy_negatives): 2489
len(hard_positives): 129 , len(hard_negatives): 154
CUM Mean pos prob: 0.694, Mean neg prob: 0.280
CUM Mean pos logit: 1.090, Mean neg logit: -2.624

Epoch 6, Batch 340 | Val Acc: 0.7921 | Val PosAcc: 0.8243 | Val NegAcc: 0.7598
len(easy_positives): 1996 , len(easy_negatives): 2639
len(hard_positives): 137 , len(hard_negatives): 162
CUM Mean pos prob: 0.694, Mean neg prob: 0.279
CUM Mean pos logit: 1.090, Mean neg logit: -2.631

Epoch 6, Batch 360 | Val Acc: 0.7938 | Val PosAcc: 0.8254 | Val NegAcc: 0.7623
len(easy_positives): 2126 , len(easy_negatives): 2815
len(hard_positives): 138 , len(hard_negatives): 173
CUM Mean pos prob: 0.695, Mean neg prob: 0.277
CUM Mean pos logit: 1.095, Mean neg logit: -2.643

Epoch 6, Batch 380 | Val Acc: 0.7922 | Val PosAcc: 0.8243 | Val NegAcc: 0.7604
len(easy_positives): 2233 , len(easy_negatives): 2985
len(hard_positives): 148 , len(hard_negatives): 184
CUM Mean pos prob: 0.695, Mean neg prob: 0.277
CUM Mean pos logit: 1.092, Mean neg logit: -2.645

Epoch 6, Batch 400 | Val Acc: 0.7916 | Val PosAcc: 0.8230 | Val NegAcc: 0.7604
len(easy_positives): 2359 , len(easy_negatives): 3141
len(hard_positives): 154 , len(hard_negatives): 195
CUM Mean pos prob: 0.695, Mean neg prob: 0.277
CUM Mean pos logit: 1.092, Mean neg logit: -2.654

Epoch 6, Batch 420 | Val Acc: 0.7923 | Val PosAcc: 0.8226 | Val NegAcc: 0.7621
len(easy_positives): 2478 , len(easy_negatives): 3292
len(hard_positives): 158 , len(hard_negatives): 202
CUM Mean pos prob: 0.695, Mean neg prob: 0.277
CUM Mean pos logit: 1.096, Mean neg logit: -2.659

Epoch 6, Batch 440 | Val Acc: 0.7925 | Val PosAcc: 0.8234 | Val NegAcc: 0.7619
len(easy_positives): 2597 , len(easy_negatives): 3457
len(hard_positives): 164 , len(hard_negatives): 211
CUM Mean pos prob: 0.695, Mean neg prob: 0.277
CUM Mean pos logit: 1.099, Mean neg logit: -2.667

Epoch 6, Batch 460 | Val Acc: 0.7926 | Val PosAcc: 0.8231 | Val NegAcc: 0.7623
len(easy_positives): 2716 , len(easy_negatives): 3617
len(hard_positives): 167 , len(hard_negatives): 218
CUM Mean pos prob: 0.695, Mean neg prob: 0.276
CUM Mean pos logit: 1.102, Mean neg logit: -2.670

Epoch 6, Batch 480 | Val Acc: 0.7917 | Val PosAcc: 0.8229 | Val NegAcc: 0.7608
len(easy_positives): 2849 , len(easy_negatives): 3769
len(hard_positives): 177 , len(hard_negatives): 227
CUM Mean pos prob: 0.696, Mean neg prob: 0.277
CUM Mean pos logit: 1.107, Mean neg logit: -2.655

Epoch 6, Batch 500 | Val Acc: 0.7920 | Val PosAcc: 0.8227 | Val NegAcc: 0.7618
len(easy_positives): 2948 , len(easy_negatives): 3929
len(hard_positives): 182 , len(hard_negatives): 234
CUM Mean pos prob: 0.696, Mean neg prob: 0.277
CUM Mean pos logit: 1.103, Mean neg logit: -2.655

Epoch 6, Batch 520 | Val Acc: 0.7908 | Val PosAcc: 0.8205 | Val NegAcc: 0.7615
len(easy_positives): 3055 , len(easy_negatives): 4083
len(hard_positives): 190 , len(hard_negatives): 247
CUM Mean pos prob: 0.695, Mean neg prob: 0.277
CUM Mean pos logit: 1.098, Mean neg logit: -2.645

Epoch 6, Batch 540 | Val Acc: 0.7906 | Val PosAcc: 0.8202 | Val NegAcc: 0.7614
len(easy_positives): 3173 , len(easy_negatives): 4243
len(hard_positives): 201 , len(hard_negatives): 255
CUM Mean pos prob: 0.695, Mean neg prob: 0.277
CUM Mean pos logit: 1.099, Mean neg logit: -2.650

Epoch 6, Batch 560 | Val Acc: 0.7903 | Val PosAcc: 0.8193 | Val NegAcc: 0.7618
len(easy_positives): 3273 , len(easy_negatives): 4421
len(hard_positives): 203 , len(hard_negatives): 263
CUM Mean pos prob: 0.694, Mean neg prob: 0.276
CUM Mean pos logit: 1.097, Mean neg logit: -2.656

Epoch 6, Batch 580 | Val Acc: 0.7896 | Val PosAcc: 0.8181 | Val NegAcc: 0.7616
len(easy_positives): 3388 , len(easy_negatives): 4573
len(hard_positives): 209 , len(hard_negatives): 269
CUM Mean pos prob: 0.694, Mean neg prob: 0.276
CUM Mean pos logit: 1.095, Mean neg logit: -2.658

Epoch 6, Batch 600 | Val Acc: 0.7895 | Val PosAcc: 0.8181 | Val NegAcc: 0.7613
len(easy_positives): 3514 , len(easy_negatives): 4733
len(hard_positives): 219 , len(hard_negatives): 274
CUM Mean pos prob: 0.694, Mean neg prob: 0.276
CUM Mean pos logit: 1.092, Mean neg logit: -2.672

Epoch 6, Batch 620 | Val Acc: 0.7894 | Val PosAcc: 0.8182 | Val NegAcc: 0.7610
len(easy_positives): 3628 , len(easy_negatives): 4885
len(hard_positives): 223 , len(hard_negatives): 286
CUM Mean pos prob: 0.694, Mean neg prob: 0.276
CUM Mean pos logit: 1.093, Mean neg logit: -2.673

Epoch 6, Batch 640 | Val Acc: 0.7894 | Val PosAcc: 0.8179 | Val NegAcc: 0.7611
len(easy_positives): 3749 , len(easy_negatives): 5046
len(hard_positives): 234 , len(hard_negatives): 296
CUM Mean pos prob: 0.694, Mean neg prob: 0.276
CUM Mean pos logit: 1.093, Mean neg logit: -2.668

Epoch 6, Batch 660 | Val Acc: 0.7891 | Val PosAcc: 0.8180 | Val NegAcc: 0.7605
len(easy_positives): 3867 , len(easy_negatives): 5199
len(hard_positives): 246 , len(hard_negatives): 312
CUM Mean pos prob: 0.694, Mean neg prob: 0.276
CUM Mean pos logit: 1.093, Mean neg logit: -2.663

Epoch 6, Batch 680 | Val Acc: 0.7892 | Val PosAcc: 0.8182 | Val NegAcc: 0.7606
len(easy_positives): 3998 , len(easy_negatives): 5345
len(hard_positives): 256 , len(hard_negatives): 320
CUM Mean pos prob: 0.694, Mean neg prob: 0.277
CUM Mean pos logit: 1.094, Mean neg logit: -2.666

Epoch 6, Batch 700 | Val Acc: 0.7900 | Val PosAcc: 0.8194 | Val NegAcc: 0.7609
len(easy_positives): 4112 , len(easy_negatives): 5493
len(hard_positives): 262 , len(hard_negatives): 333
CUM Mean pos prob: 0.694, Mean neg prob: 0.277
CUM Mean pos logit: 1.094, Mean neg logit: -2.660

Epoch 6, Batch 720 | Val Acc: 0.7891 | Val PosAcc: 0.8191 | Val NegAcc: 0.7593
len(easy_positives): 4235 , len(easy_negatives): 5636
len(hard_positives): 267 , len(hard_negatives): 339
CUM Mean pos prob: 0.694, Mean neg prob: 0.278
CUM Mean pos logit: 1.094, Mean neg logit: -2.652

Epoch 6, Batch 740 | Val Acc: 0.7891 | Val PosAcc: 0.8192 | Val NegAcc: 0.7593
len(easy_positives): 4347 , len(easy_negatives): 5789
len(hard_positives): 275 , len(hard_negatives): 342
CUM Mean pos prob: 0.694, Mean neg prob: 0.278
CUM Mean pos logit: 1.094, Mean neg logit: -2.642

Epoch 6, Batch 760 | Val Acc: 0.7888 | Val PosAcc: 0.8182 | Val NegAcc: 0.7596
len(easy_positives): 4453 , len(easy_negatives): 5941
len(hard_positives): 285 , len(hard_negatives): 349
CUM Mean pos prob: 0.694, Mean neg prob: 0.278
CUM Mean pos logit: 1.089, Mean neg logit: -2.642

Epoch 6, Batch 780 | Val Acc: 0.7888 | Val PosAcc: 0.8181 | Val NegAcc: 0.7597
len(easy_positives): 4582 , len(easy_negatives): 6087
len(hard_positives): 294 , len(hard_negatives): 358
CUM Mean pos prob: 0.694, Mean neg prob: 0.278
CUM Mean pos logit: 1.092, Mean neg logit: -2.637

Epoch 6, Batch 800 | Val Acc: 0.7892 | Val PosAcc: 0.8183 | Val NegAcc: 0.7603
len(easy_positives): 4703 , len(easy_negatives): 6253
len(hard_positives): 302 , len(hard_negatives): 366
CUM Mean pos prob: 0.694, Mean neg prob: 0.278
CUM Mean pos logit: 1.092, Mean neg logit: -2.637

Epoch 6, Batch 820 | Val Acc: 0.7899 | Val PosAcc: 0.8195 | Val NegAcc: 0.7603
len(easy_positives): 4807 , len(easy_negatives): 6389
len(hard_positives): 305 , len(hard_negatives): 375
CUM Mean pos prob: 0.694, Mean neg prob: 0.278
CUM Mean pos logit: 1.091, Mean neg logit: -2.633

Epoch 6, Batch 840 | Val Acc: 0.7896 | Val PosAcc: 0.8192 | Val NegAcc: 0.7600
len(easy_positives): 4908 , len(easy_negatives): 6556
len(hard_positives): 316 , len(hard_negatives): 384
CUM Mean pos prob: 0.694, Mean neg prob: 0.278
CUM Mean pos logit: 1.089, Mean neg logit: -2.633

Epoch 6, Batch 860 | Val Acc: 0.7897 | Val PosAcc: 0.8198 | Val NegAcc: 0.7597
len(easy_positives): 5043 , len(easy_negatives): 6694
len(hard_positives): 319 , len(hard_negatives): 394
CUM Mean pos prob: 0.694, Mean neg prob: 0.278
CUM Mean pos logit: 1.092, Mean neg logit: -2.634

Epoch 6, Batch 880 | Val Acc: 0.7895 | Val PosAcc: 0.8194 | Val NegAcc: 0.7596
len(easy_positives): 5152 , len(easy_negatives): 6834
len(hard_positives): 329 , len(hard_negatives): 407
CUM Mean pos prob: 0.694, Mean neg prob: 0.278
CUM Mean pos logit: 1.089, Mean neg logit: -2.629

Epoch 6, Batch 900 | Val Acc: 0.7895 | Val PosAcc: 0.8189 | Val NegAcc: 0.7601
len(easy_positives): 5262 , len(easy_negatives): 6980
len(hard_positives): 338 , len(hard_negatives): 418
CUM Mean pos prob: 0.693, Mean neg prob: 0.278
CUM Mean pos logit: 1.087, Mean neg logit: -2.634

Epoch 6, Batch 920 | Val Acc: 0.7891 | Val PosAcc: 0.8183 | Val NegAcc: 0.7598
len(easy_positives): 5389 , len(easy_negatives): 7128
len(hard_positives): 345 , len(hard_negatives): 431
CUM Mean pos prob: 0.693, Mean neg prob: 0.278
CUM Mean pos logit: 1.088, Mean neg logit: -2.626

Epoch 6, Batch 940 | Val Acc: 0.7893 | Val PosAcc: 0.8183 | Val NegAcc: 0.7604
len(easy_positives): 5482 , len(easy_negatives): 7302
len(hard_positives): 353 , len(hard_negatives): 442
CUM Mean pos prob: 0.693, Mean neg prob: 0.278
CUM Mean pos logit: 1.084, Mean neg logit: -2.637

Epoch 6, Batch 960 | Val Acc: 0.7895 | Val PosAcc: 0.8183 | Val NegAcc: 0.7607
len(easy_positives): 5591 , len(easy_negatives): 7485
len(hard_positives): 357 , len(hard_negatives): 453
CUM Mean pos prob: 0.693, Mean neg prob: 0.277
CUM Mean pos logit: 1.085, Mean neg logit: -2.636

Epoch 6, Batch 980 | Val Acc: 0.7895 | Val PosAcc: 0.8177 | Val NegAcc: 0.7615
len(easy_positives): 5714 , len(easy_negatives): 7648
len(hard_positives): 367 , len(hard_negatives): 458
CUM Mean pos prob: 0.693, Mean neg prob: 0.277
CUM Mean pos logit: 1.085, Mean neg logit: -2.651

Epoch 6, Batch 1000 | Val Acc: 0.7893 | Val PosAcc: 0.8175 | Val NegAcc: 0.7612
len(easy_positives): 5837 , len(easy_negatives): 7803
len(hard_positives): 370 , len(hard_negatives): 470
CUM Mean pos prob: 0.693, Mean neg prob: 0.277
CUM Mean pos logit: 1.085, Mean neg logit: -2.647

Epoch 6, Batch 1020 | Val Acc: 0.7898 | Val PosAcc: 0.8180 | Val NegAcc: 0.7617
len(easy_positives): 5962 , len(easy_negatives): 7956
len(hard_positives): 373 , len(hard_negatives): 480
CUM Mean pos prob: 0.693, Mean neg prob: 0.277
CUM Mean pos logit: 1.087, Mean neg logit: -2.646

Epoch 6, Batch 1040 | Val Acc: 0.7901 | Val PosAcc: 0.8181 | Val NegAcc: 0.7622
len(easy_positives): 6080 , len(easy_negatives): 8119
len(hard_positives): 383 , len(hard_negatives): 491
CUM Mean pos prob: 0.693, Mean neg prob: 0.277
CUM Mean pos logit: 1.087, Mean neg logit: -2.653

Epoch 6, Batch 1060 | Val Acc: 0.7899 | Val PosAcc: 0.8174 | Val NegAcc: 0.7624
len(easy_positives): 6200 , len(easy_negatives): 8276
len(hard_positives): 394 , len(hard_negatives): 502
CUM Mean pos prob: 0.693, Mean neg prob: 0.277
CUM Mean pos logit: 1.086, Mean neg logit: -2.653

Epoch 6, Batch 1080 | Val Acc: 0.7896 | Val PosAcc: 0.8172 | Val NegAcc: 0.7620
len(easy_positives): 6314 , len(easy_negatives): 8434
len(hard_positives): 398 , len(hard_negatives): 517
CUM Mean pos prob: 0.693, Mean neg prob: 0.277
CUM Mean pos logit: 1.087, Mean neg logit: -2.652

Epoch 6, Batch 1100 | Val Acc: 0.7893 | Val PosAcc: 0.8171 | Val NegAcc: 0.7617
len(easy_positives): 6423 , len(easy_negatives): 8604
len(hard_positives): 409 , len(hard_negatives): 526
CUM Mean pos prob: 0.693, Mean neg prob: 0.277
CUM Mean pos logit: 1.086, Mean neg logit: -2.654

Epoch 6, Batch 1120 | Val Acc: 0.7893 | Val PosAcc: 0.8168 | Val NegAcc: 0.7619
len(easy_positives): 6541 , len(easy_negatives): 8760
len(hard_positives): 422 , len(hard_negatives): 539
CUM Mean pos prob: 0.693, Mean neg prob: 0.277
CUM Mean pos logit: 1.086, Mean neg logit: -2.649

Epoch 6, Batch 1140 | Val Acc: 0.7893 | Val PosAcc: 0.8164 | Val NegAcc: 0.7623
len(easy_positives): 6654 , len(easy_negatives): 8918
len(hard_positives): 427 , len(hard_negatives): 547
CUM Mean pos prob: 0.693, Mean neg prob: 0.277
CUM Mean pos logit: 1.083, Mean neg logit: -2.649

Epoch 6, Batch 1160 | Val Acc: 0.7893 | Val PosAcc: 0.8166 | Val NegAcc: 0.7620
len(easy_positives): 6780 , len(easy_negatives): 9071
len(hard_positives): 434 , len(hard_negatives): 556
CUM Mean pos prob: 0.693, Mean neg prob: 0.277
CUM Mean pos logit: 1.085, Mean neg logit: -2.651

Epoch 6, Batch 1180 | Val Acc: 0.7894 | Val PosAcc: 0.8165 | Val NegAcc: 0.7624
len(easy_positives): 6887 , len(easy_negatives): 9240
len(hard_positives): 445 , len(hard_negatives): 564
CUM Mean pos prob: 0.693, Mean neg prob: 0.276
CUM Mean pos logit: 1.084, Mean neg logit: -2.666

Epoch 6, Batch 1200 | Val Acc: 0.7892 | Val PosAcc: 0.8160 | Val NegAcc: 0.7624
len(easy_positives): 6999 , len(easy_negatives): 9384
len(hard_positives): 452 , len(hard_negatives): 572
CUM Mean pos prob: 0.692, Mean neg prob: 0.276
CUM Mean pos logit: 1.082, Mean neg logit: -2.666

Epoch 6, Batch 1220 | Val Acc: 0.7892 | Val PosAcc: 0.8160 | Val NegAcc: 0.7624
len(easy_positives): 7108 , len(easy_negatives): 9544
len(hard_positives): 462 , len(hard_negatives): 579
CUM Mean pos prob: 0.692, Mean neg prob: 0.276
CUM Mean pos logit: 1.081, Mean neg logit: -2.665

	val_accuracy: 0.7891590678824721
	pos val_accuracy: 0.8160587639311043
	neg val_accuracy: 0.76225937183384
../Sim5/model6_FE2dis_inrWaterPHD2_5.pt
Epoch 7, Batch 20 | Acc: 0.7562 | PosAcc: 0.7897 | NegAcc: 0.7247
len(easy_positives): 92 , len(easy_negatives): 131
len(hard_positives): 2 , len(hard_negatives): 18

CUM Mean pos prob: 0.700, Mean neg prob: 0.288
CUM Mean pos logit: 1.167, Mean neg logit: -2.920

Epoch 7, Batch 40 | Acc: 0.7719 | PosAcc: 0.8063 | NegAcc: 0.7381
len(easy_positives): 192 , len(easy_negatives): 238
len(hard_positives): 10 , len(hard_negatives): 28

CUM Mean pos prob: 0.700, Mean neg prob: 0.289
CUM Mean pos logit: 1.167, Mean neg logit: -2.760

Epoch 7, Batch 60 | Acc: 0.7812 | PosAcc: 0.8182 | NegAcc: 0.7459
len(easy_positives): 286 , len(easy_negatives): 364
len(hard_positives): 16 , len(hard_negatives): 40

CUM Mean pos prob: 0.704, Mean neg prob: 0.284
CUM Mean pos logit: 1.229, Mean neg logit: -2.846

Epoch 7, Batch 80 | Acc: 0.7896 | PosAcc: 0.8269 | NegAcc: 0.7541
len(easy_positives): 394 , len(easy_negatives): 495
len(hard_positives): 21 , len(hard_negatives): 49

CUM Mean pos prob: 0.710, Mean neg prob: 0.277
CUM Mean pos logit: 1.267, Mean neg logit: -3.061

Epoch 7, Batch 100 | Acc: 0.7933 | PosAcc: 0.8324 | NegAcc: 0.7552
len(easy_positives): 525 , len(easy_negatives): 616
len(hard_positives): 26 , len(hard_negatives): 65

CUM Mean pos prob: 0.717, Mean neg prob: 0.276
CUM Mean pos logit: 1.346, Mean neg logit: -3.047

Epoch 7, Batch 120 | Acc: 0.7899 | PosAcc: 0.8338 | NegAcc: 0.7462
len(easy_positives): 637 , len(easy_negatives): 718
len(hard_positives): 35 , len(hard_negatives): 78

CUM Mean pos prob: 0.718, Mean neg prob: 0.283
CUM Mean pos logit: 1.341, Mean neg logit: -2.907

Epoch 7, Batch 140 | Acc: 0.7946 | PosAcc: 0.8398 | NegAcc: 0.7488
len(easy_positives): 745 , len(easy_negatives): 827
len(hard_positives): 40 , len(hard_negatives): 87

CUM Mean pos prob: 0.720, Mean neg prob: 0.284
CUM Mean pos logit: 1.343, Mean neg logit: -2.850

Epoch 7, Batch 160 | Acc: 0.7917 | PosAcc: 0.8381 | NegAcc: 0.7442
len(easy_positives): 871 , len(easy_negatives): 936
len(hard_positives): 46 , len(hard_negatives): 100

CUM Mean pos prob: 0.721, Mean neg prob: 0.287
CUM Mean pos logit: 1.353, Mean neg logit: -2.811

Epoch 7, Batch 180 | Acc: 0.7907 | PosAcc: 0.8325 | NegAcc: 0.7485
len(easy_positives): 965 , len(easy_negatives): 1052
len(hard_positives): 51 , len(hard_negatives): 110

CUM Mean pos prob: 0.719, Mean neg prob: 0.286
CUM Mean pos logit: 1.346, Mean neg logit: -2.801

Epoch 7, Batch 200 | Acc: 0.7917 | PosAcc: 0.8362 | NegAcc: 0.7463
len(easy_positives): 1081 , len(easy_negatives): 1165
len(hard_positives): 56 , len(hard_negatives): 125

CUM Mean pos prob: 0.721, Mean neg prob: 0.287
CUM Mean pos logit: 1.372, Mean neg logit: -2.820

Epoch 7, Batch 220 | Acc: 0.7937 | PosAcc: 0.8365 | NegAcc: 0.7501
len(easy_positives): 1199 , len(easy_negatives): 1293
len(hard_positives): 59 , len(hard_negatives): 140

CUM Mean pos prob: 0.722, Mean neg prob: 0.284
CUM Mean pos logit: 1.387, Mean neg logit: -2.854

Epoch 7, Batch 240 | Acc: 0.7944 | PosAcc: 0.8373 | NegAcc: 0.7510
len(easy_positives): 1312 , len(easy_negatives): 1430
len(hard_positives): 63 , len(hard_negatives): 151

CUM Mean pos prob: 0.724, Mean neg prob: 0.282
CUM Mean pos logit: 1.395, Mean neg logit: -2.909

Epoch 7, Batch 260 | Acc: 0.7920 | PosAcc: 0.8345 | NegAcc: 0.7485
len(easy_positives): 1445 , len(easy_negatives): 1543
len(hard_positives): 72 , len(hard_negatives): 159

CUM Mean pos prob: 0.725, Mean neg prob: 0.282
CUM Mean pos logit: 1.408, Mean neg logit: -2.900

Epoch 7, Batch 280 | Acc: 0.7927 | PosAcc: 0.8364 | NegAcc: 0.7480
len(easy_positives): 1560 , len(easy_negatives): 1667
len(hard_positives): 77 , len(hard_negatives): 170

CUM Mean pos prob: 0.726, Mean neg prob: 0.282
CUM Mean pos logit: 1.417, Mean neg logit: -2.936

Epoch 7, Batch 300 | Acc: 0.7940 | PosAcc: 0.8386 | NegAcc: 0.7484
len(easy_positives): 1670 , len(easy_negatives): 1778
len(hard_positives): 82 , len(hard_negatives): 183

CUM Mean pos prob: 0.726, Mean neg prob: 0.282
CUM Mean pos logit: 1.412, Mean neg logit: -2.917

Epoch 7, Batch 320 | Acc: 0.7947 | PosAcc: 0.8385 | NegAcc: 0.7503
len(easy_positives): 1769 , len(easy_negatives): 1918
len(hard_positives): 88 , len(hard_negatives): 193

CUM Mean pos prob: 0.726, Mean neg prob: 0.281
CUM Mean pos logit: 1.409, Mean neg logit: -2.923

Epoch 7, Batch 340 | Acc: 0.7947 | PosAcc: 0.8379 | NegAcc: 0.7513
len(easy_positives): 1869 , len(easy_negatives): 2042
len(hard_positives): 92 , len(hard_negatives): 200

CUM Mean pos prob: 0.726, Mean neg prob: 0.280
CUM Mean pos logit: 1.403, Mean neg logit: -2.911

Epoch 7, Batch 360 | Acc: 0.7956 | PosAcc: 0.8386 | NegAcc: 0.7523
len(easy_positives): 1986 , len(easy_negatives): 2180
len(hard_positives): 98 , len(hard_negatives): 213

CUM Mean pos prob: 0.726, Mean neg prob: 0.279
CUM Mean pos logit: 1.412, Mean neg logit: -2.934

Epoch 7, Batch 380 | Acc: 0.7948 | PosAcc: 0.8385 | NegAcc: 0.7510
len(easy_positives): 2105 , len(easy_negatives): 2304
len(hard_positives): 108 , len(hard_negatives): 226

CUM Mean pos prob: 0.727, Mean neg prob: 0.279
CUM Mean pos logit: 1.416, Mean neg logit: -2.937

Epoch 7, Batch 400 | Acc: 0.7946 | PosAcc: 0.8357 | NegAcc: 0.7534
len(easy_positives): 2200 , len(easy_negatives): 2430
len(hard_positives): 113 , len(hard_negatives): 233

CUM Mean pos prob: 0.725, Mean neg prob: 0.279
CUM Mean pos logit: 1.401, Mean neg logit: -2.912

Epoch 7, Batch 420 | Acc: 0.7947 | PosAcc: 0.8353 | NegAcc: 0.7540
len(easy_positives): 2330 , len(easy_negatives): 2547
len(hard_positives): 118 , len(hard_negatives): 247

CUM Mean pos prob: 0.726, Mean neg prob: 0.279
CUM Mean pos logit: 1.409, Mean neg logit: -2.894

Epoch 7, Batch 440 | Acc: 0.7943 | PosAcc: 0.8336 | NegAcc: 0.7549
len(easy_positives): 2424 , len(easy_negatives): 2666
len(hard_positives): 129 , len(hard_negatives): 256

CUM Mean pos prob: 0.724, Mean neg prob: 0.279
CUM Mean pos logit: 1.400, Mean neg logit: -2.883

Epoch 7, Batch 460 | Acc: 0.7946 | PosAcc: 0.8333 | NegAcc: 0.7556
len(easy_positives): 2541 , len(easy_negatives): 2789
len(hard_positives): 140 , len(hard_negatives): 268

CUM Mean pos prob: 0.725, Mean neg prob: 0.278
CUM Mean pos logit: 1.407, Mean neg logit: -2.883

Epoch 7, Batch 480 | Acc: 0.7945 | PosAcc: 0.8344 | NegAcc: 0.7542
len(easy_positives): 2669 , len(easy_negatives): 2902
len(hard_positives): 148 , len(hard_negatives): 284

CUM Mean pos prob: 0.725, Mean neg prob: 0.279
CUM Mean pos logit: 1.408, Mean neg logit: -2.882

Epoch 7, Batch 500 | Acc: 0.7947 | PosAcc: 0.8346 | NegAcc: 0.7546
len(easy_positives): 2784 , len(easy_negatives): 3026
len(hard_positives): 152 , len(hard_negatives): 299

CUM Mean pos prob: 0.726, Mean neg prob: 0.279
CUM Mean pos logit: 1.412, Mean neg logit: -2.883

Epoch 7, Batch 520 | Acc: 0.7943 | PosAcc: 0.8348 | NegAcc: 0.7534
len(easy_positives): 2897 , len(easy_negatives): 3150
len(hard_positives): 161 , len(hard_negatives): 319

CUM Mean pos prob: 0.726, Mean neg prob: 0.280
CUM Mean pos logit: 1.411, Mean neg logit: -2.883

Epoch 7, Batch 540 | Acc: 0.7940 | PosAcc: 0.8347 | NegAcc: 0.7528
len(easy_positives): 3001 , len(easy_negatives): 3266
len(hard_positives): 168 , len(hard_negatives): 330

CUM Mean pos prob: 0.725, Mean neg prob: 0.280
CUM Mean pos logit: 1.408, Mean neg logit: -2.869

Epoch 7, Batch 560 | Acc: 0.7943 | PosAcc: 0.8335 | NegAcc: 0.7548
len(easy_positives): 3085 , len(easy_negatives): 3410
len(hard_positives): 177 , len(hard_negatives): 334

CUM Mean pos prob: 0.724, Mean neg prob: 0.278
CUM Mean pos logit: 1.399, Mean neg logit: -2.880

Epoch 7, Batch 580 | Acc: 0.7942 | PosAcc: 0.8344 | NegAcc: 0.7537
len(easy_positives): 3211 , len(easy_negatives): 3534
len(hard_positives): 186 , len(hard_negatives): 350

CUM Mean pos prob: 0.725, Mean neg prob: 0.279
CUM Mean pos logit: 1.404, Mean neg logit: -2.879

Epoch 7, Batch 600 | Acc: 0.7953 | PosAcc: 0.8355 | NegAcc: 0.7551
len(easy_positives): 3316 , len(easy_negatives): 3672
len(hard_positives): 195 , len(hard_negatives): 358

CUM Mean pos prob: 0.725, Mean neg prob: 0.278
CUM Mean pos logit: 1.405, Mean neg logit: -2.886

Epoch 7, Batch 620 | Acc: 0.7956 | PosAcc: 0.8357 | NegAcc: 0.7554
len(easy_positives): 3437 , len(easy_negatives): 3792
len(hard_positives): 202 , len(hard_negatives): 368

CUM Mean pos prob: 0.726, Mean neg prob: 0.277
CUM Mean pos logit: 1.409, Mean neg logit: -2.918

Epoch 7, Batch 640 | Acc: 0.7954 | PosAcc: 0.8352 | NegAcc: 0.7557
len(easy_positives): 3530 , len(easy_negatives): 3925
len(hard_positives): 208 , len(hard_negatives): 382

CUM Mean pos prob: 0.725, Mean neg prob: 0.277
CUM Mean pos logit: 1.407, Mean neg logit: -2.927

Epoch 7, Batch 660 | Acc: 0.7949 | PosAcc: 0.8341 | NegAcc: 0.7557
len(easy_positives): 3635 , len(easy_negatives): 4044
len(hard_positives): 215 , len(hard_negatives): 395

CUM Mean pos prob: 0.725, Mean neg prob: 0.277
CUM Mean pos logit: 1.402, Mean neg logit: -2.929

Epoch 7, Batch 680 | Acc: 0.7944 | PosAcc: 0.8343 | NegAcc: 0.7545
len(easy_positives): 3755 , len(easy_negatives): 4147
len(hard_positives): 222 , len(hard_negatives): 405

CUM Mean pos prob: 0.725, Mean neg prob: 0.278
CUM Mean pos logit: 1.403, Mean neg logit: -2.912

Epoch 7, Batch 700 | Acc: 0.7935 | PosAcc: 0.8347 | NegAcc: 0.7524
len(easy_positives): 3844 , len(easy_negatives): 4250
len(hard_positives): 226 , len(hard_negatives): 412

CUM Mean pos prob: 0.724, Mean neg prob: 0.279
CUM Mean pos logit: 1.399, Mean neg logit: -2.896

Epoch 7, Batch 720 | Acc: 0.7924 | PosAcc: 0.8333 | NegAcc: 0.7515
len(easy_positives): 3930 , len(easy_negatives): 4362
len(hard_positives): 231 , len(hard_negatives): 421

CUM Mean pos prob: 0.723, Mean neg prob: 0.280
CUM Mean pos logit: 1.389, Mean neg logit: -2.888

Epoch 7, Batch 740 | Acc: 0.7917 | PosAcc: 0.8331 | NegAcc: 0.7503
len(easy_positives): 4009 , len(easy_negatives): 4489
len(hard_positives): 235 , len(hard_negatives): 433

CUM Mean pos prob: 0.723, Mean neg prob: 0.280
CUM Mean pos logit: 1.382, Mean neg logit: -2.870

Epoch 7, Batch 760 | Acc: 0.7922 | PosAcc: 0.8337 | NegAcc: 0.7506
len(easy_positives): 4122 , len(easy_negatives): 4613
len(hard_positives): 240 , len(hard_negatives): 447

CUM Mean pos prob: 0.723, Mean neg prob: 0.280
CUM Mean pos logit: 1.384, Mean neg logit: -2.888

Epoch 7, Batch 780 | Acc: 0.7926 | PosAcc: 0.8346 | NegAcc: 0.7503
len(easy_positives): 4248 , len(easy_negatives): 4720
len(hard_positives): 242 , len(hard_negatives): 465

CUM Mean pos prob: 0.723, Mean neg prob: 0.281
CUM Mean pos logit: 1.387, Mean neg logit: -2.880

Epoch 7, Batch 800 | Acc: 0.7929 | PosAcc: 0.8350 | NegAcc: 0.7504
len(easy_positives): 4381 , len(easy_negatives): 4844
len(hard_positives): 250 , len(hard_negatives): 475

CUM Mean pos prob: 0.724, Mean neg prob: 0.280
CUM Mean pos logit: 1.391, Mean neg logit: -2.881

Epoch 7, Batch 820 | Acc: 0.7925 | PosAcc: 0.8352 | NegAcc: 0.7495
len(easy_positives): 4493 , len(easy_negatives): 4957
len(hard_positives): 253 , len(hard_negatives): 493

CUM Mean pos prob: 0.724, Mean neg prob: 0.281
CUM Mean pos logit: 1.390, Mean neg logit: -2.878

Epoch 7, Batch 840 | Acc: 0.7933 | PosAcc: 0.8361 | NegAcc: 0.7502
len(easy_positives): 4596 , len(easy_negatives): 5076
len(hard_positives): 257 , len(hard_negatives): 498

CUM Mean pos prob: 0.724, Mean neg prob: 0.281
CUM Mean pos logit: 1.390, Mean neg logit: -2.874

Epoch 7, Batch 860 | Acc: 0.7933 | PosAcc: 0.8362 | NegAcc: 0.7501
len(easy_positives): 4714 , len(easy_negatives): 5196
len(hard_positives): 271 , len(hard_negatives): 511

CUM Mean pos prob: 0.725, Mean neg prob: 0.281
CUM Mean pos logit: 1.395, Mean neg logit: -2.878

Epoch 7, Batch 880 | Acc: 0.7933 | PosAcc: 0.8367 | NegAcc: 0.7496
len(easy_positives): 4839 , len(easy_negatives): 5308
len(hard_positives): 279 , len(hard_negatives): 527

CUM Mean pos prob: 0.725, Mean neg prob: 0.281
CUM Mean pos logit: 1.397, Mean neg logit: -2.875

Epoch 7, Batch 900 | Acc: 0.7935 | PosAcc: 0.8369 | NegAcc: 0.7497
len(easy_positives): 4954 , len(easy_negatives): 5417
len(hard_positives): 290 , len(hard_negatives): 538

CUM Mean pos prob: 0.725, Mean neg prob: 0.281
CUM Mean pos logit: 1.394, Mean neg logit: -2.870

Epoch 7, Batch 920 | Acc: 0.7929 | PosAcc: 0.8372 | NegAcc: 0.7483
len(easy_positives): 5049 , len(easy_negatives): 5519
len(hard_positives): 295 , len(hard_negatives): 550

CUM Mean pos prob: 0.724, Mean neg prob: 0.282
CUM Mean pos logit: 1.390, Mean neg logit: -2.854

Epoch 7, Batch 940 | Acc: 0.7926 | PosAcc: 0.8360 | NegAcc: 0.7489
len(easy_positives): 5137 , len(easy_negatives): 5642
len(hard_positives): 303 , len(hard_negatives): 563

CUM Mean pos prob: 0.724, Mean neg prob: 0.282
CUM Mean pos logit: 1.385, Mean neg logit: -2.845

Epoch 7, Batch 960 | Acc: 0.7921 | PosAcc: 0.8342 | NegAcc: 0.7498
len(easy_positives): 5206 , len(easy_negatives): 5761
len(hard_positives): 313 , len(hard_negatives): 571

CUM Mean pos prob: 0.722, Mean neg prob: 0.282
CUM Mean pos logit: 1.375, Mean neg logit: -2.843

Epoch 7, Batch 980 | Acc: 0.7923 | PosAcc: 0.8352 | NegAcc: 0.7492
len(easy_positives): 5324 , len(easy_negatives): 5881
len(hard_positives): 316 , len(hard_negatives): 588

CUM Mean pos prob: 0.723, Mean neg prob: 0.282
CUM Mean pos logit: 1.382, Mean neg logit: -2.842

Epoch 7, Batch 1000 | Acc: 0.7923 | PosAcc: 0.8360 | NegAcc: 0.7484
len(easy_positives): 5441 , len(easy_negatives): 5996
len(hard_positives): 324 , len(hard_negatives): 599

CUM Mean pos prob: 0.723, Mean neg prob: 0.282
CUM Mean pos logit: 1.383, Mean neg logit: -2.846

Epoch 7, Batch 1020 | Acc: 0.7926 | PosAcc: 0.8365 | NegAcc: 0.7483
len(easy_positives): 5567 , len(easy_negatives): 6118
len(hard_positives): 329 , len(hard_negatives): 612

CUM Mean pos prob: 0.724, Mean neg prob: 0.282
CUM Mean pos logit: 1.386, Mean neg logit: -2.852

Epoch 7, Batch 1040 | Acc: 0.7927 | PosAcc: 0.8364 | NegAcc: 0.7487
len(easy_positives): 5682 , len(easy_negatives): 6249
len(hard_positives): 340 , len(hard_negatives): 623

CUM Mean pos prob: 0.724, Mean neg prob: 0.281
CUM Mean pos logit: 1.388, Mean neg logit: -2.871

Epoch 7, Batch 1060 | Acc: 0.7922 | PosAcc: 0.8355 | NegAcc: 0.7485
len(easy_positives): 5784 , len(easy_negatives): 6350
len(hard_positives): 353 , len(hard_negatives): 629

CUM Mean pos prob: 0.723, Mean neg prob: 0.282
CUM Mean pos logit: 1.383, Mean neg logit: -2.862

Epoch 7, Batch 1080 | Acc: 0.7919 | PosAcc: 0.8366 | NegAcc: 0.7467
len(easy_positives): 5903 , len(easy_negatives): 6447
len(hard_positives): 359 , len(hard_negatives): 641

CUM Mean pos prob: 0.724, Mean neg prob: 0.283
CUM Mean pos logit: 1.384, Mean neg logit: -2.851

Epoch 7, Batch 1100 | Acc: 0.7917 | PosAcc: 0.8365 | NegAcc: 0.7463
len(easy_positives): 6003 , len(easy_negatives): 6564
len(hard_positives): 364 , len(hard_negatives): 653

CUM Mean pos prob: 0.723, Mean neg prob: 0.283
CUM Mean pos logit: 1.379, Mean neg logit: -2.842

Epoch 7, Batch 1120 | Acc: 0.7919 | PosAcc: 0.8366 | NegAcc: 0.7467
len(easy_positives): 6110 , len(easy_negatives): 6701
len(hard_positives): 368 , len(hard_negatives): 662

CUM Mean pos prob: 0.723, Mean neg prob: 0.283
CUM Mean pos logit: 1.379, Mean neg logit: -2.847

Epoch 7, Batch 1140 | Acc: 0.7922 | PosAcc: 0.8371 | NegAcc: 0.7468
len(easy_positives): 6225 , len(easy_negatives): 6836
len(hard_positives): 373 , len(hard_negatives): 677

CUM Mean pos prob: 0.723, Mean neg prob: 0.282
CUM Mean pos logit: 1.381, Mean neg logit: -2.852

Epoch 7, Batch 1160 | Acc: 0.7925 | PosAcc: 0.8376 | NegAcc: 0.7469
len(easy_positives): 6357 , len(easy_negatives): 6954
len(hard_positives): 378 , len(hard_negatives): 693

CUM Mean pos prob: 0.724, Mean neg prob: 0.282
CUM Mean pos logit: 1.387, Mean neg logit: -2.858

Epoch 7, Batch 1180 | Acc: 0.7923 | PosAcc: 0.8369 | NegAcc: 0.7473
len(easy_positives): 6456 , len(easy_negatives): 7072
len(hard_positives): 383 , len(hard_negatives): 708

CUM Mean pos prob: 0.724, Mean neg prob: 0.282
CUM Mean pos logit: 1.385, Mean neg logit: -2.855

Epoch 7, Batch 1200 | Acc: 0.7921 | PosAcc: 0.8367 | NegAcc: 0.7471
len(easy_positives): 6553 , len(easy_negatives): 7178
len(hard_positives): 391 , len(hard_negatives): 720

CUM Mean pos prob: 0.724, Mean neg prob: 0.283
CUM Mean pos logit: 1.384, Mean neg logit: -2.849

Epoch 7, Batch 1220 | Acc: 0.7919 | PosAcc: 0.8363 | NegAcc: 0.7472
len(easy_positives): 6661 , len(easy_negatives): 7294
len(hard_positives): 399 , len(hard_negatives): 729

CUM Mean pos prob: 0.723, Mean neg prob: 0.283
CUM Mean pos logit: 1.382, Mean neg logit: -2.844

Epoch 7, Batch 1240 | Acc: 0.7925 | PosAcc: 0.8361 | NegAcc: 0.7485
len(easy_positives): 6770 , len(easy_negatives): 7435
len(hard_positives): 410 , len(hard_negatives): 741

CUM Mean pos prob: 0.723, Mean neg prob: 0.282
CUM Mean pos logit: 1.383, Mean neg logit: -2.847

Epoch 7, Batch 1260 | Acc: 0.7926 | PosAcc: 0.8362 | NegAcc: 0.7486
len(easy_positives): 6899 , len(easy_negatives): 7544
len(hard_positives): 414 , len(hard_negatives): 754

CUM Mean pos prob: 0.724, Mean neg prob: 0.282
CUM Mean pos logit: 1.386, Mean neg logit: -2.847

Epoch 7, Batch 1280 | Acc: 0.7928 | PosAcc: 0.8368 | NegAcc: 0.7482
len(easy_positives): 7027 , len(easy_negatives): 7655
len(hard_positives): 417 , len(hard_negatives): 771

CUM Mean pos prob: 0.724, Mean neg prob: 0.282
CUM Mean pos logit: 1.389, Mean neg logit: -2.852

Epoch 7, Batch 1300 | Acc: 0.7926 | PosAcc: 0.8363 | NegAcc: 0.7484
len(easy_positives): 7146 , len(easy_negatives): 7785
len(hard_positives): 421 , len(hard_negatives): 783

CUM Mean pos prob: 0.724, Mean neg prob: 0.282
CUM Mean pos logit: 1.392, Mean neg logit: -2.857

Epoch 7, Batch 1320 | Acc: 0.7922 | PosAcc: 0.8363 | NegAcc: 0.7475
len(easy_positives): 7269 , len(easy_negatives): 7893
len(hard_positives): 427 , len(hard_negatives): 804

CUM Mean pos prob: 0.724, Mean neg prob: 0.282
CUM Mean pos logit: 1.393, Mean neg logit: -2.851

Epoch 7, Batch 1340 | Acc: 0.7924 | PosAcc: 0.8359 | NegAcc: 0.7483
len(easy_positives): 7369 , len(easy_negatives): 8017
len(hard_positives): 437 , len(hard_negatives): 813

CUM Mean pos prob: 0.724, Mean neg prob: 0.282
CUM Mean pos logit: 1.390, Mean neg logit: -2.852

Epoch 7, Batch 1360 | Acc: 0.7928 | PosAcc: 0.8364 | NegAcc: 0.7487
len(easy_positives): 7483 , len(easy_negatives): 8138
len(hard_positives): 440 , len(hard_negatives): 824

CUM Mean pos prob: 0.724, Mean neg prob: 0.282
CUM Mean pos logit: 1.392, Mean neg logit: -2.847

Epoch 7, Batch 1380 | Acc: 0.7932 | PosAcc: 0.8367 | NegAcc: 0.7493
len(easy_positives): 7626 , len(easy_negatives): 8265
len(hard_positives): 451 , len(hard_negatives): 836

CUM Mean pos prob: 0.725, Mean neg prob: 0.282
CUM Mean pos logit: 1.398, Mean neg logit: -2.854

Epoch 7, Batch 1400 | Acc: 0.7929 | PosAcc: 0.8363 | NegAcc: 0.7489
len(easy_positives): 7741 , len(easy_negatives): 8385
len(hard_positives): 457 , len(hard_negatives): 849

CUM Mean pos prob: 0.725, Mean neg prob: 0.282
CUM Mean pos logit: 1.398, Mean neg logit: -2.853

Epoch 7, Batch 1420 | Acc: 0.7928 | PosAcc: 0.8358 | NegAcc: 0.7493
len(easy_positives): 7821 , len(easy_negatives): 8515
len(hard_positives): 464 , len(hard_negatives): 862

CUM Mean pos prob: 0.724, Mean neg prob: 0.282
CUM Mean pos logit: 1.393, Mean neg logit: -2.851

Epoch 7, Batch 1440 | Acc: 0.7929 | PosAcc: 0.8352 | NegAcc: 0.7501
len(easy_positives): 7896 , len(easy_negatives): 8648
len(hard_positives): 472 , len(hard_negatives): 871

CUM Mean pos prob: 0.723, Mean neg prob: 0.281
CUM Mean pos logit: 1.388, Mean neg logit: -2.852

Epoch 7, Batch 1460 | Acc: 0.7925 | PosAcc: 0.8352 | NegAcc: 0.7494
len(easy_positives): 7992 , len(easy_negatives): 8768
len(hard_positives): 479 , len(hard_negatives): 885

CUM Mean pos prob: 0.723, Mean neg prob: 0.282
CUM Mean pos logit: 1.386, Mean neg logit: -2.850

Epoch 7, Batch 1480 | Acc: 0.7926 | PosAcc: 0.8355 | NegAcc: 0.7494
len(easy_positives): 8108 , len(easy_negatives): 8889
len(hard_positives): 484 , len(hard_negatives): 897

CUM Mean pos prob: 0.723, Mean neg prob: 0.282
CUM Mean pos logit: 1.386, Mean neg logit: -2.852

Epoch 7, Batch 1500 | Acc: 0.7928 | PosAcc: 0.8354 | NegAcc: 0.7499
len(easy_positives): 8212 , len(easy_negatives): 9025
len(hard_positives): 491 , len(hard_negatives): 903

CUM Mean pos prob: 0.723, Mean neg prob: 0.281
CUM Mean pos logit: 1.384, Mean neg logit: -2.860

Epoch 7, Batch 1520 | Acc: 0.7926 | PosAcc: 0.8353 | NegAcc: 0.7497
len(easy_positives): 8316 , len(easy_negatives): 9159
len(hard_positives): 498 , len(hard_negatives): 916

CUM Mean pos prob: 0.723, Mean neg prob: 0.281
CUM Mean pos logit: 1.385, Mean neg logit: -2.873

Epoch 7, Batch 1540 | Acc: 0.7925 | PosAcc: 0.8354 | NegAcc: 0.7492
len(easy_positives): 8431 , len(easy_negatives): 9268
len(hard_positives): 504 , len(hard_negatives): 924

CUM Mean pos prob: 0.723, Mean neg prob: 0.281
CUM Mean pos logit: 1.385, Mean neg logit: -2.880

Epoch 7, Batch 1560 | Acc: 0.7926 | PosAcc: 0.8356 | NegAcc: 0.7492
len(easy_positives): 8541 , len(easy_negatives): 9398
len(hard_positives): 508 , len(hard_negatives): 933

CUM Mean pos prob: 0.723, Mean neg prob: 0.281
CUM Mean pos logit: 1.386, Mean neg logit: -2.894

Epoch 7, Batch 1580 | Acc: 0.7926 | PosAcc: 0.8361 | NegAcc: 0.7489
len(easy_positives): 8656 , len(easy_negatives): 9531
len(hard_positives): 514 , len(hard_negatives): 943

CUM Mean pos prob: 0.724, Mean neg prob: 0.281
CUM Mean pos logit: 1.386, Mean neg logit: -2.901

Epoch 7, Batch 1600 | Acc: 0.7921 | PosAcc: 0.8352 | NegAcc: 0.7487
len(easy_positives): 8757 , len(easy_negatives): 9650
len(hard_positives): 520 , len(hard_negatives): 954

CUM Mean pos prob: 0.723, Mean neg prob: 0.281
CUM Mean pos logit: 1.383, Mean neg logit: -2.893

Epoch 7, Batch 1620 | Acc: 0.7922 | PosAcc: 0.8356 | NegAcc: 0.7486
len(easy_positives): 8875 , len(easy_negatives): 9764
len(hard_positives): 521 , len(hard_negatives): 968

CUM Mean pos prob: 0.723, Mean neg prob: 0.281
CUM Mean pos logit: 1.384, Mean neg logit: -2.891

Epoch 7, Batch 1640 | Acc: 0.7924 | PosAcc: 0.8355 | NegAcc: 0.7490
len(easy_positives): 8988 , len(easy_negatives): 9890
len(hard_positives): 531 , len(hard_negatives): 982

CUM Mean pos prob: 0.723, Mean neg prob: 0.281
CUM Mean pos logit: 1.384, Mean neg logit: -2.895

Epoch 7, Batch 1660 | Acc: 0.7924 | PosAcc: 0.8358 | NegAcc: 0.7486
len(easy_positives): 9102 , len(easy_negatives): 9989
len(hard_positives): 536 , len(hard_negatives): 994

CUM Mean pos prob: 0.724, Mean neg prob: 0.281
CUM Mean pos logit: 1.384, Mean neg logit: -2.892

Epoch 7, Batch 1680 | Acc: 0.7927 | PosAcc: 0.8361 | NegAcc: 0.7490
len(easy_positives): 9203 , len(easy_negatives): 10109
len(hard_positives): 539 , len(hard_negatives): 1012

CUM Mean pos prob: 0.724, Mean neg prob: 0.281
CUM Mean pos logit: 1.383, Mean neg logit: -2.889

Epoch 7, Batch 1700 | Acc: 0.7927 | PosAcc: 0.8362 | NegAcc: 0.7489
len(easy_positives): 9312 , len(easy_negatives): 10231
len(hard_positives): 545 , len(hard_negatives): 1027

CUM Mean pos prob: 0.724, Mean neg prob: 0.281
CUM Mean pos logit: 1.384, Mean neg logit: -2.892

Epoch 7, Batch 1720 | Acc: 0.7929 | PosAcc: 0.8361 | NegAcc: 0.7494
len(easy_positives): 9416 , len(easy_negatives): 10355
len(hard_positives): 549 , len(hard_negatives): 1034

CUM Mean pos prob: 0.724, Mean neg prob: 0.281
CUM Mean pos logit: 1.384, Mean neg logit: -2.885

Epoch 7, Batch 1740 | Acc: 0.7929 | PosAcc: 0.8362 | NegAcc: 0.7492
len(easy_positives): 9532 , len(easy_negatives): 10473
len(hard_positives): 556 , len(hard_negatives): 1051

CUM Mean pos prob: 0.724, Mean neg prob: 0.281
CUM Mean pos logit: 1.385, Mean neg logit: -2.890

Epoch 7, Batch 1760 | Acc: 0.7929 | PosAcc: 0.8359 | NegAcc: 0.7495
len(easy_positives): 9625 , len(easy_negatives): 10599
len(hard_positives): 564 , len(hard_negatives): 1056

CUM Mean pos prob: 0.723, Mean neg prob: 0.281
CUM Mean pos logit: 1.382, Mean neg logit: -2.888

Epoch 7, Batch 1780 | Acc: 0.7927 | PosAcc: 0.8361 | NegAcc: 0.7490
len(easy_positives): 9731 , len(easy_negatives): 10704
len(hard_positives): 570 , len(hard_negatives): 1067

CUM Mean pos prob: 0.724, Mean neg prob: 0.281
CUM Mean pos logit: 1.382, Mean neg logit: -2.884

Epoch 7, Batch 1800 | Acc: 0.7926 | PosAcc: 0.8360 | NegAcc: 0.7489
len(easy_positives): 9827 , len(easy_negatives): 10801
len(hard_positives): 578 , len(hard_negatives): 1076

CUM Mean pos prob: 0.723, Mean neg prob: 0.282
CUM Mean pos logit: 1.380, Mean neg logit: -2.874

Epoch 7, Batch 1820 | Acc: 0.7924 | PosAcc: 0.8360 | NegAcc: 0.7484
len(easy_positives): 9920 , len(easy_negatives): 10911
len(hard_positives): 584 , len(hard_negatives): 1084

CUM Mean pos prob: 0.723, Mean neg prob: 0.282
CUM Mean pos logit: 1.378, Mean neg logit: -2.871

Epoch 7, Batch 1840 | Acc: 0.7926 | PosAcc: 0.8360 | NegAcc: 0.7489
len(easy_positives): 10020 , len(easy_negatives): 11034
len(hard_positives): 590 , len(hard_negatives): 1091

CUM Mean pos prob: 0.723, Mean neg prob: 0.282
CUM Mean pos logit: 1.379, Mean neg logit: -2.876

Epoch 7, Batch 1860 | Acc: 0.7930 | PosAcc: 0.8361 | NegAcc: 0.7496
len(easy_positives): 10145 , len(easy_negatives): 11159
len(hard_positives): 598 , len(hard_negatives): 1101

CUM Mean pos prob: 0.723, Mean neg prob: 0.281
CUM Mean pos logit: 1.383, Mean neg logit: -2.877

Epoch 7, Batch 1880 | Acc: 0.7931 | PosAcc: 0.8363 | NegAcc: 0.7496
len(easy_positives): 10298 , len(easy_negatives): 11271
len(hard_positives): 604 , len(hard_negatives): 1115

CUM Mean pos prob: 0.724, Mean neg prob: 0.281
CUM Mean pos logit: 1.391, Mean neg logit: -2.884

Epoch 7, Batch 1900 | Acc: 0.7929 | PosAcc: 0.8357 | NegAcc: 0.7497
len(easy_positives): 10368 , len(easy_negatives): 11384
len(hard_positives): 611 , len(hard_negatives): 1122

CUM Mean pos prob: 0.723, Mean neg prob: 0.281
CUM Mean pos logit: 1.386, Mean neg logit: -2.879

Epoch 7, Batch 1920 | Acc: 0.7929 | PosAcc: 0.8357 | NegAcc: 0.7498
len(easy_positives): 10477 , len(easy_negatives): 11495
len(hard_positives): 619 , len(hard_negatives): 1135

CUM Mean pos prob: 0.723, Mean neg prob: 0.282
CUM Mean pos logit: 1.386, Mean neg logit: -2.876

Epoch 7, Batch 1940 | Acc: 0.7931 | PosAcc: 0.8362 | NegAcc: 0.7496
len(easy_positives): 10605 , len(easy_negatives): 11601
len(hard_positives): 626 , len(hard_negatives): 1142

CUM Mean pos prob: 0.724, Mean neg prob: 0.282
CUM Mean pos logit: 1.390, Mean neg logit: -2.871

Epoch 7, Batch 1960 | Acc: 0.7933 | PosAcc: 0.8362 | NegAcc: 0.7501
len(easy_positives): 10714 , len(easy_negatives): 11728
len(hard_positives): 630 , len(hard_negatives): 1152

CUM Mean pos prob: 0.724, Mean neg prob: 0.282
CUM Mean pos logit: 1.391, Mean neg logit: -2.874

Epoch 7, Batch 1980 | Acc: 0.7931 | PosAcc: 0.8359 | NegAcc: 0.7500
len(easy_positives): 10847 , len(easy_negatives): 11849
len(hard_positives): 642 , len(hard_negatives): 1166

CUM Mean pos prob: 0.724, Mean neg prob: 0.282
CUM Mean pos logit: 1.393, Mean neg logit: -2.877

Epoch 7, Batch 2000 | Acc: 0.7933 | PosAcc: 0.8360 | NegAcc: 0.7502
len(easy_positives): 10954 , len(easy_negatives): 11965
len(hard_positives): 649 , len(hard_negatives): 1176

CUM Mean pos prob: 0.724, Mean neg prob: 0.281
CUM Mean pos logit: 1.393, Mean neg logit: -2.877

Epoch 7, Batch 2020 | Acc: 0.7934 | PosAcc: 0.8362 | NegAcc: 0.7502
len(easy_positives): 11067 , len(easy_negatives): 12076
len(hard_positives): 653 , len(hard_negatives): 1189

CUM Mean pos prob: 0.724, Mean neg prob: 0.281
CUM Mean pos logit: 1.393, Mean neg logit: -2.875

Epoch 7, Batch 2040 | Acc: 0.7931 | PosAcc: 0.8362 | NegAcc: 0.7496
len(easy_positives): 11172 , len(easy_negatives): 12170
len(hard_positives): 660 , len(hard_negatives): 1200

CUM Mean pos prob: 0.724, Mean neg prob: 0.282
CUM Mean pos logit: 1.393, Mean neg logit: -2.868

Epoch 7, Batch 2060 | Acc: 0.7927 | PosAcc: 0.8356 | NegAcc: 0.7495
len(easy_positives): 11265 , len(easy_negatives): 12295
len(hard_positives): 672 , len(hard_negatives): 1212

CUM Mean pos prob: 0.723, Mean neg prob: 0.282
CUM Mean pos logit: 1.390, Mean neg logit: -2.871

Epoch 7, Batch 2080 | Acc: 0.7927 | PosAcc: 0.8359 | NegAcc: 0.7490
len(easy_positives): 11399 , len(easy_negatives): 12403
len(hard_positives): 677 , len(hard_negatives): 1231

CUM Mean pos prob: 0.724, Mean neg prob: 0.282
CUM Mean pos logit: 1.392, Mean neg logit: -2.869

Epoch 7, Batch 2100 | Acc: 0.7927 | PosAcc: 0.8357 | NegAcc: 0.7494
len(easy_positives): 11486 , len(easy_negatives): 12519
len(hard_positives): 683 , len(hard_negatives): 1235

CUM Mean pos prob: 0.723, Mean neg prob: 0.282
CUM Mean pos logit: 1.389, Mean neg logit: -2.867

Epoch 7, Batch 2120 | Acc: 0.7926 | PosAcc: 0.8356 | NegAcc: 0.7492
len(easy_positives): 11578 , len(easy_negatives): 12638
len(hard_positives): 690 , len(hard_negatives): 1246

CUM Mean pos prob: 0.723, Mean neg prob: 0.282
CUM Mean pos logit: 1.386, Mean neg logit: -2.866

Epoch 7, Batch 2140 | Acc: 0.7924 | PosAcc: 0.8359 | NegAcc: 0.7486
len(easy_positives): 11681 , len(easy_negatives): 12746
len(hard_positives): 694 , len(hard_negatives): 1256

CUM Mean pos prob: 0.723, Mean neg prob: 0.283
CUM Mean pos logit: 1.385, Mean neg logit: -2.862

Epoch 7, Batch 2160 | Acc: 0.7924 | PosAcc: 0.8359 | NegAcc: 0.7485
len(easy_positives): 11792 , len(easy_negatives): 12873
len(hard_positives): 703 , len(hard_negatives): 1273

CUM Mean pos prob: 0.723, Mean neg prob: 0.283
CUM Mean pos logit: 1.386, Mean neg logit: -2.863

Epoch 7, Batch 2180 | Acc: 0.7926 | PosAcc: 0.8360 | NegAcc: 0.7487
len(easy_positives): 11913 , len(easy_negatives): 12990
len(hard_positives): 706 , len(hard_negatives): 1284

CUM Mean pos prob: 0.723, Mean neg prob: 0.282
CUM Mean pos logit: 1.386, Mean neg logit: -2.863

Epoch 7, Batch 2200 | Acc: 0.7925 | PosAcc: 0.8361 | NegAcc: 0.7484
len(easy_positives): 12035 , len(easy_negatives): 13114
len(hard_positives): 714 , len(hard_negatives): 1292

CUM Mean pos prob: 0.723, Mean neg prob: 0.282
CUM Mean pos logit: 1.387, Mean neg logit: -2.865

Epoch 7, Batch 2220 | Acc: 0.7928 | PosAcc: 0.8365 | NegAcc: 0.7486
len(easy_positives): 12157 , len(easy_negatives): 13225
len(hard_positives): 720 , len(hard_negatives): 1305

CUM Mean pos prob: 0.724, Mean neg prob: 0.282
CUM Mean pos logit: 1.388, Mean neg logit: -2.865

Epoch 7, Batch 2240 | Acc: 0.7926 | PosAcc: 0.8366 | NegAcc: 0.7480
len(easy_positives): 12277 , len(easy_negatives): 13325
len(hard_positives): 724 , len(hard_negatives): 1318

CUM Mean pos prob: 0.724, Mean neg prob: 0.283
CUM Mean pos logit: 1.389, Mean neg logit: -2.863

Epoch 7, Batch 2260 | Acc: 0.7926 | PosAcc: 0.8367 | NegAcc: 0.7479
len(easy_positives): 12388 , len(easy_negatives): 13436
len(hard_positives): 729 , len(hard_negatives): 1326

CUM Mean pos prob: 0.724, Mean neg prob: 0.283
CUM Mean pos logit: 1.388, Mean neg logit: -2.862

Epoch 7, Batch 2280 | Acc: 0.7926 | PosAcc: 0.8368 | NegAcc: 0.7478
len(easy_positives): 12514 , len(easy_negatives): 13551
len(hard_positives): 738 , len(hard_negatives): 1337

CUM Mean pos prob: 0.724, Mean neg prob: 0.283
CUM Mean pos logit: 1.390, Mean neg logit: -2.862

Epoch 7, Batch 2300 | Acc: 0.7927 | PosAcc: 0.8369 | NegAcc: 0.7479
len(easy_positives): 12636 , len(easy_negatives): 13673
len(hard_positives): 741 , len(hard_negatives): 1349

CUM Mean pos prob: 0.724, Mean neg prob: 0.283
CUM Mean pos logit: 1.391, Mean neg logit: -2.867

Epoch 7, Batch 2320 | Acc: 0.7926 | PosAcc: 0.8368 | NegAcc: 0.7479
len(easy_positives): 12741 , len(easy_negatives): 13808
len(hard_positives): 749 , len(hard_negatives): 1366

CUM Mean pos prob: 0.724, Mean neg prob: 0.283
CUM Mean pos logit: 1.392, Mean neg logit: -2.871

Epoch 7, Batch 2340 | Acc: 0.7927 | PosAcc: 0.8370 | NegAcc: 0.7479
len(easy_positives): 12859 , len(easy_negatives): 13918
len(hard_positives): 759 , len(hard_negatives): 1376

CUM Mean pos prob: 0.724, Mean neg prob: 0.283
CUM Mean pos logit: 1.392, Mean neg logit: -2.870

Epoch 7, Batch 2360 | Acc: 0.7926 | PosAcc: 0.8367 | NegAcc: 0.7479
len(easy_positives): 12959 , len(easy_negatives): 14039
len(hard_positives): 765 , len(hard_negatives): 1381

CUM Mean pos prob: 0.724, Mean neg prob: 0.283
CUM Mean pos logit: 1.390, Mean neg logit: -2.868

Epoch 7, Batch 2380 | Acc: 0.7925 | PosAcc: 0.8364 | NegAcc: 0.7481
len(easy_positives): 13042 , len(easy_negatives): 14175
len(hard_positives): 775 , len(hard_negatives): 1388

CUM Mean pos prob: 0.724, Mean neg prob: 0.283
CUM Mean pos logit: 1.388, Mean neg logit: -2.869

Epoch 7, Batch 2400 | Acc: 0.7926 | PosAcc: 0.8366 | NegAcc: 0.7481
len(easy_positives): 13143 , len(easy_negatives): 14306
len(hard_positives): 780 , len(hard_negatives): 1401

CUM Mean pos prob: 0.724, Mean neg prob: 0.282
CUM Mean pos logit: 1.387, Mean neg logit: -2.879

Epoch 7, Batch 2420 | Acc: 0.7930 | PosAcc: 0.8368 | NegAcc: 0.7488
len(easy_positives): 13243 , len(easy_negatives): 14453
len(hard_positives): 787 , len(hard_negatives): 1409

CUM Mean pos prob: 0.724, Mean neg prob: 0.282
CUM Mean pos logit: 1.388, Mean neg logit: -2.888

Epoch 7, Batch 2440 | Acc: 0.7931 | PosAcc: 0.8370 | NegAcc: 0.7488
len(easy_positives): 13376 , len(easy_negatives): 14568
len(hard_positives): 791 , len(hard_negatives): 1422

CUM Mean pos prob: 0.724, Mean neg prob: 0.282
CUM Mean pos logit: 1.389, Mean neg logit: -2.895

Epoch 7, Batch 2460 | Acc: 0.7930 | PosAcc: 0.8369 | NegAcc: 0.7487
len(easy_positives): 13473 , len(easy_negatives): 14697
len(hard_positives): 797 , len(hard_negatives): 1434

CUM Mean pos prob: 0.724, Mean neg prob: 0.282
CUM Mean pos logit: 1.389, Mean neg logit: -2.897

Epoch 7, Batch 2480 | Acc: 0.7928 | PosAcc: 0.8369 | NegAcc: 0.7483
len(easy_positives): 13584 , len(easy_negatives): 14805
len(hard_positives): 801 , len(hard_negatives): 1445

CUM Mean pos prob: 0.724, Mean neg prob: 0.282
CUM Mean pos logit: 1.388, Mean neg logit: -2.891

Epoch 7, Batch 2500 | Acc: 0.7929 | PosAcc: 0.8367 | NegAcc: 0.7486
len(easy_positives): 13691 , len(easy_negatives): 14921
len(hard_positives): 810 , len(hard_negatives): 1454

CUM Mean pos prob: 0.724, Mean neg prob: 0.282
CUM Mean pos logit: 1.387, Mean neg logit: -2.890

Epoch 7, Batch 2520 | Acc: 0.7929 | PosAcc: 0.8369 | NegAcc: 0.7485
len(easy_positives): 13812 , len(easy_negatives): 15041
len(hard_positives): 817 , len(hard_negatives): 1466

CUM Mean pos prob: 0.724, Mean neg prob: 0.282
CUM Mean pos logit: 1.388, Mean neg logit: -2.892

Epoch 7, Batch 2540 | Acc: 0.7931 | PosAcc: 0.8374 | NegAcc: 0.7483
len(easy_positives): 13953 , len(easy_negatives): 15133
len(hard_positives): 824 , len(hard_negatives): 1480

CUM Mean pos prob: 0.724, Mean neg prob: 0.282
CUM Mean pos logit: 1.390, Mean neg logit: -2.887

Epoch 7, Batch 2560 | Acc: 0.7931 | PosAcc: 0.8373 | NegAcc: 0.7483
len(easy_positives): 14058 , len(easy_negatives): 15246
len(hard_positives): 829 , len(hard_negatives): 1499

CUM Mean pos prob: 0.724, Mean neg prob: 0.282
CUM Mean pos logit: 1.390, Mean neg logit: -2.886

Epoch 7, Batch 2580 | Acc: 0.7931 | PosAcc: 0.8371 | NegAcc: 0.7485
len(easy_positives): 14172 , len(easy_negatives): 15357
len(hard_positives): 835 , len(hard_negatives): 1511

CUM Mean pos prob: 0.724, Mean neg prob: 0.282
CUM Mean pos logit: 1.389, Mean neg logit: -2.885

Epoch 7, Batch 2600 | Acc: 0.7934 | PosAcc: 0.8377 | NegAcc: 0.7484
len(easy_positives): 14330 , len(easy_negatives): 15473
len(hard_positives): 835 , len(hard_negatives): 1528

CUM Mean pos prob: 0.725, Mean neg prob: 0.282
CUM Mean pos logit: 1.392, Mean neg logit: -2.887

Epoch 7, Batch 2620 | Acc: 0.7936 | PosAcc: 0.8381 | NegAcc: 0.7484
len(easy_positives): 14467 , len(easy_negatives): 15589
len(hard_positives): 842 , len(hard_negatives): 1542

CUM Mean pos prob: 0.725, Mean neg prob: 0.282
CUM Mean pos logit: 1.395, Mean neg logit: -2.893

Epoch 7, Batch 2640 | Acc: 0.7935 | PosAcc: 0.8380 | NegAcc: 0.7485
len(easy_positives): 14565 , len(easy_negatives): 15718
len(hard_positives): 855 , len(hard_negatives): 1554

CUM Mean pos prob: 0.725, Mean neg prob: 0.282
CUM Mean pos logit: 1.394, Mean neg logit: -2.894

Epoch 7, Batch 2660 | Acc: 0.7935 | PosAcc: 0.8379 | NegAcc: 0.7485
len(easy_positives): 14674 , len(easy_negatives): 15833
len(hard_positives): 861 , len(hard_negatives): 1563

CUM Mean pos prob: 0.725, Mean neg prob: 0.282
CUM Mean pos logit: 1.394, Mean neg logit: -2.892

Epoch 7, Batch 2680 | Acc: 0.7935 | PosAcc: 0.8377 | NegAcc: 0.7488
len(easy_positives): 14774 , len(easy_negatives): 15950
len(hard_positives): 866 , len(hard_negatives): 1574

CUM Mean pos prob: 0.725, Mean neg prob: 0.282
CUM Mean pos logit: 1.394, Mean neg logit: -2.891

Epoch 7, Batch 2700 | Acc: 0.7933 | PosAcc: 0.8373 | NegAcc: 0.7488
len(easy_positives): 14884 , len(easy_negatives): 16073
len(hard_positives): 872 , len(hard_negatives): 1591

CUM Mean pos prob: 0.725, Mean neg prob: 0.282
CUM Mean pos logit: 1.394, Mean neg logit: -2.894

Epoch 7, Batch 2720 | Acc: 0.7932 | PosAcc: 0.8373 | NegAcc: 0.7487
len(easy_positives): 14975 , len(easy_negatives): 16168
len(hard_positives): 873 , len(hard_negatives): 1598

CUM Mean pos prob: 0.725, Mean neg prob: 0.282
CUM Mean pos logit: 1.393, Mean neg logit: -2.891

Epoch 7, Batch 2740 | Acc: 0.7935 | PosAcc: 0.8373 | NegAcc: 0.7492
len(easy_positives): 15093 , len(easy_negatives): 16301
len(hard_positives): 877 , len(hard_negatives): 1606

CUM Mean pos prob: 0.725, Mean neg prob: 0.282
CUM Mean pos logit: 1.394, Mean neg logit: -2.892

Epoch 7, Batch 2760 | Acc: 0.7933 | PosAcc: 0.8372 | NegAcc: 0.7489
len(easy_positives): 15198 , len(easy_negatives): 16416
len(hard_positives): 887 , len(hard_negatives): 1619

CUM Mean pos prob: 0.725, Mean neg prob: 0.282
CUM Mean pos logit: 1.394, Mean neg logit: -2.892

Epoch 7, Batch 2780 | Acc: 0.7935 | PosAcc: 0.8375 | NegAcc: 0.7489
len(easy_positives): 15333 , len(easy_negatives): 16538
len(hard_positives): 892 , len(hard_negatives): 1641

CUM Mean pos prob: 0.725, Mean neg prob: 0.282
CUM Mean pos logit: 1.396, Mean neg logit: -2.895

Epoch 7, Batch 2800 | Acc: 0.7933 | PosAcc: 0.8373 | NegAcc: 0.7489
len(easy_positives): 15416 , len(easy_negatives): 16662
len(hard_positives): 903 , len(hard_negatives): 1651

CUM Mean pos prob: 0.725, Mean neg prob: 0.282
CUM Mean pos logit: 1.395, Mean neg logit: -2.894

Epoch 7, Batch 2820 | Acc: 0.7935 | PosAcc: 0.8373 | NegAcc: 0.7491
len(easy_positives): 15508 , len(easy_negatives): 16789
len(hard_positives): 906 , len(hard_negatives): 1660

CUM Mean pos prob: 0.725, Mean neg prob: 0.282
CUM Mean pos logit: 1.394, Mean neg logit: -2.895

Epoch 7, Batch 2840 | Acc: 0.7934 | PosAcc: 0.8372 | NegAcc: 0.7490
len(easy_positives): 15640 , len(easy_negatives): 16886
len(hard_positives): 910 , len(hard_negatives): 1675

CUM Mean pos prob: 0.725, Mean neg prob: 0.282
CUM Mean pos logit: 1.395, Mean neg logit: -2.891

Epoch 7, Batch 2860 | Acc: 0.7933 | PosAcc: 0.8370 | NegAcc: 0.7490
len(easy_positives): 15763 , len(easy_negatives): 17010
len(hard_positives): 914 , len(hard_negatives): 1687

CUM Mean pos prob: 0.725, Mean neg prob: 0.282
CUM Mean pos logit: 1.396, Mean neg logit: -2.892

Epoch 7, Batch 2880 | Acc: 0.7932 | PosAcc: 0.8371 | NegAcc: 0.7487
len(easy_positives): 15843 , len(easy_negatives): 17123
len(hard_positives): 921 , len(hard_negatives): 1695

CUM Mean pos prob: 0.725, Mean neg prob: 0.282
CUM Mean pos logit: 1.394, Mean neg logit: -2.889

Epoch 7, Batch 2900 | Acc: 0.7930 | PosAcc: 0.8369 | NegAcc: 0.7485
len(easy_positives): 15965 , len(easy_negatives): 17231
len(hard_positives): 928 , len(hard_negatives): 1712

CUM Mean pos prob: 0.725, Mean neg prob: 0.283
CUM Mean pos logit: 1.394, Mean neg logit: -2.886

Epoch 7, Batch 2920 | Acc: 0.7929 | PosAcc: 0.8367 | NegAcc: 0.7483
len(easy_positives): 16062 , len(easy_negatives): 17338
len(hard_positives): 937 , len(hard_negatives): 1729

CUM Mean pos prob: 0.724, Mean neg prob: 0.283
CUM Mean pos logit: 1.393, Mean neg logit: -2.884

Epoch 7, Batch 2940 | Acc: 0.7927 | PosAcc: 0.8367 | NegAcc: 0.7480
len(easy_positives): 16156 , len(easy_negatives): 17444
len(hard_positives): 941 , len(hard_negatives): 1737

CUM Mean pos prob: 0.724, Mean neg prob: 0.283
CUM Mean pos logit: 1.391, Mean neg logit: -2.881

Epoch 7, Batch 2960 | Acc: 0.7926 | PosAcc: 0.8365 | NegAcc: 0.7482
len(easy_positives): 16259 , len(easy_negatives): 17573
len(hard_positives): 951 , len(hard_negatives): 1751

CUM Mean pos prob: 0.724, Mean neg prob: 0.283
CUM Mean pos logit: 1.392, Mean neg logit: -2.885

Epoch 7, Batch 2980 | Acc: 0.7925 | PosAcc: 0.8361 | NegAcc: 0.7483
len(easy_positives): 16346 , len(easy_negatives): 17702
len(hard_positives): 955 , len(hard_negatives): 1762

CUM Mean pos prob: 0.724, Mean neg prob: 0.283
CUM Mean pos logit: 1.390, Mean neg logit: -2.886

Epoch 7, Batch 3000 | Acc: 0.7926 | PosAcc: 0.8363 | NegAcc: 0.7484
len(easy_positives): 16457 , len(easy_negatives): 17843
len(hard_positives): 962 , len(hard_negatives): 1772

CUM Mean pos prob: 0.724, Mean neg prob: 0.282
CUM Mean pos logit: 1.390, Mean neg logit: -2.888

Epoch 7, Batch 3020 | Acc: 0.7925 | PosAcc: 0.8359 | NegAcc: 0.7486
len(easy_positives): 16550 , len(easy_negatives): 17963
len(hard_positives): 967 , len(hard_negatives): 1778

CUM Mean pos prob: 0.724, Mean neg prob: 0.282
CUM Mean pos logit: 1.389, Mean neg logit: -2.887

Epoch 7, Batch 3040 | Acc: 0.7924 | PosAcc: 0.8358 | NegAcc: 0.7485
len(easy_positives): 16661 , len(easy_negatives): 18075
len(hard_positives): 972 , len(hard_negatives): 1790

CUM Mean pos prob: 0.724, Mean neg prob: 0.282
CUM Mean pos logit: 1.389, Mean neg logit: -2.891

Epoch 7, Batch 3060 | Acc: 0.7923 | PosAcc: 0.8357 | NegAcc: 0.7485
len(easy_positives): 16762 , len(easy_negatives): 18218
len(hard_positives): 981 , len(hard_negatives): 1803

CUM Mean pos prob: 0.724, Mean neg prob: 0.282
CUM Mean pos logit: 1.389, Mean neg logit: -2.897

Epoch 7, Batch 3080 | Acc: 0.7924 | PosAcc: 0.8357 | NegAcc: 0.7487
len(easy_positives): 16878 , len(easy_negatives): 18331
len(hard_positives): 988 , len(hard_negatives): 1818

CUM Mean pos prob: 0.724, Mean neg prob: 0.282
CUM Mean pos logit: 1.390, Mean neg logit: -2.897

Epoch 7, Batch 3100 | Acc: 0.7926 | PosAcc: 0.8360 | NegAcc: 0.7488
len(easy_positives): 16991 , len(easy_negatives): 18460
len(hard_positives): 991 , len(hard_negatives): 1828

CUM Mean pos prob: 0.724, Mean neg prob: 0.282
CUM Mean pos logit: 1.390, Mean neg logit: -2.900

Epoch 7, Batch 3120 | Acc: 0.7925 | PosAcc: 0.8354 | NegAcc: 0.7491
len(easy_positives): 17092 , len(easy_negatives): 18592
len(hard_positives): 1005 , len(hard_negatives): 1849

CUM Mean pos prob: 0.724, Mean neg prob: 0.282
CUM Mean pos logit: 1.389, Mean neg logit: -2.901

Epoch 7, Batch 3140 | Acc: 0.7925 | PosAcc: 0.8355 | NegAcc: 0.7491
len(easy_positives): 17173 , len(easy_negatives): 18692
len(hard_positives): 1009 , len(hard_negatives): 1858

CUM Mean pos prob: 0.724, Mean neg prob: 0.282
CUM Mean pos logit: 1.388, Mean neg logit: -2.895

Epoch 7, Batch 3160 | Acc: 0.7926 | PosAcc: 0.8356 | NegAcc: 0.7491
len(easy_positives): 17278 , len(easy_negatives): 18820
len(hard_positives): 1017 , len(hard_negatives): 1868

CUM Mean pos prob: 0.724, Mean neg prob: 0.282
CUM Mean pos logit: 1.387, Mean neg logit: -2.895

Epoch 7, Batch 3180 | Acc: 0.7925 | PosAcc: 0.8358 | NegAcc: 0.7488
len(easy_positives): 17389 , len(easy_negatives): 18926
len(hard_positives): 1019 , len(hard_negatives): 1881

CUM Mean pos prob: 0.724, Mean neg prob: 0.282
CUM Mean pos logit: 1.387, Mean neg logit: -2.895

Epoch 7, Batch 3200 | Acc: 0.7926 | PosAcc: 0.8358 | NegAcc: 0.7490
len(easy_positives): 17500 , len(easy_negatives): 19057
len(hard_positives): 1025 , len(hard_negatives): 1886

CUM Mean pos prob: 0.724, Mean neg prob: 0.282
CUM Mean pos logit: 1.388, Mean neg logit: -2.900

Epoch 7, Batch 3220 | Acc: 0.7926 | PosAcc: 0.8356 | NegAcc: 0.7492
len(easy_positives): 17598 , len(easy_negatives): 19186
len(hard_positives): 1032 , len(hard_negatives): 1896

CUM Mean pos prob: 0.724, Mean neg prob: 0.282
CUM Mean pos logit: 1.387, Mean neg logit: -2.897

Epoch 7, Batch 3240 | Acc: 0.7927 | PosAcc: 0.8356 | NegAcc: 0.7494
len(easy_positives): 17702 , len(easy_negatives): 19307
len(hard_positives): 1039 , len(hard_negatives): 1902

CUM Mean pos prob: 0.724, Mean neg prob: 0.282
CUM Mean pos logit: 1.387, Mean neg logit: -2.896

Epoch 7, Batch 3260 | Acc: 0.7927 | PosAcc: 0.8355 | NegAcc: 0.7495
len(easy_positives): 17804 , len(easy_negatives): 19437
len(hard_positives): 1049 , len(hard_negatives): 1913

CUM Mean pos prob: 0.724, Mean neg prob: 0.282
CUM Mean pos logit: 1.386, Mean neg logit: -2.894

Epoch 7, Batch 3280 | Acc: 0.7929 | PosAcc: 0.8356 | NegAcc: 0.7498
len(easy_positives): 17918 , len(easy_negatives): 19568
len(hard_positives): 1052 , len(hard_negatives): 1923

CUM Mean pos prob: 0.724, Mean neg prob: 0.282
CUM Mean pos logit: 1.387, Mean neg logit: -2.896

Epoch 7, Batch 3300 | Acc: 0.7929 | PosAcc: 0.8357 | NegAcc: 0.7496
len(easy_positives): 18040 , len(easy_negatives): 19682
len(hard_positives): 1058 , len(hard_negatives): 1938

CUM Mean pos prob: 0.724, Mean neg prob: 0.282
CUM Mean pos logit: 1.388, Mean neg logit: -2.897

Epoch 7, Batch 3320 | Acc: 0.7929 | PosAcc: 0.8357 | NegAcc: 0.7497
len(easy_positives): 18148 , len(easy_negatives): 19810
len(hard_positives): 1068 , len(hard_negatives): 1948

CUM Mean pos prob: 0.724, Mean neg prob: 0.282
CUM Mean pos logit: 1.387, Mean neg logit: -2.897

Epoch 7, Batch 3340 | Acc: 0.7929 | PosAcc: 0.8355 | NegAcc: 0.7500
len(easy_positives): 18250 , len(easy_negatives): 19938
len(hard_positives): 1075 , len(hard_negatives): 1956

CUM Mean pos prob: 0.724, Mean neg prob: 0.282
CUM Mean pos logit: 1.387, Mean neg logit: -2.900

Epoch 7, Batch 3360 | Acc: 0.7929 | PosAcc: 0.8354 | NegAcc: 0.7501
len(easy_positives): 18358 , len(easy_negatives): 20089
len(hard_positives): 1078 , len(hard_negatives): 1967

CUM Mean pos prob: 0.724, Mean neg prob: 0.281
CUM Mean pos logit: 1.387, Mean neg logit: -2.907

Epoch 7, Batch 3380 | Acc: 0.7928 | PosAcc: 0.8353 | NegAcc: 0.7500
len(easy_positives): 18466 , len(easy_negatives): 20221
len(hard_positives): 1084 , len(hard_negatives): 1980

CUM Mean pos prob: 0.724, Mean neg prob: 0.281
CUM Mean pos logit: 1.387, Mean neg logit: -2.909

Epoch 7, Batch 3400 | Acc: 0.7927 | PosAcc: 0.8353 | NegAcc: 0.7499
len(easy_positives): 18581 , len(easy_negatives): 20341
len(hard_positives): 1090 , len(hard_negatives): 1993

CUM Mean pos prob: 0.724, Mean neg prob: 0.281
CUM Mean pos logit: 1.386, Mean neg logit: -2.910

Epoch 7, Batch 3420 | Acc: 0.7928 | PosAcc: 0.8353 | NegAcc: 0.7501
len(easy_positives): 18689 , len(easy_negatives): 20466
len(hard_positives): 1096 , len(hard_negatives): 2007

CUM Mean pos prob: 0.724, Mean neg prob: 0.281
CUM Mean pos logit: 1.387, Mean neg logit: -2.912

Epoch 7, Batch 3440 | Acc: 0.7927 | PosAcc: 0.8354 | NegAcc: 0.7498
len(easy_positives): 18819 , len(easy_negatives): 20575
len(hard_positives): 1104 , len(hard_negatives): 2022

CUM Mean pos prob: 0.724, Mean neg prob: 0.281
CUM Mean pos logit: 1.387, Mean neg logit: -2.915

Epoch 7, Batch 3460 | Acc: 0.7928 | PosAcc: 0.8355 | NegAcc: 0.7497
len(easy_positives): 18949 , len(easy_negatives): 20694
len(hard_positives): 1107 , len(hard_negatives): 2031

CUM Mean pos prob: 0.724, Mean neg prob: 0.281
CUM Mean pos logit: 1.388, Mean neg logit: -2.917

Epoch 7, Batch 3480 | Acc: 0.7929 | PosAcc: 0.8356 | NegAcc: 0.7499
len(easy_positives): 19070 , len(easy_negatives): 20816
len(hard_positives): 1115 , len(hard_negatives): 2041

CUM Mean pos prob: 0.724, Mean neg prob: 0.281
CUM Mean pos logit: 1.389, Mean neg logit: -2.920

Epoch 7, Batch 3500 | Acc: 0.7929 | PosAcc: 0.8358 | NegAcc: 0.7497
len(easy_positives): 19213 , len(easy_negatives): 20930
len(hard_positives): 1119 , len(hard_negatives): 2058

CUM Mean pos prob: 0.724, Mean neg prob: 0.281
CUM Mean pos logit: 1.392, Mean neg logit: -2.921

Epoch 7, Batch 3520 | Acc: 0.7929 | PosAcc: 0.8358 | NegAcc: 0.7497
len(easy_positives): 19323 , len(easy_negatives): 21047
len(hard_positives): 1124 , len(hard_negatives): 2072

CUM Mean pos prob: 0.724, Mean neg prob: 0.281
CUM Mean pos logit: 1.392, Mean neg logit: -2.922

Epoch 7, Batch 3540 | Acc: 0.7929 | PosAcc: 0.8359 | NegAcc: 0.7496
len(easy_positives): 19448 , len(easy_negatives): 21152
len(hard_positives): 1131 , len(hard_negatives): 2083

CUM Mean pos prob: 0.724, Mean neg prob: 0.281
CUM Mean pos logit: 1.392, Mean neg logit: -2.921

Epoch 7, Batch 3560 | Acc: 0.7930 | PosAcc: 0.8359 | NegAcc: 0.7496
len(easy_positives): 19558 , len(easy_negatives): 21285
len(hard_positives): 1137 , len(hard_negatives): 2095

CUM Mean pos prob: 0.725, Mean neg prob: 0.281
CUM Mean pos logit: 1.393, Mean neg logit: -2.920

Epoch 7, Batch 3580 | Acc: 0.7931 | PosAcc: 0.8359 | NegAcc: 0.7499
len(easy_positives): 19660 , len(easy_negatives): 21417
len(hard_positives): 1145 , len(hard_negatives): 2107

CUM Mean pos prob: 0.724, Mean neg prob: 0.281
CUM Mean pos logit: 1.392, Mean neg logit: -2.925

Epoch 7, Batch 3600 | Acc: 0.7932 | PosAcc: 0.8358 | NegAcc: 0.7502
len(easy_positives): 19774 , len(easy_negatives): 21547
len(hard_positives): 1154 , len(hard_negatives): 2114

CUM Mean pos prob: 0.725, Mean neg prob: 0.281
CUM Mean pos logit: 1.393, Mean neg logit: -2.926

Epoch 7, Batch 3620 | Acc: 0.7934 | PosAcc: 0.8359 | NegAcc: 0.7505
len(easy_positives): 19884 , len(easy_negatives): 21699
len(hard_positives): 1163 , len(hard_negatives): 2132

CUM Mean pos prob: 0.725, Mean neg prob: 0.281
CUM Mean pos logit: 1.394, Mean neg logit: -2.931

Epoch 7, Batch 3640 | Acc: 0.7933 | PosAcc: 0.8359 | NegAcc: 0.7505
len(easy_positives): 19998 , len(easy_negatives): 21821
len(hard_positives): 1170 , len(hard_negatives): 2147

CUM Mean pos prob: 0.725, Mean neg prob: 0.281
CUM Mean pos logit: 1.393, Mean neg logit: -2.929

Epoch 7, Batch 3660 | Acc: 0.7932 | PosAcc: 0.8356 | NegAcc: 0.7506
len(easy_positives): 20081 , len(easy_negatives): 21958
len(hard_positives): 1172 , len(hard_negatives): 2154

CUM Mean pos prob: 0.724, Mean neg prob: 0.281
CUM Mean pos logit: 1.392, Mean neg logit: -2.929

Epoch 7, Batch 3680 | Acc: 0.7932 | PosAcc: 0.8355 | NegAcc: 0.7507
len(easy_positives): 20178 , len(easy_negatives): 22098
len(hard_positives): 1179 , len(hard_negatives): 2160

CUM Mean pos prob: 0.724, Mean neg prob: 0.280
CUM Mean pos logit: 1.392, Mean neg logit: -2.933

Epoch 7, Batch 3700 | Acc: 0.7933 | PosAcc: 0.8356 | NegAcc: 0.7507
len(easy_positives): 20305 , len(easy_negatives): 22210
len(hard_positives): 1184 , len(hard_negatives): 2177

CUM Mean pos prob: 0.724, Mean neg prob: 0.281
CUM Mean pos logit: 1.393, Mean neg logit: -2.932

Epoch 7, Batch 3720 | Acc: 0.7932 | PosAcc: 0.8354 | NegAcc: 0.7508
len(easy_positives): 20410 , len(easy_negatives): 22341
len(hard_positives): 1191 , len(hard_negatives): 2190

CUM Mean pos prob: 0.724, Mean neg prob: 0.280
CUM Mean pos logit: 1.392, Mean neg logit: -2.934

Epoch 7, Batch 3740 | Acc: 0.7933 | PosAcc: 0.8353 | NegAcc: 0.7512
len(easy_positives): 20503 , len(easy_negatives): 22500
len(hard_positives): 1200 , len(hard_negatives): 2202

CUM Mean pos prob: 0.724, Mean neg prob: 0.280
CUM Mean pos logit: 1.392, Mean neg logit: -2.941

Epoch 7, Batch 3760 | Acc: 0.7933 | PosAcc: 0.8351 | NegAcc: 0.7513
len(easy_positives): 20593 , len(easy_negatives): 22622
len(hard_positives): 1208 , len(hard_negatives): 2212

CUM Mean pos prob: 0.724, Mean neg prob: 0.280
CUM Mean pos logit: 1.390, Mean neg logit: -2.942

Epoch 7, Batch 3780 | Acc: 0.7934 | PosAcc: 0.8351 | NegAcc: 0.7515
len(easy_positives): 20676 , len(easy_negatives): 22756
len(hard_positives): 1215 , len(hard_negatives): 2216

CUM Mean pos prob: 0.724, Mean neg prob: 0.280
CUM Mean pos logit: 1.389, Mean neg logit: -2.942

Epoch 7, Batch 3800 | Acc: 0.7933 | PosAcc: 0.8349 | NegAcc: 0.7516
len(easy_positives): 20761 , len(easy_negatives): 22865
len(hard_positives): 1225 , len(hard_negatives): 2224

CUM Mean pos prob: 0.724, Mean neg prob: 0.280
CUM Mean pos logit: 1.387, Mean neg logit: -2.941

Epoch 7, Batch 3820 | Acc: 0.7933 | PosAcc: 0.8351 | NegAcc: 0.7514
len(easy_positives): 20880 , len(easy_negatives): 22965
len(hard_positives): 1228 , len(hard_negatives): 2240

CUM Mean pos prob: 0.724, Mean neg prob: 0.280
CUM Mean pos logit: 1.389, Mean neg logit: -2.941

Epoch 7, Batch 3840 | Acc: 0.7933 | PosAcc: 0.8350 | NegAcc: 0.7515
len(easy_positives): 20973 , len(easy_negatives): 23087
len(hard_positives): 1236 , len(hard_negatives): 2253

CUM Mean pos prob: 0.724, Mean neg prob: 0.280
CUM Mean pos logit: 1.387, Mean neg logit: -2.942

Epoch 7, Batch 3860 | Acc: 0.7933 | PosAcc: 0.8350 | NegAcc: 0.7514
len(easy_positives): 21097 , len(easy_negatives): 23201
len(hard_positives): 1240 , len(hard_negatives): 2265

CUM Mean pos prob: 0.724, Mean neg prob: 0.280
CUM Mean pos logit: 1.387, Mean neg logit: -2.939

Epoch 7, Batch 3880 | Acc: 0.7933 | PosAcc: 0.8349 | NegAcc: 0.7515
len(easy_positives): 21212 , len(easy_negatives): 23330
len(hard_positives): 1246 , len(hard_negatives): 2275

CUM Mean pos prob: 0.724, Mean neg prob: 0.280
CUM Mean pos logit: 1.387, Mean neg logit: -2.942

Epoch 7, Batch 3900 | Acc: 0.7932 | PosAcc: 0.8348 | NegAcc: 0.7516
len(easy_positives): 21295 , len(easy_negatives): 23450
len(hard_positives): 1255 , len(hard_negatives): 2282

CUM Mean pos prob: 0.724, Mean neg prob: 0.280
CUM Mean pos logit: 1.386, Mean neg logit: -2.942

Epoch 7, Batch 3920 | Acc: 0.7934 | PosAcc: 0.8349 | NegAcc: 0.7517
len(easy_positives): 21412 , len(easy_negatives): 23563
len(hard_positives): 1260 , len(hard_negatives): 2283

CUM Mean pos prob: 0.724, Mean neg prob: 0.280
CUM Mean pos logit: 1.386, Mean neg logit: -2.941

Epoch 7, Batch 3940 | Acc: 0.7934 | PosAcc: 0.8349 | NegAcc: 0.7517
len(easy_positives): 21538 , len(easy_negatives): 23694
len(hard_positives): 1269 , len(hard_negatives): 2302

CUM Mean pos prob: 0.724, Mean neg prob: 0.280
CUM Mean pos logit: 1.387, Mean neg logit: -2.944

Epoch 7, Batch 3960 | Acc: 0.7934 | PosAcc: 0.8350 | NegAcc: 0.7518
len(easy_positives): 21649 , len(easy_negatives): 23821
len(hard_positives): 1272 , len(hard_negatives): 2314

CUM Mean pos prob: 0.724, Mean neg prob: 0.280
CUM Mean pos logit: 1.388, Mean neg logit: -2.940

Epoch 7, Batch 3980 | Acc: 0.7934 | PosAcc: 0.8349 | NegAcc: 0.7517
len(easy_positives): 21756 , len(easy_negatives): 23924
len(hard_positives): 1283 , len(hard_negatives): 2324

CUM Mean pos prob: 0.724, Mean neg prob: 0.280
CUM Mean pos logit: 1.387, Mean neg logit: -2.938

Epoch 7, Batch 4000 | Acc: 0.7933 | PosAcc: 0.8350 | NegAcc: 0.7514
len(easy_positives): 21871 , len(easy_negatives): 24036
len(hard_positives): 1289 , len(hard_negatives): 2342

CUM Mean pos prob: 0.724, Mean neg prob: 0.280
CUM Mean pos logit: 1.387, Mean neg logit: -2.937

Epoch 7, Batch 4020 | Acc: 0.7934 | PosAcc: 0.8348 | NegAcc: 0.7517
len(easy_positives): 21965 , len(easy_negatives): 24182
len(hard_positives): 1291 , len(hard_negatives): 2344

CUM Mean pos prob: 0.724, Mean neg prob: 0.280
CUM Mean pos logit: 1.386, Mean neg logit: -2.941

Epoch 7, Batch 4040 | Acc: 0.7935 | PosAcc: 0.8349 | NegAcc: 0.7519
len(easy_positives): 22102 , len(easy_negatives): 24308
len(hard_positives): 1298 , len(hard_negatives): 2364

CUM Mean pos prob: 0.724, Mean neg prob: 0.280
CUM Mean pos logit: 1.387, Mean neg logit: -2.943

Epoch 7, Batch 4060 | Acc: 0.7935 | PosAcc: 0.8351 | NegAcc: 0.7517
len(easy_positives): 22223 , len(easy_negatives): 24427
len(hard_positives): 1306 , len(hard_negatives): 2371

CUM Mean pos prob: 0.724, Mean neg prob: 0.280
CUM Mean pos logit: 1.388, Mean neg logit: -2.944

Epoch 7, Batch 4080 | Acc: 0.7934 | PosAcc: 0.8349 | NegAcc: 0.7518
len(easy_positives): 22323 , len(easy_negatives): 24560
len(hard_positives): 1311 , len(hard_negatives): 2379

CUM Mean pos prob: 0.724, Mean neg prob: 0.280
CUM Mean pos logit: 1.387, Mean neg logit: -2.946

Epoch 7, Batch 4100 | Acc: 0.7933 | PosAcc: 0.8349 | NegAcc: 0.7516
len(easy_positives): 22432 , len(easy_negatives): 24676
len(hard_positives): 1316 , len(hard_negatives): 2390

CUM Mean pos prob: 0.724, Mean neg prob: 0.280
CUM Mean pos logit: 1.387, Mean neg logit: -2.944

Epoch 7, Batch 4120 | Acc: 0.7935 | PosAcc: 0.8350 | NegAcc: 0.7518
len(easy_positives): 22546 , len(easy_negatives): 24810
len(hard_positives): 1324 , len(hard_negatives): 2395

CUM Mean pos prob: 0.724, Mean neg prob: 0.280
CUM Mean pos logit: 1.387, Mean neg logit: -2.943

Epoch 7, Batch 4140 | Acc: 0.7934 | PosAcc: 0.8350 | NegAcc: 0.7517
len(easy_positives): 22653 , len(easy_negatives): 24934
len(hard_positives): 1328 , len(hard_negatives): 2406

CUM Mean pos prob: 0.724, Mean neg prob: 0.280
CUM Mean pos logit: 1.387, Mean neg logit: -2.943

Epoch 7, Batch 4160 | Acc: 0.7934 | PosAcc: 0.8349 | NegAcc: 0.7519
len(easy_positives): 22758 , len(easy_negatives): 25055
len(hard_positives): 1332 , len(hard_negatives): 2418

CUM Mean pos prob: 0.724, Mean neg prob: 0.280
CUM Mean pos logit: 1.387, Mean neg logit: -2.945

Epoch 7, Batch 4180 | Acc: 0.7935 | PosAcc: 0.8348 | NegAcc: 0.7521
len(easy_positives): 22869 , len(easy_negatives): 25192
len(hard_positives): 1337 , len(hard_negatives): 2427

CUM Mean pos prob: 0.724, Mean neg prob: 0.280
CUM Mean pos logit: 1.387, Mean neg logit: -2.950

Epoch 7, Batch 4200 | Acc: 0.7935 | PosAcc: 0.8348 | NegAcc: 0.7521
len(easy_positives): 22988 , len(easy_negatives): 25318
len(hard_positives): 1343 , len(hard_negatives): 2441

CUM Mean pos prob: 0.724, Mean neg prob: 0.280
CUM Mean pos logit: 1.387, Mean neg logit: -2.951

Epoch 7, Batch 4220 | Acc: 0.7936 | PosAcc: 0.8350 | NegAcc: 0.7520
len(easy_positives): 23118 , len(easy_negatives): 25429
len(hard_positives): 1347 , len(hard_negatives): 2455

CUM Mean pos prob: 0.724, Mean neg prob: 0.280
CUM Mean pos logit: 1.388, Mean neg logit: -2.951

Epoch 7, Batch 4240 | Acc: 0.7936 | PosAcc: 0.8350 | NegAcc: 0.7521
len(easy_positives): 23233 , len(easy_negatives): 25553
len(hard_positives): 1353 , len(hard_negatives): 2465

CUM Mean pos prob: 0.724, Mean neg prob: 0.280
CUM Mean pos logit: 1.389, Mean neg logit: -2.953

Epoch 7, Batch 4260 | Acc: 0.7936 | PosAcc: 0.8349 | NegAcc: 0.7521
len(easy_positives): 23344 , len(easy_negatives): 25667
len(hard_positives): 1359 , len(hard_negatives): 2478

CUM Mean pos prob: 0.724, Mean neg prob: 0.280
CUM Mean pos logit: 1.388, Mean neg logit: -2.954

Epoch 7, Batch 4280 | Acc: 0.7935 | PosAcc: 0.8348 | NegAcc: 0.7521
len(easy_positives): 23430 , len(easy_negatives): 25786
len(hard_positives): 1362 , len(hard_negatives): 2490

CUM Mean pos prob: 0.724, Mean neg prob: 0.280
CUM Mean pos logit: 1.387, Mean neg logit: -2.952

Epoch 7, Batch 4300 | Acc: 0.7935 | PosAcc: 0.8348 | NegAcc: 0.7522
len(easy_positives): 23530 , len(easy_negatives): 25907
len(hard_positives): 1370 , len(hard_negatives): 2495

CUM Mean pos prob: 0.724, Mean neg prob: 0.280
CUM Mean pos logit: 1.387, Mean neg logit: -2.952

Epoch 7, Batch 4320 | Acc: 0.7934 | PosAcc: 0.8346 | NegAcc: 0.7521
len(easy_positives): 23630 , len(easy_negatives): 26033
len(hard_positives): 1380 , len(hard_negatives): 2506

CUM Mean pos prob: 0.724, Mean neg prob: 0.280
CUM Mean pos logit: 1.386, Mean neg logit: -2.954

Epoch 7, Batch 4340 | Acc: 0.7934 | PosAcc: 0.8346 | NegAcc: 0.7521
len(easy_positives): 23753 , len(easy_negatives): 26153
len(hard_positives): 1384 , len(hard_negatives): 2512

CUM Mean pos prob: 0.724, Mean neg prob: 0.280
CUM Mean pos logit: 1.387, Mean neg logit: -2.955

Epoch 7, Batch 4360 | Acc: 0.7935 | PosAcc: 0.8348 | NegAcc: 0.7521
len(easy_positives): 23909 , len(easy_negatives): 26271
len(hard_positives): 1388 , len(hard_negatives): 2531

CUM Mean pos prob: 0.724, Mean neg prob: 0.280
CUM Mean pos logit: 1.389, Mean neg logit: -2.961

Epoch 7, Batch 4380 | Acc: 0.7936 | PosAcc: 0.8349 | NegAcc: 0.7521
len(easy_positives): 24035 , len(easy_negatives): 26412
len(hard_positives): 1395 , len(hard_negatives): 2538

CUM Mean pos prob: 0.725, Mean neg prob: 0.279
CUM Mean pos logit: 1.391, Mean neg logit: -2.968

Epoch 7, Batch 4400 | Acc: 0.7935 | PosAcc: 0.8348 | NegAcc: 0.7520
len(easy_positives): 24147 , len(easy_negatives): 26537
len(hard_positives): 1404 , len(hard_negatives): 2546

CUM Mean pos prob: 0.725, Mean neg prob: 0.279
CUM Mean pos logit: 1.391, Mean neg logit: -2.968

Epoch 7, Batch 4420 | Acc: 0.7932 | PosAcc: 0.8347 | NegAcc: 0.7516
len(easy_positives): 24246 , len(easy_negatives): 26656
len(hard_positives): 1409 , len(hard_negatives): 2566

CUM Mean pos prob: 0.724, Mean neg prob: 0.280
CUM Mean pos logit: 1.391, Mean neg logit: -2.968

Epoch 7, Batch 4440 | Acc: 0.7932 | PosAcc: 0.8347 | NegAcc: 0.7516
len(easy_positives): 24340 , len(easy_negatives): 26779
len(hard_positives): 1413 , len(hard_negatives): 2575

CUM Mean pos prob: 0.724, Mean neg prob: 0.280
CUM Mean pos logit: 1.390, Mean neg logit: -2.967

Epoch 7, Batch 4460 | Acc: 0.7932 | PosAcc: 0.8347 | NegAcc: 0.7516
len(easy_positives): 24441 , len(easy_negatives): 26914
len(hard_positives): 1423 , len(hard_negatives): 2598

CUM Mean pos prob: 0.724, Mean neg prob: 0.279
CUM Mean pos logit: 1.390, Mean neg logit: -2.969

Epoch 7, Batch 4480 | Acc: 0.7932 | PosAcc: 0.8348 | NegAcc: 0.7516
len(easy_positives): 24525 , len(easy_negatives): 27037
len(hard_positives): 1427 , len(hard_negatives): 2605

CUM Mean pos prob: 0.724, Mean neg prob: 0.279
CUM Mean pos logit: 1.388, Mean neg logit: -2.969

Epoch 7, Batch 4500 | Acc: 0.7933 | PosAcc: 0.8350 | NegAcc: 0.7514
len(easy_positives): 24671 , len(easy_negatives): 27143
len(hard_positives): 1437 , len(hard_negatives): 2615

CUM Mean pos prob: 0.724, Mean neg prob: 0.279
CUM Mean pos logit: 1.390, Mean neg logit: -2.969

Epoch 7, Batch 4520 | Acc: 0.7932 | PosAcc: 0.8350 | NegAcc: 0.7512
len(easy_positives): 24798 , len(easy_negatives): 27243
len(hard_positives): 1443 , len(hard_negatives): 2631

CUM Mean pos prob: 0.724, Mean neg prob: 0.280
CUM Mean pos logit: 1.390, Mean neg logit: -2.966

Epoch 7, Batch 4540 | Acc: 0.7931 | PosAcc: 0.8352 | NegAcc: 0.7509
len(easy_positives): 24901 , len(easy_negatives): 27348
len(hard_positives): 1447 , len(hard_negatives): 2643

CUM Mean pos prob: 0.724, Mean neg prob: 0.280
CUM Mean pos logit: 1.390, Mean neg logit: -2.963

Epoch 7, Batch 4560 | Acc: 0.7932 | PosAcc: 0.8349 | NegAcc: 0.7513
len(easy_positives): 24991 , len(easy_negatives): 27488
len(hard_positives): 1454 , len(hard_negatives): 2646

CUM Mean pos prob: 0.724, Mean neg prob: 0.280
CUM Mean pos logit: 1.389, Mean neg logit: -2.963

Epoch 7, Batch 4580 | Acc: 0.7930 | PosAcc: 0.8348 | NegAcc: 0.7511
len(easy_positives): 25112 , len(easy_negatives): 27603
len(hard_positives): 1460 , len(hard_negatives): 2668

CUM Mean pos prob: 0.724, Mean neg prob: 0.280
CUM Mean pos logit: 1.390, Mean neg logit: -2.962

Epoch 7, Batch 4600 | Acc: 0.7929 | PosAcc: 0.8346 | NegAcc: 0.7512
len(easy_positives): 25179 , len(easy_negatives): 27736
len(hard_positives): 1469 , len(hard_negatives): 2674

CUM Mean pos prob: 0.724, Mean neg prob: 0.280
CUM Mean pos logit: 1.387, Mean neg logit: -2.963

Epoch 7, Batch 4620 | Acc: 0.7928 | PosAcc: 0.8346 | NegAcc: 0.7509
len(easy_positives): 25275 , len(easy_negatives): 27856
len(hard_positives): 1473 , len(hard_negatives): 2689

CUM Mean pos prob: 0.724, Mean neg prob: 0.280
CUM Mean pos logit: 1.387, Mean neg logit: -2.959

Epoch 7, Batch 4640 | Acc: 0.7928 | PosAcc: 0.8348 | NegAcc: 0.7508
len(easy_positives): 25370 , len(easy_negatives): 27986
len(hard_positives): 1478 , len(hard_negatives): 2701

CUM Mean pos prob: 0.724, Mean neg prob: 0.280
CUM Mean pos logit: 1.387, Mean neg logit: -2.960

Epoch 7, Batch 4660 | Acc: 0.7929 | PosAcc: 0.8347 | NegAcc: 0.7511
len(easy_positives): 25479 , len(easy_negatives): 28125
len(hard_positives): 1486 , len(hard_negatives): 2709

CUM Mean pos prob: 0.724, Mean neg prob: 0.280
CUM Mean pos logit: 1.386, Mean neg logit: -2.964

Epoch 7, Batch 4680 | Acc: 0.7929 | PosAcc: 0.8347 | NegAcc: 0.7511
len(easy_positives): 25592 , len(easy_negatives): 28251
len(hard_positives): 1492 , len(hard_negatives): 2721

CUM Mean pos prob: 0.724, Mean neg prob: 0.280
CUM Mean pos logit: 1.387, Mean neg logit: -2.965

Epoch 7, Batch 4700 | Acc: 0.7930 | PosAcc: 0.8347 | NegAcc: 0.7512
len(easy_positives): 25705 , len(easy_negatives): 28383
len(hard_positives): 1501 , len(hard_negatives): 2727

CUM Mean pos prob: 0.724, Mean neg prob: 0.279
CUM Mean pos logit: 1.387, Mean neg logit: -2.970

Epoch 7, Batch 4720 | Acc: 0.7930 | PosAcc: 0.8349 | NegAcc: 0.7511
len(easy_positives): 25824 , len(easy_negatives): 28500
len(hard_positives): 1507 , len(hard_negatives): 2739

CUM Mean pos prob: 0.724, Mean neg prob: 0.279
CUM Mean pos logit: 1.388, Mean neg logit: -2.969

Epoch 7, Batch 4740 | Acc: 0.7931 | PosAcc: 0.8350 | NegAcc: 0.7512
len(easy_positives): 25945 , len(easy_negatives): 28634
len(hard_positives): 1513 , len(hard_negatives): 2751

CUM Mean pos prob: 0.724, Mean neg prob: 0.279
CUM Mean pos logit: 1.389, Mean neg logit: -2.968

Epoch 7, Batch 4760 | Acc: 0.7930 | PosAcc: 0.8348 | NegAcc: 0.7511
len(easy_positives): 26039 , len(easy_negatives): 28748
len(hard_positives): 1517 , len(hard_negatives): 2759

CUM Mean pos prob: 0.724, Mean neg prob: 0.279
CUM Mean pos logit: 1.388, Mean neg logit: -2.967

Epoch 7, Batch 4780 | Acc: 0.7930 | PosAcc: 0.8348 | NegAcc: 0.7512
len(easy_positives): 26138 , len(easy_negatives): 28880
len(hard_positives): 1519 , len(hard_negatives): 2767

CUM Mean pos prob: 0.724, Mean neg prob: 0.279
CUM Mean pos logit: 1.388, Mean neg logit: -2.967

Epoch 7, Batch 4800 | Acc: 0.7931 | PosAcc: 0.8347 | NegAcc: 0.7514
len(easy_positives): 26237 , len(easy_negatives): 29002
len(hard_positives): 1529 , len(hard_negatives): 2776

CUM Mean pos prob: 0.724, Mean neg prob: 0.279
CUM Mean pos logit: 1.387, Mean neg logit: -2.968

Epoch 7, Batch 4820 | Acc: 0.7931 | PosAcc: 0.8349 | NegAcc: 0.7513
len(easy_positives): 26366 , len(easy_negatives): 29131
len(hard_positives): 1533 , len(hard_negatives): 2784

CUM Mean pos prob: 0.724, Mean neg prob: 0.279
CUM Mean pos logit: 1.389, Mean neg logit: -2.969

Epoch 7, Batch 4840 | Acc: 0.7930 | PosAcc: 0.8347 | NegAcc: 0.7512
len(easy_positives): 26471 , len(easy_negatives): 29241
len(hard_positives): 1539 , len(hard_negatives): 2801

CUM Mean pos prob: 0.724, Mean neg prob: 0.279
CUM Mean pos logit: 1.389, Mean neg logit: -2.969

Epoch 7, Batch 4860 | Acc: 0.7930 | PosAcc: 0.8347 | NegAcc: 0.7513
len(easy_positives): 26567 , len(easy_negatives): 29361
len(hard_positives): 1548 , len(hard_negatives): 2808

CUM Mean pos prob: 0.724, Mean neg prob: 0.279
CUM Mean pos logit: 1.388, Mean neg logit: -2.969

Epoch 7, Batch 4880 | Acc: 0.7930 | PosAcc: 0.8346 | NegAcc: 0.7513
len(easy_positives): 26669 , len(easy_negatives): 29485
len(hard_positives): 1554 , len(hard_negatives): 2816

CUM Mean pos prob: 0.724, Mean neg prob: 0.279
CUM Mean pos logit: 1.388, Mean neg logit: -2.972

Epoch 7, Batch 4900 | Acc: 0.7930 | PosAcc: 0.8346 | NegAcc: 0.7513
len(easy_positives): 26787 , len(easy_negatives): 29616
len(hard_positives): 1563 , len(hard_negatives): 2827

CUM Mean pos prob: 0.724, Mean neg prob: 0.279
CUM Mean pos logit: 1.388, Mean neg logit: -2.973

Epoch 7, Batch 4920 | Acc: 0.7930 | PosAcc: 0.8346 | NegAcc: 0.7513
len(easy_positives): 26876 , len(easy_negatives): 29750
len(hard_positives): 1573 , len(hard_negatives): 2836

CUM Mean pos prob: 0.724, Mean neg prob: 0.279
CUM Mean pos logit: 1.388, Mean neg logit: -2.974

	train_accuracy: 0.7928993583248902
	pos train_accuracy: 0.8346166835528538
	neg train_accuracy: 0.7511820330969267
Epoch 7, Batch 20 | Val Acc: 0.7937 | Val PosAcc: 0.8135 | Val NegAcc: 0.7751
len(easy_positives): 125 , len(easy_negatives): 168
len(hard_positives): 9 , len(hard_negatives): 6
CUM Mean pos prob: 0.705, Mean neg prob: 0.257
CUM Mean pos logit: 1.208, Mean neg logit: -3.094

Epoch 7, Batch 40 | Val Acc: 0.7875 | Val PosAcc: 0.8172 | Val NegAcc: 0.7578
len(easy_positives): 265 , len(easy_negatives): 308
len(hard_positives): 18 , len(hard_negatives): 21
CUM Mean pos prob: 0.706, Mean neg prob: 0.275
CUM Mean pos logit: 1.219, Mean neg logit: -2.926

Epoch 7, Batch 60 | Val Acc: 0.7875 | Val PosAcc: 0.8079 | Val NegAcc: 0.7672
len(easy_positives): 388 , len(easy_negatives): 467
len(hard_positives): 25 , len(hard_negatives): 34
CUM Mean pos prob: 0.699, Mean neg prob: 0.273
CUM Mean pos logit: 1.190, Mean neg logit: -2.834

Epoch 7, Batch 80 | Val Acc: 0.7867 | Val PosAcc: 0.8091 | Val NegAcc: 0.7646
len(easy_positives): 505 , len(easy_negatives): 628
len(hard_positives): 33 , len(hard_negatives): 47
CUM Mean pos prob: 0.697, Mean neg prob: 0.273
CUM Mean pos logit: 1.172, Mean neg logit: -2.775

Epoch 7, Batch 100 | Val Acc: 0.7919 | Val PosAcc: 0.8156 | Val NegAcc: 0.7680
len(easy_positives): 631 , len(easy_negatives): 794
len(hard_positives): 47 , len(hard_negatives): 53
CUM Mean pos prob: 0.698, Mean neg prob: 0.269
CUM Mean pos logit: 1.184, Mean neg logit: -2.812

Epoch 7, Batch 120 | Val Acc: 0.7958 | Val PosAcc: 0.8199 | Val NegAcc: 0.7713
len(easy_positives): 761 , len(easy_negatives): 954
len(hard_positives): 53 , len(hard_negatives): 59
CUM Mean pos prob: 0.700, Mean neg prob: 0.266
CUM Mean pos logit: 1.192, Mean neg logit: -2.857

Epoch 7, Batch 140 | Val Acc: 0.7949 | Val PosAcc: 0.8194 | Val NegAcc: 0.7701
len(easy_positives): 881 , len(easy_negatives): 1121
len(hard_positives): 61 , len(hard_negatives): 68
CUM Mean pos prob: 0.701, Mean neg prob: 0.267
CUM Mean pos logit: 1.190, Mean neg logit: -2.879

Epoch 7, Batch 160 | Val Acc: 0.7947 | Val PosAcc: 0.8193 | Val NegAcc: 0.7701
len(easy_positives): 993 , len(easy_negatives): 1288
len(hard_positives): 66 , len(hard_negatives): 74
CUM Mean pos prob: 0.700, Mean neg prob: 0.268
CUM Mean pos logit: 1.182, Mean neg logit: -2.810

Epoch 7, Batch 180 | Val Acc: 0.7922 | Val PosAcc: 0.8181 | Val NegAcc: 0.7664
len(easy_positives): 1120 , len(easy_negatives): 1444
len(hard_positives): 75 , len(hard_negatives): 91
CUM Mean pos prob: 0.701, Mean neg prob: 0.271
CUM Mean pos logit: 1.189, Mean neg logit: -2.767

Epoch 7, Batch 200 | Val Acc: 0.7925 | Val PosAcc: 0.8202 | Val NegAcc: 0.7647
len(easy_positives): 1257 , len(easy_negatives): 1593
len(hard_positives): 81 , len(hard_negatives): 103
CUM Mean pos prob: 0.702, Mean neg prob: 0.272
CUM Mean pos logit: 1.193, Mean neg logit: -2.764

Epoch 7, Batch 220 | Val Acc: 0.7918 | Val PosAcc: 0.8186 | Val NegAcc: 0.7650
len(easy_positives): 1378 , len(easy_negatives): 1747
len(hard_positives): 88 , len(hard_negatives): 115
CUM Mean pos prob: 0.701, Mean neg prob: 0.273
CUM Mean pos logit: 1.189, Mean neg logit: -2.762

Epoch 7, Batch 240 | Val Acc: 0.7927 | Val PosAcc: 0.8171 | Val NegAcc: 0.7683
len(easy_positives): 1519 , len(easy_negatives): 1907
len(hard_positives): 97 , len(hard_negatives): 122
CUM Mean pos prob: 0.702, Mean neg prob: 0.271
CUM Mean pos logit: 1.192, Mean neg logit: -2.784

Epoch 7, Batch 260 | Val Acc: 0.7930 | Val PosAcc: 0.8171 | Val NegAcc: 0.7690
len(easy_positives): 1631 , len(easy_negatives): 2073
len(hard_positives): 103 , len(hard_negatives): 133
CUM Mean pos prob: 0.701, Mean neg prob: 0.270
CUM Mean pos logit: 1.189, Mean neg logit: -2.793

Epoch 7, Batch 280 | Val Acc: 0.7940 | Val PosAcc: 0.8193 | Val NegAcc: 0.7687
len(easy_positives): 1745 , len(easy_negatives): 2228
len(hard_positives): 109 , len(hard_negatives): 145
CUM Mean pos prob: 0.701, Mean neg prob: 0.271
CUM Mean pos logit: 1.187, Mean neg logit: -2.794

Epoch 7, Batch 300 | Val Acc: 0.7950 | Val PosAcc: 0.8196 | Val NegAcc: 0.7704
len(easy_positives): 1872 , len(easy_negatives): 2381
len(hard_positives): 115 , len(hard_negatives): 156
CUM Mean pos prob: 0.701, Mean neg prob: 0.271
CUM Mean pos logit: 1.187, Mean neg logit: -2.762

Epoch 7, Batch 320 | Val Acc: 0.7948 | Val PosAcc: 0.8189 | Val NegAcc: 0.7708
len(easy_positives): 1996 , len(easy_negatives): 2538
len(hard_positives): 120 , len(hard_negatives): 165
CUM Mean pos prob: 0.701, Mean neg prob: 0.271
CUM Mean pos logit: 1.185, Mean neg logit: -2.747

Epoch 7, Batch 340 | Val Acc: 0.7964 | Val PosAcc: 0.8192 | Val NegAcc: 0.7736
len(easy_positives): 2131 , len(easy_negatives): 2699
len(hard_positives): 128 , len(hard_negatives): 174
CUM Mean pos prob: 0.701, Mean neg prob: 0.270
CUM Mean pos logit: 1.185, Mean neg logit: -2.757

Epoch 7, Batch 360 | Val Acc: 0.7984 | Val PosAcc: 0.8209 | Val NegAcc: 0.7760
len(easy_positives): 2270 , len(easy_negatives): 2883
len(hard_positives): 132 , len(hard_negatives): 187
CUM Mean pos prob: 0.703, Mean neg prob: 0.268
CUM Mean pos logit: 1.192, Mean neg logit: -2.772

Epoch 7, Batch 380 | Val Acc: 0.7972 | Val PosAcc: 0.8205 | Val NegAcc: 0.7741
len(easy_positives): 2386 , len(easy_negatives): 3057
len(hard_positives): 143 , len(hard_negatives): 198
CUM Mean pos prob: 0.702, Mean neg prob: 0.268
CUM Mean pos logit: 1.188, Mean neg logit: -2.774

Epoch 7, Batch 400 | Val Acc: 0.7970 | Val PosAcc: 0.8197 | Val NegAcc: 0.7745
len(easy_positives): 2518 , len(easy_negatives): 3221
len(hard_positives): 151 , len(hard_negatives): 208
CUM Mean pos prob: 0.702, Mean neg prob: 0.268
CUM Mean pos logit: 1.188, Mean neg logit: -2.787

Epoch 7, Batch 420 | Val Acc: 0.7978 | Val PosAcc: 0.8199 | Val NegAcc: 0.7759
len(easy_positives): 2650 , len(easy_negatives): 3376
len(hard_positives): 157 , len(hard_negatives): 217
CUM Mean pos prob: 0.702, Mean neg prob: 0.268
CUM Mean pos logit: 1.192, Mean neg logit: -2.793

Epoch 7, Batch 440 | Val Acc: 0.7980 | Val PosAcc: 0.8203 | Val NegAcc: 0.7759
len(easy_positives): 2780 , len(easy_negatives): 3537
len(hard_positives): 165 , len(hard_negatives): 224
CUM Mean pos prob: 0.702, Mean neg prob: 0.267
CUM Mean pos logit: 1.194, Mean neg logit: -2.800

Epoch 7, Batch 460 | Val Acc: 0.7986 | Val PosAcc: 0.8201 | Val NegAcc: 0.7772
len(easy_positives): 2908 , len(easy_negatives): 3704
len(hard_positives): 168 , len(hard_negatives): 231
CUM Mean pos prob: 0.703, Mean neg prob: 0.266
CUM Mean pos logit: 1.198, Mean neg logit: -2.805

Epoch 7, Batch 480 | Val Acc: 0.7977 | Val PosAcc: 0.8203 | Val NegAcc: 0.7752
len(easy_positives): 3044 , len(easy_negatives): 3860
len(hard_positives): 177 , len(hard_negatives): 244
CUM Mean pos prob: 0.703, Mean neg prob: 0.267
CUM Mean pos logit: 1.204, Mean neg logit: -2.790

Epoch 7, Batch 500 | Val Acc: 0.7978 | Val PosAcc: 0.8200 | Val NegAcc: 0.7759
len(easy_positives): 3154 , len(easy_negatives): 4027
len(hard_positives): 185 , len(hard_negatives): 249
CUM Mean pos prob: 0.703, Mean neg prob: 0.267
CUM Mean pos logit: 1.199, Mean neg logit: -2.790

Epoch 7, Batch 520 | Val Acc: 0.7968 | Val PosAcc: 0.8179 | Val NegAcc: 0.7760
len(easy_positives): 3271 , len(easy_negatives): 4186
len(hard_positives): 192 , len(hard_negatives): 261
CUM Mean pos prob: 0.702, Mean neg prob: 0.267
CUM Mean pos logit: 1.195, Mean neg logit: -2.780

Epoch 7, Batch 540 | Val Acc: 0.7967 | Val PosAcc: 0.8178 | Val NegAcc: 0.7758
len(easy_positives): 3400 , len(easy_negatives): 4342
len(hard_positives): 205 , len(hard_negatives): 269
CUM Mean pos prob: 0.702, Mean neg prob: 0.267
CUM Mean pos logit: 1.195, Mean neg logit: -2.784

Epoch 7, Batch 560 | Val Acc: 0.7963 | Val PosAcc: 0.8168 | Val NegAcc: 0.7761
len(easy_positives): 3501 , len(easy_negatives): 4520
len(hard_positives): 208 , len(hard_negatives): 276
CUM Mean pos prob: 0.701, Mean neg prob: 0.267
CUM Mean pos logit: 1.191, Mean neg logit: -2.790

Epoch 7, Batch 580 | Val Acc: 0.7956 | Val PosAcc: 0.8159 | Val NegAcc: 0.7757
len(easy_positives): 3621 , len(easy_negatives): 4677
len(hard_positives): 213 , len(hard_negatives): 284
CUM Mean pos prob: 0.701, Mean neg prob: 0.267
CUM Mean pos logit: 1.189, Mean neg logit: -2.790

Epoch 7, Batch 600 | Val Acc: 0.7956 | Val PosAcc: 0.8158 | Val NegAcc: 0.7756
len(easy_positives): 3756 , len(easy_negatives): 4844
len(hard_positives): 223 , len(hard_negatives): 291
CUM Mean pos prob: 0.701, Mean neg prob: 0.267
CUM Mean pos logit: 1.186, Mean neg logit: -2.804

Epoch 7, Batch 620 | Val Acc: 0.7957 | Val PosAcc: 0.8165 | Val NegAcc: 0.7751
len(easy_positives): 3881 , len(easy_negatives): 4999
len(hard_positives): 226 , len(hard_negatives): 303
CUM Mean pos prob: 0.701, Mean neg prob: 0.267
CUM Mean pos logit: 1.188, Mean neg logit: -2.806

Epoch 7, Batch 640 | Val Acc: 0.7958 | Val PosAcc: 0.8165 | Val NegAcc: 0.7754
len(easy_positives): 4008 , len(easy_negatives): 5166
len(hard_positives): 237 , len(hard_negatives): 315
CUM Mean pos prob: 0.701, Mean neg prob: 0.267
CUM Mean pos logit: 1.188, Mean neg logit: -2.801

Epoch 7, Batch 660 | Val Acc: 0.7953 | Val PosAcc: 0.8161 | Val NegAcc: 0.7747
len(easy_positives): 4129 , len(easy_negatives): 5323
len(hard_positives): 252 , len(hard_negatives): 331
CUM Mean pos prob: 0.701, Mean neg prob: 0.267
CUM Mean pos logit: 1.187, Mean neg logit: -2.795

Epoch 7, Batch 680 | Val Acc: 0.7952 | Val PosAcc: 0.8162 | Val NegAcc: 0.7743
len(easy_positives): 4264 , len(easy_negatives): 5470
len(hard_positives): 259 , len(hard_negatives): 344
CUM Mean pos prob: 0.701, Mean neg prob: 0.267
CUM Mean pos logit: 1.189, Mean neg logit: -2.797

Epoch 7, Batch 700 | Val Acc: 0.7954 | Val PosAcc: 0.8167 | Val NegAcc: 0.7742
len(easy_positives): 4387 , len(easy_negatives): 5624
len(hard_positives): 265 , len(hard_negatives): 356
CUM Mean pos prob: 0.701, Mean neg prob: 0.268
CUM Mean pos logit: 1.188, Mean neg logit: -2.791

Epoch 7, Batch 720 | Val Acc: 0.7948 | Val PosAcc: 0.8173 | Val NegAcc: 0.7725
len(easy_positives): 4513 , len(easy_negatives): 5764
len(hard_positives): 271 , len(hard_negatives): 365
CUM Mean pos prob: 0.701, Mean neg prob: 0.269
CUM Mean pos logit: 1.188, Mean neg logit: -2.783

Epoch 7, Batch 740 | Val Acc: 0.7946 | Val PosAcc: 0.8171 | Val NegAcc: 0.7723
len(easy_positives): 4639 , len(easy_negatives): 5923
len(hard_positives): 277 , len(hard_negatives): 371
CUM Mean pos prob: 0.701, Mean neg prob: 0.269
CUM Mean pos logit: 1.188, Mean neg logit: -2.773

Epoch 7, Batch 760 | Val Acc: 0.7939 | Val PosAcc: 0.8155 | Val NegAcc: 0.7725
len(easy_positives): 4753 , len(easy_negatives): 6085
len(hard_positives): 285 , len(hard_negatives): 377
CUM Mean pos prob: 0.701, Mean neg prob: 0.269
CUM Mean pos logit: 1.183, Mean neg logit: -2.774

Epoch 7, Batch 780 | Val Acc: 0.7939 | Val PosAcc: 0.8153 | Val NegAcc: 0.7725
len(easy_positives): 4894 , len(easy_negatives): 6240
len(hard_positives): 293 , len(hard_negatives): 387
CUM Mean pos prob: 0.701, Mean neg prob: 0.269
CUM Mean pos logit: 1.186, Mean neg logit: -2.770

Epoch 7, Batch 800 | Val Acc: 0.7940 | Val PosAcc: 0.8153 | Val NegAcc: 0.7728
len(easy_positives): 5027 , len(easy_negatives): 6410
len(hard_positives): 301 , len(hard_negatives): 400
CUM Mean pos prob: 0.701, Mean neg prob: 0.269
CUM Mean pos logit: 1.185, Mean neg logit: -2.769

Epoch 7, Batch 820 | Val Acc: 0.7944 | Val PosAcc: 0.8159 | Val NegAcc: 0.7729
len(easy_positives): 5149 , len(easy_negatives): 6557
len(hard_positives): 306 , len(hard_negatives): 410
CUM Mean pos prob: 0.701, Mean neg prob: 0.269
CUM Mean pos logit: 1.184, Mean neg logit: -2.764

Epoch 7, Batch 840 | Val Acc: 0.7941 | Val PosAcc: 0.8155 | Val NegAcc: 0.7728
len(easy_positives): 5256 , len(easy_negatives): 6730
len(hard_positives): 315 , len(hard_negatives): 421
CUM Mean pos prob: 0.700, Mean neg prob: 0.269
CUM Mean pos logit: 1.182, Mean neg logit: -2.764

Epoch 7, Batch 860 | Val Acc: 0.7939 | Val PosAcc: 0.8157 | Val NegAcc: 0.7720
len(easy_positives): 5394 , len(easy_negatives): 6873
len(hard_positives): 319 , len(hard_negatives): 437
CUM Mean pos prob: 0.701, Mean neg prob: 0.269
CUM Mean pos logit: 1.183, Mean neg logit: -2.763

Epoch 7, Batch 880 | Val Acc: 0.7939 | Val PosAcc: 0.8156 | Val NegAcc: 0.7721
len(easy_positives): 5507 , len(easy_negatives): 7019
len(hard_positives): 328 , len(hard_negatives): 450
CUM Mean pos prob: 0.700, Mean neg prob: 0.269
CUM Mean pos logit: 1.180, Mean neg logit: -2.759

Epoch 7, Batch 900 | Val Acc: 0.7939 | Val PosAcc: 0.8148 | Val NegAcc: 0.7730
len(easy_positives): 5619 , len(easy_negatives): 7178
len(hard_positives): 338 , len(hard_negatives): 459
CUM Mean pos prob: 0.700, Mean neg prob: 0.269
CUM Mean pos logit: 1.177, Mean neg logit: -2.765

Epoch 7, Batch 920 | Val Acc: 0.7937 | Val PosAcc: 0.8144 | Val NegAcc: 0.7731
len(easy_positives): 5751 , len(easy_negatives): 7337
len(hard_positives): 346 , len(hard_negatives): 472
CUM Mean pos prob: 0.700, Mean neg prob: 0.269
CUM Mean pos logit: 1.178, Mean neg logit: -2.756

Epoch 7, Batch 940 | Val Acc: 0.7939 | Val PosAcc: 0.8140 | Val NegAcc: 0.7739
len(easy_positives): 5853 , len(easy_negatives): 7517
len(hard_positives): 354 , len(hard_negatives): 482
CUM Mean pos prob: 0.699, Mean neg prob: 0.269
CUM Mean pos logit: 1.175, Mean neg logit: -2.768

Epoch 7, Batch 960 | Val Acc: 0.7939 | Val PosAcc: 0.8134 | Val NegAcc: 0.7746
len(easy_positives): 5979 , len(easy_negatives): 7702
len(hard_positives): 359 , len(hard_negatives): 492
CUM Mean pos prob: 0.699, Mean neg prob: 0.268
CUM Mean pos logit: 1.176, Mean neg logit: -2.767

Epoch 7, Batch 980 | Val Acc: 0.7941 | Val PosAcc: 0.8129 | Val NegAcc: 0.7753
len(easy_positives): 6111 , len(easy_negatives): 7871
len(hard_positives): 366 , len(hard_negatives): 500
CUM Mean pos prob: 0.699, Mean neg prob: 0.268
CUM Mean pos logit: 1.176, Mean neg logit: -2.781

Epoch 7, Batch 1000 | Val Acc: 0.7939 | Val PosAcc: 0.8129 | Val NegAcc: 0.7750
len(easy_positives): 6241 , len(easy_negatives): 8027
len(hard_positives): 370 , len(hard_negatives): 510
CUM Mean pos prob: 0.699, Mean neg prob: 0.268
CUM Mean pos logit: 1.176, Mean neg logit: -2.776

Epoch 7, Batch 1020 | Val Acc: 0.7944 | Val PosAcc: 0.8136 | Val NegAcc: 0.7752
len(easy_positives): 6379 , len(easy_negatives): 8184
len(hard_positives): 374 , len(hard_negatives): 518
CUM Mean pos prob: 0.700, Mean neg prob: 0.268
CUM Mean pos logit: 1.178, Mean neg logit: -2.775

Epoch 7, Batch 1040 | Val Acc: 0.7946 | Val PosAcc: 0.8138 | Val NegAcc: 0.7754
len(easy_positives): 6505 , len(easy_negatives): 8350
len(hard_positives): 384 , len(hard_negatives): 531
CUM Mean pos prob: 0.700, Mean neg prob: 0.268
CUM Mean pos logit: 1.178, Mean neg logit: -2.781

Epoch 7, Batch 1060 | Val Acc: 0.7942 | Val PosAcc: 0.8130 | Val NegAcc: 0.7753
len(easy_positives): 6641 , len(easy_negatives): 8507
len(hard_positives): 395 , len(hard_negatives): 540
CUM Mean pos prob: 0.699, Mean neg prob: 0.268
CUM Mean pos logit: 1.177, Mean neg logit: -2.781

Epoch 7, Batch 1080 | Val Acc: 0.7939 | Val PosAcc: 0.8131 | Val NegAcc: 0.7747
len(easy_positives): 6760 , len(easy_negatives): 8671
len(hard_positives): 400 , len(hard_negatives): 549
CUM Mean pos prob: 0.700, Mean neg prob: 0.268
CUM Mean pos logit: 1.178, Mean neg logit: -2.780

Epoch 7, Batch 1100 | Val Acc: 0.7938 | Val PosAcc: 0.8132 | Val NegAcc: 0.7745
len(easy_positives): 6873 , len(easy_negatives): 8844
len(hard_positives): 411 , len(hard_negatives): 558
CUM Mean pos prob: 0.699, Mean neg prob: 0.268
CUM Mean pos logit: 1.176, Mean neg logit: -2.782

Epoch 7, Batch 1120 | Val Acc: 0.7935 | Val PosAcc: 0.8128 | Val NegAcc: 0.7744
len(easy_positives): 6996 , len(easy_negatives): 9003
len(hard_positives): 425 , len(hard_negatives): 571
CUM Mean pos prob: 0.699, Mean neg prob: 0.268
CUM Mean pos logit: 1.176, Mean neg logit: -2.776

Epoch 7, Batch 1140 | Val Acc: 0.7936 | Val PosAcc: 0.8126 | Val NegAcc: 0.7747
len(easy_positives): 7120 , len(easy_negatives): 9166
len(hard_positives): 434 , len(hard_negatives): 581
CUM Mean pos prob: 0.699, Mean neg prob: 0.268
CUM Mean pos logit: 1.173, Mean neg logit: -2.777

Epoch 7, Batch 1160 | Val Acc: 0.7936 | Val PosAcc: 0.8127 | Val NegAcc: 0.7745
len(easy_positives): 7249 , len(easy_negatives): 9320
len(hard_positives): 441 , len(hard_negatives): 591
CUM Mean pos prob: 0.699, Mean neg prob: 0.268
CUM Mean pos logit: 1.175, Mean neg logit: -2.779

Epoch 7, Batch 1180 | Val Acc: 0.7936 | Val PosAcc: 0.8126 | Val NegAcc: 0.7746
len(easy_positives): 7368 , len(easy_negatives): 9491
len(hard_positives): 452 , len(hard_negatives): 599
CUM Mean pos prob: 0.699, Mean neg prob: 0.268
CUM Mean pos logit: 1.174, Mean neg logit: -2.794

Epoch 7, Batch 1200 | Val Acc: 0.7931 | Val PosAcc: 0.8120 | Val NegAcc: 0.7742
len(easy_positives): 7492 , len(easy_negatives): 9640
len(hard_positives): 461 , len(hard_negatives): 608
CUM Mean pos prob: 0.699, Mean neg prob: 0.268
CUM Mean pos logit: 1.172, Mean neg logit: -2.793

Epoch 7, Batch 1220 | Val Acc: 0.7932 | Val PosAcc: 0.8120 | Val NegAcc: 0.7745
len(easy_positives): 7610 , len(easy_negatives): 9806
len(hard_positives): 472 , len(hard_negatives): 616
CUM Mean pos prob: 0.699, Mean neg prob: 0.268
CUM Mean pos logit: 1.171, Mean neg logit: -2.792

	val_accuracy: 0.793338399189463
	pos val_accuracy: 0.8121073961499493
	neg val_accuracy: 0.7745694022289767
../Sim5/model7_FE2dis_inrWaterPHD2_5.pt
Epoch 8, Batch 20 | Acc: 0.7979 | PosAcc: 0.8143 | NegAcc: 0.7819
len(easy_positives): 112 , len(easy_negatives): 122
len(hard_positives): 6 , len(hard_negatives): 8

CUM Mean pos prob: 0.720, Mean neg prob: 0.275
CUM Mean pos logit: 1.359, Mean neg logit: -2.490

Epoch 8, Batch 40 | Acc: 0.7917 | PosAcc: 0.8219 | NegAcc: 0.7610
len(easy_positives): 219 , len(easy_negatives): 239
len(hard_positives): 12 , len(hard_negatives): 18

CUM Mean pos prob: 0.718, Mean neg prob: 0.280
CUM Mean pos logit: 1.360, Mean neg logit: -2.577

Epoch 8, Batch 60 | Acc: 0.7986 | PosAcc: 0.8322 | NegAcc: 0.7644
len(easy_positives): 329 , len(easy_negatives): 366
len(hard_positives): 17 , len(hard_negatives): 29

CUM Mean pos prob: 0.723, Mean neg prob: 0.276
CUM Mean pos logit: 1.401, Mean neg logit: -2.734

Epoch 8, Batch 80 | Acc: 0.7964 | PosAcc: 0.8316 | NegAcc: 0.7605
len(easy_positives): 437 , len(easy_negatives): 494
len(hard_positives): 30 , len(hard_negatives): 38

CUM Mean pos prob: 0.719, Mean neg prob: 0.274
CUM Mean pos logit: 1.375, Mean neg logit: -2.857

Epoch 8, Batch 100 | Acc: 0.7996 | PosAcc: 0.8424 | NegAcc: 0.7549
len(easy_positives): 576 , len(easy_negatives): 594
len(hard_positives): 33 , len(hard_negatives): 48

CUM Mean pos prob: 0.729, Mean neg prob: 0.281
CUM Mean pos logit: 1.439, Mean neg logit: -2.733

Epoch 8, Batch 120 | Acc: 0.7937 | PosAcc: 0.8347 | NegAcc: 0.7521
len(easy_positives): 665 , len(easy_negatives): 721
len(hard_positives): 41 , len(hard_negatives): 57

CUM Mean pos prob: 0.723, Mean neg prob: 0.282
CUM Mean pos logit: 1.391, Mean neg logit: -2.761

Epoch 8, Batch 140 | Acc: 0.7952 | PosAcc: 0.8352 | NegAcc: 0.7544
len(easy_positives): 768 , len(easy_negatives): 836
len(hard_positives): 44 , len(hard_negatives): 64

CUM Mean pos prob: 0.722, Mean neg prob: 0.281
CUM Mean pos logit: 1.369, Mean neg logit: -2.764

Epoch 8, Batch 160 | Acc: 0.7979 | PosAcc: 0.8363 | NegAcc: 0.7587
len(easy_positives): 870 , len(easy_negatives): 971
len(hard_positives): 48 , len(hard_negatives): 74

CUM Mean pos prob: 0.721, Mean neg prob: 0.277
CUM Mean pos logit: 1.361, Mean neg logit: -2.894

Epoch 8, Batch 180 | Acc: 0.7968 | PosAcc: 0.8403 | NegAcc: 0.7522
len(easy_positives): 1004 , len(easy_negatives): 1091
len(hard_positives): 54 , len(hard_negatives): 86

CUM Mean pos prob: 0.726, Mean neg prob: 0.280
CUM Mean pos logit: 1.398, Mean neg logit: -2.923

Epoch 8, Batch 200 | Acc: 0.7965 | PosAcc: 0.8409 | NegAcc: 0.7508
len(easy_positives): 1118 , len(easy_negatives): 1201
len(hard_positives): 58 , len(hard_negatives): 96

CUM Mean pos prob: 0.727, Mean neg prob: 0.280
CUM Mean pos logit: 1.412, Mean neg logit: -2.964

Epoch 8, Batch 220 | Acc: 0.8004 | PosAcc: 0.8414 | NegAcc: 0.7583
len(easy_positives): 1214 , len(easy_negatives): 1326
len(hard_positives): 67 , len(hard_negatives): 106

CUM Mean pos prob: 0.726, Mean neg prob: 0.277
CUM Mean pos logit: 1.393, Mean neg logit: -2.995

Epoch 8, Batch 240 | Acc: 0.8000 | PosAcc: 0.8423 | NegAcc: 0.7570
len(easy_positives): 1333 , len(easy_negatives): 1467
len(hard_positives): 74 , len(hard_negatives): 119

CUM Mean pos prob: 0.728, Mean neg prob: 0.276
CUM Mean pos logit: 1.411, Mean neg logit: -3.083

Epoch 8, Batch 260 | Acc: 0.8011 | PosAcc: 0.8429 | NegAcc: 0.7586
len(easy_positives): 1446 , len(easy_negatives): 1592
len(hard_positives): 78 , len(hard_negatives): 132

CUM Mean pos prob: 0.728, Mean neg prob: 0.275
CUM Mean pos logit: 1.413, Mean neg logit: -3.093

Epoch 8, Batch 280 | Acc: 0.8024 | PosAcc: 0.8450 | NegAcc: 0.7589
len(easy_positives): 1588 , len(easy_negatives): 1704
len(hard_positives): 88 , len(hard_negatives): 145

CUM Mean pos prob: 0.731, Mean neg prob: 0.276
CUM Mean pos logit: 1.436, Mean neg logit: -3.101

Epoch 8, Batch 300 | Acc: 0.8037 | PosAcc: 0.8449 | NegAcc: 0.7623
len(easy_positives): 1684 , len(easy_negatives): 1852
len(hard_positives): 93 , len(hard_negatives): 150

CUM Mean pos prob: 0.731, Mean neg prob: 0.273
CUM Mean pos logit: 1.433, Mean neg logit: -3.144

Epoch 8, Batch 320 | Acc: 0.8014 | PosAcc: 0.8414 | NegAcc: 0.7615
len(easy_positives): 1782 , len(easy_negatives): 1996
len(hard_positives): 102 , len(hard_negatives): 160

CUM Mean pos prob: 0.729, Mean neg prob: 0.272
CUM Mean pos logit: 1.424, Mean neg logit: -3.170

Epoch 8, Batch 340 | Acc: 0.8016 | PosAcc: 0.8412 | NegAcc: 0.7619
len(easy_positives): 1909 , len(easy_negatives): 2113
len(hard_positives): 107 , len(hard_negatives): 169

CUM Mean pos prob: 0.730, Mean neg prob: 0.272
CUM Mean pos logit: 1.434, Mean neg logit: -3.167

Epoch 8, Batch 360 | Acc: 0.8002 | PosAcc: 0.8412 | NegAcc: 0.7589
len(easy_positives): 2043 , len(easy_negatives): 2219
len(hard_positives): 114 , len(hard_negatives): 189

CUM Mean pos prob: 0.731, Mean neg prob: 0.274
CUM Mean pos logit: 1.444, Mean neg logit: -3.192

Epoch 8, Batch 380 | Acc: 0.8005 | PosAcc: 0.8404 | NegAcc: 0.7605
len(easy_positives): 2152 , len(easy_negatives): 2361
len(hard_positives): 122 , len(hard_negatives): 197

CUM Mean pos prob: 0.730, Mean neg prob: 0.272
CUM Mean pos logit: 1.436, Mean neg logit: -3.200

Epoch 8, Batch 400 | Acc: 0.7995 | PosAcc: 0.8387 | NegAcc: 0.7600
len(easy_positives): 2248 , len(easy_negatives): 2467
len(hard_positives): 130 , len(hard_negatives): 210

CUM Mean pos prob: 0.729, Mean neg prob: 0.274
CUM Mean pos logit: 1.421, Mean neg logit: -3.159

Epoch 8, Batch 420 | Acc: 0.8004 | PosAcc: 0.8409 | NegAcc: 0.7595
len(easy_positives): 2373 , len(easy_negatives): 2586
len(hard_positives): 132 , len(hard_negatives): 218

CUM Mean pos prob: 0.730, Mean neg prob: 0.274
CUM Mean pos logit: 1.432, Mean neg logit: -3.161

Epoch 8, Batch 440 | Acc: 0.8008 | PosAcc: 0.8415 | NegAcc: 0.7596
len(easy_positives): 2494 , len(easy_negatives): 2713
len(hard_positives): 142 , len(hard_negatives): 229

CUM Mean pos prob: 0.730, Mean neg prob: 0.273
CUM Mean pos logit: 1.433, Mean neg logit: -3.176

Epoch 8, Batch 460 | Acc: 0.8011 | PosAcc: 0.8432 | NegAcc: 0.7584
len(easy_positives): 2612 , len(easy_negatives): 2829
len(hard_positives): 147 , len(hard_negatives): 241

CUM Mean pos prob: 0.730, Mean neg prob: 0.274
CUM Mean pos logit: 1.435, Mean neg logit: -3.149

Epoch 8, Batch 480 | Acc: 0.8021 | PosAcc: 0.8440 | NegAcc: 0.7597
len(easy_positives): 2730 , len(easy_negatives): 2956
len(hard_positives): 155 , len(hard_negatives): 254

CUM Mean pos prob: 0.731, Mean neg prob: 0.273
CUM Mean pos logit: 1.441, Mean neg logit: -3.159

Epoch 8, Batch 500 | Acc: 0.8023 | PosAcc: 0.8438 | NegAcc: 0.7604
len(easy_positives): 2843 , len(easy_negatives): 3095
len(hard_positives): 162 , len(hard_negatives): 265

CUM Mean pos prob: 0.731, Mean neg prob: 0.272
CUM Mean pos logit: 1.449, Mean neg logit: -3.203

Epoch 8, Batch 520 | Acc: 0.8013 | PosAcc: 0.8438 | NegAcc: 0.7584
len(easy_positives): 2945 , len(easy_negatives): 3204
len(hard_positives): 168 , len(hard_negatives): 279

CUM Mean pos prob: 0.730, Mean neg prob: 0.274
CUM Mean pos logit: 1.442, Mean neg logit: -3.177

Epoch 8, Batch 540 | Acc: 0.8008 | PosAcc: 0.8430 | NegAcc: 0.7581
len(easy_positives): 3051 , len(easy_negatives): 3326
len(hard_positives): 172 , len(hard_negatives): 286

CUM Mean pos prob: 0.730, Mean neg prob: 0.273
CUM Mean pos logit: 1.440, Mean neg logit: -3.173

Epoch 8, Batch 560 | Acc: 0.8000 | PosAcc: 0.8424 | NegAcc: 0.7574
len(easy_positives): 3148 , len(easy_negatives): 3445
len(hard_positives): 180 , len(hard_negatives): 297

CUM Mean pos prob: 0.729, Mean neg prob: 0.274
CUM Mean pos logit: 1.433, Mean neg logit: -3.175

Epoch 8, Batch 580 | Acc: 0.7999 | PosAcc: 0.8417 | NegAcc: 0.7578
len(easy_positives): 3250 , len(easy_negatives): 3579
len(hard_positives): 187 , len(hard_negatives): 305

CUM Mean pos prob: 0.729, Mean neg prob: 0.273
CUM Mean pos logit: 1.429, Mean neg logit: -3.186

Epoch 8, Batch 600 | Acc: 0.8005 | PosAcc: 0.8437 | NegAcc: 0.7570
len(easy_positives): 3373 , len(easy_negatives): 3691
len(hard_positives): 189 , len(hard_negatives): 316

CUM Mean pos prob: 0.730, Mean neg prob: 0.274
CUM Mean pos logit: 1.435, Mean neg logit: -3.183

Epoch 8, Batch 620 | Acc: 0.8011 | PosAcc: 0.8449 | NegAcc: 0.7568
len(easy_positives): 3507 , len(easy_negatives): 3796
len(hard_positives): 198 , len(hard_negatives): 325

CUM Mean pos prob: 0.731, Mean neg prob: 0.274
CUM Mean pos logit: 1.443, Mean neg logit: -3.178

Epoch 8, Batch 640 | Acc: 0.8008 | PosAcc: 0.8456 | NegAcc: 0.7556
len(easy_positives): 3630 , len(easy_negatives): 3916
len(hard_positives): 205 , len(hard_negatives): 339

CUM Mean pos prob: 0.731, Mean neg prob: 0.274
CUM Mean pos logit: 1.446, Mean neg logit: -3.189

Epoch 8, Batch 660 | Acc: 0.8005 | PosAcc: 0.8453 | NegAcc: 0.7553
len(easy_positives): 3736 , len(easy_negatives): 4042
len(hard_positives): 212 , len(hard_negatives): 352

CUM Mean pos prob: 0.731, Mean neg prob: 0.275
CUM Mean pos logit: 1.446, Mean neg logit: -3.185

Epoch 8, Batch 680 | Acc: 0.8006 | PosAcc: 0.8442 | NegAcc: 0.7564
len(easy_positives): 3848 , len(easy_negatives): 4170
len(hard_positives): 218 , len(hard_negatives): 362

CUM Mean pos prob: 0.730, Mean neg prob: 0.274
CUM Mean pos logit: 1.443, Mean neg logit: -3.192

Epoch 8, Batch 700 | Acc: 0.8002 | PosAcc: 0.8437 | NegAcc: 0.7565
len(easy_positives): 3968 , len(easy_negatives): 4300
len(hard_positives): 227 , len(hard_negatives): 372

CUM Mean pos prob: 0.730, Mean neg prob: 0.274
CUM Mean pos logit: 1.442, Mean neg logit: -3.198

Epoch 8, Batch 720 | Acc: 0.8006 | PosAcc: 0.8429 | NegAcc: 0.7581
len(easy_positives): 4053 , len(easy_negatives): 4423
len(hard_positives): 234 , len(hard_negatives): 384

CUM Mean pos prob: 0.729, Mean neg prob: 0.274
CUM Mean pos logit: 1.436, Mean neg logit: -3.183

Epoch 8, Batch 740 | Acc: 0.8007 | PosAcc: 0.8440 | NegAcc: 0.7571
len(easy_positives): 4190 , len(easy_negatives): 4530
len(hard_positives): 238 , len(hard_negatives): 398

CUM Mean pos prob: 0.730, Mean neg prob: 0.275
CUM Mean pos logit: 1.444, Mean neg logit: -3.179

Epoch 8, Batch 760 | Acc: 0.8000 | PosAcc: 0.8415 | NegAcc: 0.7583
len(easy_positives): 4272 , len(easy_negatives): 4659
len(hard_positives): 247 , len(hard_negatives): 406

CUM Mean pos prob: 0.729, Mean neg prob: 0.274
CUM Mean pos logit: 1.433, Mean neg logit: -3.169

Epoch 8, Batch 780 | Acc: 0.8003 | PosAcc: 0.8413 | NegAcc: 0.7591
len(easy_positives): 4374 , len(easy_negatives): 4786
len(hard_positives): 253 , len(hard_negatives): 415

CUM Mean pos prob: 0.728, Mean neg prob: 0.274
CUM Mean pos logit: 1.430, Mean neg logit: -3.172

Epoch 8, Batch 800 | Acc: 0.8001 | PosAcc: 0.8404 | NegAcc: 0.7598
len(easy_positives): 4480 , len(easy_negatives): 4913
len(hard_positives): 260 , len(hard_negatives): 426

CUM Mean pos prob: 0.728, Mean neg prob: 0.274
CUM Mean pos logit: 1.430, Mean neg logit: -3.166

Epoch 8, Batch 820 | Acc: 0.7998 | PosAcc: 0.8396 | NegAcc: 0.7602
len(easy_positives): 4589 , len(easy_negatives): 5038
len(hard_positives): 270 , len(hard_negatives): 436

CUM Mean pos prob: 0.728, Mean neg prob: 0.274
CUM Mean pos logit: 1.429, Mean neg logit: -3.166

Epoch 8, Batch 840 | Acc: 0.7995 | PosAcc: 0.8392 | NegAcc: 0.7599
len(easy_positives): 4691 , len(easy_negatives): 5157
len(hard_positives): 277 , len(hard_negatives): 442

CUM Mean pos prob: 0.727, Mean neg prob: 0.274
CUM Mean pos logit: 1.425, Mean neg logit: -3.166

Epoch 8, Batch 860 | Acc: 0.7992 | PosAcc: 0.8397 | NegAcc: 0.7589
len(easy_positives): 4823 , len(easy_negatives): 5273
len(hard_positives): 285 , len(hard_negatives): 456

CUM Mean pos prob: 0.728, Mean neg prob: 0.274
CUM Mean pos logit: 1.430, Mean neg logit: -3.171

Epoch 8, Batch 880 | Acc: 0.7994 | PosAcc: 0.8394 | NegAcc: 0.7594
len(easy_positives): 4922 , len(easy_negatives): 5404
len(hard_positives): 290 , len(hard_negatives): 468

CUM Mean pos prob: 0.728, Mean neg prob: 0.274
CUM Mean pos logit: 1.429, Mean neg logit: -3.172

Epoch 8, Batch 900 | Acc: 0.7990 | PosAcc: 0.8397 | NegAcc: 0.7582
len(easy_positives): 5043 , len(easy_negatives): 5494
len(hard_positives): 296 , len(hard_negatives): 478

CUM Mean pos prob: 0.728, Mean neg prob: 0.275
CUM Mean pos logit: 1.428, Mean neg logit: -3.154

Epoch 8, Batch 920 | Acc: 0.7996 | PosAcc: 0.8405 | NegAcc: 0.7587
len(easy_positives): 5163 , len(easy_negatives): 5626
len(hard_positives): 306 , len(hard_negatives): 486

CUM Mean pos prob: 0.728, Mean neg prob: 0.275
CUM Mean pos logit: 1.432, Mean neg logit: -3.157

Epoch 8, Batch 940 | Acc: 0.8001 | PosAcc: 0.8412 | NegAcc: 0.7589
len(easy_positives): 5288 , len(easy_negatives): 5748
len(hard_positives): 315 , len(hard_negatives): 497

CUM Mean pos prob: 0.729, Mean neg prob: 0.274
CUM Mean pos logit: 1.435, Mean neg logit: -3.152

Epoch 8, Batch 960 | Acc: 0.8006 | PosAcc: 0.8413 | NegAcc: 0.7597
len(easy_positives): 5416 , len(easy_negatives): 5883
len(hard_positives): 320 , len(hard_negatives): 505

CUM Mean pos prob: 0.729, Mean neg prob: 0.274
CUM Mean pos logit: 1.439, Mean neg logit: -3.157

Epoch 8, Batch 980 | Acc: 0.8004 | PosAcc: 0.8410 | NegAcc: 0.7596
len(easy_positives): 5537 , len(easy_negatives): 6002
len(hard_positives): 330 , len(hard_negatives): 514

CUM Mean pos prob: 0.729, Mean neg prob: 0.274
CUM Mean pos logit: 1.442, Mean neg logit: -3.173

Epoch 8, Batch 1000 | Acc: 0.8007 | PosAcc: 0.8415 | NegAcc: 0.7600
len(easy_positives): 5660 , len(easy_negatives): 6135
len(hard_positives): 337 , len(hard_negatives): 528

CUM Mean pos prob: 0.729, Mean neg prob: 0.274
CUM Mean pos logit: 1.442, Mean neg logit: -3.186

Epoch 8, Batch 1020 | Acc: 0.8007 | PosAcc: 0.8413 | NegAcc: 0.7598
len(easy_positives): 5787 , len(easy_negatives): 6247
len(hard_positives): 344 , len(hard_negatives): 538

CUM Mean pos prob: 0.730, Mean neg prob: 0.274
CUM Mean pos logit: 1.446, Mean neg logit: -3.189

Epoch 8, Batch 1040 | Acc: 0.8010 | PosAcc: 0.8413 | NegAcc: 0.7604
len(easy_positives): 5927 , len(easy_negatives): 6357
len(hard_positives): 353 , len(hard_negatives): 551

CUM Mean pos prob: 0.730, Mean neg prob: 0.274
CUM Mean pos logit: 1.448, Mean neg logit: -3.204

Epoch 8, Batch 1060 | Acc: 0.8011 | PosAcc: 0.8410 | NegAcc: 0.7610
len(easy_positives): 6061 , len(easy_negatives): 6477
len(hard_positives): 360 , len(hard_negatives): 561

CUM Mean pos prob: 0.730, Mean neg prob: 0.274
CUM Mean pos logit: 1.453, Mean neg logit: -3.210

Epoch 8, Batch 1080 | Acc: 0.8007 | PosAcc: 0.8402 | NegAcc: 0.7610
len(easy_positives): 6161 , len(easy_negatives): 6611
len(hard_positives): 369 , len(hard_negatives): 571

CUM Mean pos prob: 0.730, Mean neg prob: 0.274
CUM Mean pos logit: 1.453, Mean neg logit: -3.208

Epoch 8, Batch 1100 | Acc: 0.8003 | PosAcc: 0.8399 | NegAcc: 0.7607
len(easy_positives): 6265 , len(easy_negatives): 6739
len(hard_positives): 372 , len(hard_negatives): 584

CUM Mean pos prob: 0.730, Mean neg prob: 0.274
CUM Mean pos logit: 1.454, Mean neg logit: -3.200

Epoch 8, Batch 1120 | Acc: 0.8000 | PosAcc: 0.8394 | NegAcc: 0.7606
len(easy_positives): 6368 , len(easy_negatives): 6863
len(hard_positives): 378 , len(hard_negatives): 594

CUM Mean pos prob: 0.730, Mean neg prob: 0.273
CUM Mean pos logit: 1.452, Mean neg logit: -3.203

Epoch 8, Batch 1140 | Acc: 0.8001 | PosAcc: 0.8389 | NegAcc: 0.7612
len(easy_positives): 6484 , len(easy_negatives): 6979
len(hard_positives): 388 , len(hard_negatives): 602

CUM Mean pos prob: 0.730, Mean neg prob: 0.273
CUM Mean pos logit: 1.453, Mean neg logit: -3.207

Epoch 8, Batch 1160 | Acc: 0.8003 | PosAcc: 0.8390 | NegAcc: 0.7613
len(easy_positives): 6591 , len(easy_negatives): 7097
len(hard_positives): 393 , len(hard_negatives): 615

CUM Mean pos prob: 0.729, Mean neg prob: 0.273
CUM Mean pos logit: 1.451, Mean neg logit: -3.207

Epoch 8, Batch 1180 | Acc: 0.8004 | PosAcc: 0.8394 | NegAcc: 0.7614
len(easy_positives): 6702 , len(easy_negatives): 7227
len(hard_positives): 396 , len(hard_negatives): 628

CUM Mean pos prob: 0.730, Mean neg prob: 0.273
CUM Mean pos logit: 1.452, Mean neg logit: -3.198

Epoch 8, Batch 1200 | Acc: 0.8004 | PosAcc: 0.8391 | NegAcc: 0.7616
len(easy_positives): 6825 , len(easy_negatives): 7344
len(hard_positives): 406 , len(hard_negatives): 644

CUM Mean pos prob: 0.730, Mean neg prob: 0.273
CUM Mean pos logit: 1.453, Mean neg logit: -3.197

Epoch 8, Batch 1220 | Acc: 0.8004 | PosAcc: 0.8385 | NegAcc: 0.7622
len(easy_positives): 6933 , len(easy_negatives): 7472
len(hard_positives): 413 , len(hard_negatives): 654

CUM Mean pos prob: 0.729, Mean neg prob: 0.273
CUM Mean pos logit: 1.452, Mean neg logit: -3.189

Epoch 8, Batch 1240 | Acc: 0.8001 | PosAcc: 0.8388 | NegAcc: 0.7614
len(easy_positives): 7046 , len(easy_negatives): 7590
len(hard_positives): 418 , len(hard_negatives): 670

CUM Mean pos prob: 0.730, Mean neg prob: 0.274
CUM Mean pos logit: 1.455, Mean neg logit: -3.178

Epoch 8, Batch 1260 | Acc: 0.7998 | PosAcc: 0.8377 | NegAcc: 0.7619
len(easy_positives): 7135 , len(easy_negatives): 7709
len(hard_positives): 427 , len(hard_negatives): 679

CUM Mean pos prob: 0.729, Mean neg prob: 0.274
CUM Mean pos logit: 1.449, Mean neg logit: -3.181

Epoch 8, Batch 1280 | Acc: 0.8002 | PosAcc: 0.8389 | NegAcc: 0.7614
len(easy_positives): 7260 , len(easy_negatives): 7825
len(hard_positives): 433 , len(hard_negatives): 694

CUM Mean pos prob: 0.730, Mean neg prob: 0.274
CUM Mean pos logit: 1.452, Mean neg logit: -3.176

Epoch 8, Batch 1300 | Acc: 0.8003 | PosAcc: 0.8391 | NegAcc: 0.7614
len(easy_positives): 7390 , len(easy_negatives): 7953
len(hard_positives): 437 , len(hard_negatives): 705

CUM Mean pos prob: 0.730, Mean neg prob: 0.274
CUM Mean pos logit: 1.455, Mean neg logit: -3.183

Epoch 8, Batch 1320 | Acc: 0.8004 | PosAcc: 0.8389 | NegAcc: 0.7618
len(easy_positives): 7493 , len(easy_negatives): 8086
len(hard_positives): 441 , len(hard_negatives): 714

CUM Mean pos prob: 0.730, Mean neg prob: 0.274
CUM Mean pos logit: 1.457, Mean neg logit: -3.180

Epoch 8, Batch 1340 | Acc: 0.8002 | PosAcc: 0.8381 | NegAcc: 0.7623
len(easy_positives): 7593 , len(easy_negatives): 8215
len(hard_positives): 449 , len(hard_negatives): 724

CUM Mean pos prob: 0.729, Mean neg prob: 0.273
CUM Mean pos logit: 1.453, Mean neg logit: -3.186

Epoch 8, Batch 1360 | Acc: 0.8002 | PosAcc: 0.8378 | NegAcc: 0.7625
len(easy_positives): 7728 , len(easy_negatives): 8343
len(hard_positives): 458 , len(hard_negatives): 744

CUM Mean pos prob: 0.730, Mean neg prob: 0.273
CUM Mean pos logit: 1.458, Mean neg logit: -3.197

Epoch 8, Batch 1380 | Acc: 0.7998 | PosAcc: 0.8379 | NegAcc: 0.7616
len(easy_positives): 7844 , len(easy_negatives): 8457
len(hard_positives): 462 , len(hard_negatives): 758

CUM Mean pos prob: 0.730, Mean neg prob: 0.274
CUM Mean pos logit: 1.457, Mean neg logit: -3.190

Epoch 8, Batch 1400 | Acc: 0.7992 | PosAcc: 0.8378 | NegAcc: 0.7606
len(easy_positives): 7925 , len(easy_negatives): 8551
len(hard_positives): 471 , len(hard_negatives): 762

CUM Mean pos prob: 0.729, Mean neg prob: 0.274
CUM Mean pos logit: 1.451, Mean neg logit: -3.174

Epoch 8, Batch 1420 | Acc: 0.7989 | PosAcc: 0.8380 | NegAcc: 0.7597
len(easy_positives): 8034 , len(easy_negatives): 8669
len(hard_positives): 474 , len(hard_negatives): 775

CUM Mean pos prob: 0.729, Mean neg prob: 0.275
CUM Mean pos logit: 1.451, Mean neg logit: -3.161

Epoch 8, Batch 1440 | Acc: 0.7984 | PosAcc: 0.8373 | NegAcc: 0.7594
len(easy_positives): 8133 , len(easy_negatives): 8789
len(hard_positives): 479 , len(hard_negatives): 782

CUM Mean pos prob: 0.729, Mean neg prob: 0.275
CUM Mean pos logit: 1.447, Mean neg logit: -3.157

Epoch 8, Batch 1460 | Acc: 0.7985 | PosAcc: 0.8374 | NegAcc: 0.7594
len(easy_positives): 8249 , len(easy_negatives): 8911
len(hard_positives): 481 , len(hard_negatives): 789

CUM Mean pos prob: 0.729, Mean neg prob: 0.275
CUM Mean pos logit: 1.450, Mean neg logit: -3.154

Epoch 8, Batch 1480 | Acc: 0.7987 | PosAcc: 0.8373 | NegAcc: 0.7600
len(easy_positives): 8362 , len(easy_negatives): 9049
len(hard_positives): 491 , len(hard_negatives): 801

CUM Mean pos prob: 0.729, Mean neg prob: 0.274
CUM Mean pos logit: 1.450, Mean neg logit: -3.154

Epoch 8, Batch 1500 | Acc: 0.7987 | PosAcc: 0.8376 | NegAcc: 0.7597
len(easy_positives): 8484 , len(easy_negatives): 9160
len(hard_positives): 496 , len(hard_negatives): 818

CUM Mean pos prob: 0.729, Mean neg prob: 0.275
CUM Mean pos logit: 1.450, Mean neg logit: -3.148

Epoch 8, Batch 1520 | Acc: 0.7987 | PosAcc: 0.8373 | NegAcc: 0.7599
len(easy_positives): 8585 , len(easy_negatives): 9288
len(hard_positives): 501 , len(hard_negatives): 823

CUM Mean pos prob: 0.729, Mean neg prob: 0.274
CUM Mean pos logit: 1.448, Mean neg logit: -3.151

Epoch 8, Batch 1540 | Acc: 0.7988 | PosAcc: 0.8379 | NegAcc: 0.7594
len(easy_positives): 8745 , len(easy_negatives): 9398
len(hard_positives): 507 , len(hard_negatives): 837

CUM Mean pos prob: 0.730, Mean neg prob: 0.275
CUM Mean pos logit: 1.455, Mean neg logit: -3.146

Epoch 8, Batch 1560 | Acc: 0.7990 | PosAcc: 0.8379 | NegAcc: 0.7601
len(easy_positives): 8831 , len(easy_negatives): 9537
len(hard_positives): 515 , len(hard_negatives): 844

CUM Mean pos prob: 0.729, Mean neg prob: 0.274
CUM Mean pos logit: 1.453, Mean neg logit: -3.146

Epoch 8, Batch 1580 | Acc: 0.7989 | PosAcc: 0.8381 | NegAcc: 0.7598
len(easy_positives): 8933 , len(easy_negatives): 9653
len(hard_positives): 523 , len(hard_negatives): 854

CUM Mean pos prob: 0.729, Mean neg prob: 0.274
CUM Mean pos logit: 1.451, Mean neg logit: -3.150

Epoch 8, Batch 1600 | Acc: 0.7993 | PosAcc: 0.8381 | NegAcc: 0.7605
len(easy_positives): 9042 , len(easy_negatives): 9785
len(hard_positives): 530 , len(hard_negatives): 860

CUM Mean pos prob: 0.729, Mean neg prob: 0.274
CUM Mean pos logit: 1.451, Mean neg logit: -3.149

Epoch 8, Batch 1620 | Acc: 0.7991 | PosAcc: 0.8377 | NegAcc: 0.7604
len(easy_positives): 9148 , len(easy_negatives): 9909
len(hard_positives): 539 , len(hard_negatives): 872

CUM Mean pos prob: 0.729, Mean neg prob: 0.274
CUM Mean pos logit: 1.450, Mean neg logit: -3.157

Epoch 8, Batch 1640 | Acc: 0.7993 | PosAcc: 0.8380 | NegAcc: 0.7607
len(easy_positives): 9262 , len(easy_negatives): 10038
len(hard_positives): 541 , len(hard_negatives): 888

CUM Mean pos prob: 0.729, Mean neg prob: 0.274
CUM Mean pos logit: 1.450, Mean neg logit: -3.167

Epoch 8, Batch 1660 | Acc: 0.7994 | PosAcc: 0.8379 | NegAcc: 0.7609
len(easy_positives): 9371 , len(easy_negatives): 10176
len(hard_positives): 551 , len(hard_negatives): 904

CUM Mean pos prob: 0.729, Mean neg prob: 0.274
CUM Mean pos logit: 1.450, Mean neg logit: -3.176

Epoch 8, Batch 1680 | Acc: 0.7993 | PosAcc: 0.8375 | NegAcc: 0.7610
len(easy_positives): 9481 , len(easy_negatives): 10300
len(hard_positives): 560 , len(hard_negatives): 910

CUM Mean pos prob: 0.729, Mean neg prob: 0.274
CUM Mean pos logit: 1.449, Mean neg logit: -3.172

Epoch 8, Batch 1700 | Acc: 0.7988 | PosAcc: 0.8373 | NegAcc: 0.7603
len(easy_positives): 9586 , len(easy_negatives): 10421
len(hard_positives): 565 , len(hard_negatives): 925

CUM Mean pos prob: 0.729, Mean neg prob: 0.274
CUM Mean pos logit: 1.449, Mean neg logit: -3.162

Epoch 8, Batch 1720 | Acc: 0.7985 | PosAcc: 0.8368 | NegAcc: 0.7601
len(easy_positives): 9698 , len(easy_negatives): 10537
len(hard_positives): 572 , len(hard_negatives): 940

CUM Mean pos prob: 0.729, Mean neg prob: 0.274
CUM Mean pos logit: 1.448, Mean neg logit: -3.157

Epoch 8, Batch 1740 | Acc: 0.7984 | PosAcc: 0.8366 | NegAcc: 0.7604
len(easy_positives): 9790 , len(easy_negatives): 10671
len(hard_positives): 582 , len(hard_negatives): 949

CUM Mean pos prob: 0.729, Mean neg prob: 0.274
CUM Mean pos logit: 1.445, Mean neg logit: -3.161

Epoch 8, Batch 1760 | Acc: 0.7982 | PosAcc: 0.8364 | NegAcc: 0.7601
len(easy_positives): 9878 , len(easy_negatives): 10779
len(hard_positives): 586 , len(hard_negatives): 962

CUM Mean pos prob: 0.728, Mean neg prob: 0.274
CUM Mean pos logit: 1.442, Mean neg logit: -3.151

Epoch 8, Batch 1780 | Acc: 0.7982 | PosAcc: 0.8365 | NegAcc: 0.7598
len(easy_positives): 10002 , len(easy_negatives): 10892
len(hard_positives): 595 , len(hard_negatives): 974

CUM Mean pos prob: 0.728, Mean neg prob: 0.274
CUM Mean pos logit: 1.441, Mean neg logit: -3.149

Epoch 8, Batch 1800 | Acc: 0.7983 | PosAcc: 0.8368 | NegAcc: 0.7598
len(easy_positives): 10146 , len(easy_negatives): 11013
len(hard_positives): 596 , len(hard_negatives): 986

CUM Mean pos prob: 0.729, Mean neg prob: 0.274
CUM Mean pos logit: 1.445, Mean neg logit: -3.152

Epoch 8, Batch 1820 | Acc: 0.7981 | PosAcc: 0.8362 | NegAcc: 0.7600
len(easy_positives): 10227 , len(easy_negatives): 11141
len(hard_positives): 603 , len(hard_negatives): 994

CUM Mean pos prob: 0.728, Mean neg prob: 0.274
CUM Mean pos logit: 1.443, Mean neg logit: -3.146

Epoch 8, Batch 1840 | Acc: 0.7979 | PosAcc: 0.8359 | NegAcc: 0.7600
len(easy_positives): 10314 , len(easy_negatives): 11260
len(hard_positives): 606 , len(hard_negatives): 999

CUM Mean pos prob: 0.728, Mean neg prob: 0.274
CUM Mean pos logit: 1.439, Mean neg logit: -3.140

Epoch 8, Batch 1860 | Acc: 0.7978 | PosAcc: 0.8356 | NegAcc: 0.7600
len(easy_positives): 10402 , len(easy_negatives): 11412
len(hard_positives): 614 , len(hard_negatives): 1010

CUM Mean pos prob: 0.728, Mean neg prob: 0.274
CUM Mean pos logit: 1.437, Mean neg logit: -3.145

Epoch 8, Batch 1880 | Acc: 0.7981 | PosAcc: 0.8355 | NegAcc: 0.7609
len(easy_positives): 10491 , len(easy_negatives): 11565
len(hard_positives): 620 , len(hard_negatives): 1016

CUM Mean pos prob: 0.727, Mean neg prob: 0.273
CUM Mean pos logit: 1.435, Mean neg logit: -3.154

Epoch 8, Batch 1900 | Acc: 0.7982 | PosAcc: 0.8360 | NegAcc: 0.7606
len(easy_positives): 10625 , len(easy_negatives): 11697
len(hard_positives): 625 , len(hard_negatives): 1037

CUM Mean pos prob: 0.728, Mean neg prob: 0.274
CUM Mean pos logit: 1.439, Mean neg logit: -3.156

Epoch 8, Batch 1920 | Acc: 0.7980 | PosAcc: 0.8360 | NegAcc: 0.7603
len(easy_positives): 10714 , len(easy_negatives): 11814
len(hard_positives): 632 , len(hard_negatives): 1047

CUM Mean pos prob: 0.728, Mean neg prob: 0.274
CUM Mean pos logit: 1.436, Mean neg logit: -3.148

Epoch 8, Batch 1940 | Acc: 0.7980 | PosAcc: 0.8358 | NegAcc: 0.7604
len(easy_positives): 10824 , len(easy_negatives): 11946
len(hard_positives): 636 , len(hard_negatives): 1062

CUM Mean pos prob: 0.728, Mean neg prob: 0.274
CUM Mean pos logit: 1.435, Mean neg logit: -3.149

Epoch 8, Batch 1960 | Acc: 0.7981 | PosAcc: 0.8364 | NegAcc: 0.7599
len(easy_positives): 10980 , len(easy_negatives): 12051
len(hard_positives): 639 , len(hard_negatives): 1082

CUM Mean pos prob: 0.728, Mean neg prob: 0.274
CUM Mean pos logit: 1.439, Mean neg logit: -3.148

Epoch 8, Batch 1980 | Acc: 0.7976 | PosAcc: 0.8358 | NegAcc: 0.7595
len(easy_positives): 11079 , len(easy_negatives): 12165
len(hard_positives): 645 , len(hard_negatives): 1092

CUM Mean pos prob: 0.728, Mean neg prob: 0.274
CUM Mean pos logit: 1.437, Mean neg logit: -3.145

Epoch 8, Batch 2000 | Acc: 0.7978 | PosAcc: 0.8358 | NegAcc: 0.7600
len(easy_positives): 11178 , len(easy_negatives): 12303
len(hard_positives): 648 , len(hard_negatives): 1102

CUM Mean pos prob: 0.728, Mean neg prob: 0.274
CUM Mean pos logit: 1.436, Mean neg logit: -3.145

Epoch 8, Batch 2020 | Acc: 0.7973 | PosAcc: 0.8355 | NegAcc: 0.7594
len(easy_positives): 11289 , len(easy_negatives): 12419
len(hard_positives): 658 , len(hard_negatives): 1110

CUM Mean pos prob: 0.728, Mean neg prob: 0.274
CUM Mean pos logit: 1.434, Mean neg logit: -3.152

Epoch 8, Batch 2040 | Acc: 0.7975 | PosAcc: 0.8355 | NegAcc: 0.7597
len(easy_positives): 11387 , len(easy_negatives): 12546
len(hard_positives): 664 , len(hard_negatives): 1119

CUM Mean pos prob: 0.727, Mean neg prob: 0.274
CUM Mean pos logit: 1.433, Mean neg logit: -3.155

Epoch 8, Batch 2060 | Acc: 0.7975 | PosAcc: 0.8351 | NegAcc: 0.7600
len(easy_positives): 11507 , len(easy_negatives): 12684
len(hard_positives): 673 , len(hard_negatives): 1131

CUM Mean pos prob: 0.727, Mean neg prob: 0.274
CUM Mean pos logit: 1.433, Mean neg logit: -3.158

Epoch 8, Batch 2080 | Acc: 0.7976 | PosAcc: 0.8359 | NegAcc: 0.7594
len(easy_positives): 11656 , len(easy_negatives): 12782
len(hard_positives): 678 , len(hard_negatives): 1146

CUM Mean pos prob: 0.728, Mean neg prob: 0.274
CUM Mean pos logit: 1.438, Mean neg logit: -3.159

Epoch 8, Batch 2100 | Acc: 0.7973 | PosAcc: 0.8361 | NegAcc: 0.7586
len(easy_positives): 11765 , len(easy_negatives): 12881
len(hard_positives): 681 , len(hard_negatives): 1155

CUM Mean pos prob: 0.728, Mean neg prob: 0.274
CUM Mean pos logit: 1.437, Mean neg logit: -3.152

Epoch 8, Batch 2120 | Acc: 0.7974 | PosAcc: 0.8359 | NegAcc: 0.7589
len(easy_positives): 11878 , len(easy_negatives): 13001
len(hard_positives): 685 , len(hard_negatives): 1162

CUM Mean pos prob: 0.728, Mean neg prob: 0.274
CUM Mean pos logit: 1.436, Mean neg logit: -3.151

Epoch 8, Batch 2140 | Acc: 0.7975 | PosAcc: 0.8361 | NegAcc: 0.7590
len(easy_positives): 12008 , len(easy_negatives): 13133
len(hard_positives): 696 , len(hard_negatives): 1178

CUM Mean pos prob: 0.728, Mean neg prob: 0.274
CUM Mean pos logit: 1.439, Mean neg logit: -3.155

Epoch 8, Batch 2160 | Acc: 0.7977 | PosAcc: 0.8366 | NegAcc: 0.7588
len(easy_positives): 12132 , len(easy_negatives): 13238
len(hard_positives): 699 , len(hard_negatives): 1187

CUM Mean pos prob: 0.728, Mean neg prob: 0.274
CUM Mean pos logit: 1.441, Mean neg logit: -3.147

Epoch 8, Batch 2180 | Acc: 0.7977 | PosAcc: 0.8368 | NegAcc: 0.7586
len(easy_positives): 12270 , len(easy_negatives): 13354
len(hard_positives): 704 , len(hard_negatives): 1204

CUM Mean pos prob: 0.729, Mean neg prob: 0.274
CUM Mean pos logit: 1.444, Mean neg logit: -3.147

Epoch 8, Batch 2200 | Acc: 0.7976 | PosAcc: 0.8364 | NegAcc: 0.7587
len(easy_positives): 12347 , len(easy_negatives): 13479
len(hard_positives): 711 , len(hard_negatives): 1211

CUM Mean pos prob: 0.728, Mean neg prob: 0.274
CUM Mean pos logit: 1.440, Mean neg logit: -3.142

Epoch 8, Batch 2220 | Acc: 0.7971 | PosAcc: 0.8361 | NegAcc: 0.7582
len(easy_positives): 12442 , len(easy_negatives): 13580
len(hard_positives): 715 , len(hard_negatives): 1222

CUM Mean pos prob: 0.728, Mean neg prob: 0.275
CUM Mean pos logit: 1.437, Mean neg logit: -3.134

Epoch 8, Batch 2240 | Acc: 0.7973 | PosAcc: 0.8363 | NegAcc: 0.7582
len(easy_positives): 12565 , len(easy_negatives): 13695
len(hard_positives): 720 , len(hard_negatives): 1233

CUM Mean pos prob: 0.728, Mean neg prob: 0.275
CUM Mean pos logit: 1.438, Mean neg logit: -3.132

Epoch 8, Batch 2260 | Acc: 0.7974 | PosAcc: 0.8367 | NegAcc: 0.7581
len(easy_positives): 12698 , len(easy_negatives): 13812
len(hard_positives): 723 , len(hard_negatives): 1246

CUM Mean pos prob: 0.728, Mean neg prob: 0.275
CUM Mean pos logit: 1.440, Mean neg logit: -3.127

Epoch 8, Batch 2280 | Acc: 0.7976 | PosAcc: 0.8372 | NegAcc: 0.7580
len(easy_positives): 12844 , len(easy_negatives): 13938
len(hard_positives): 729 , len(hard_negatives): 1264

CUM Mean pos prob: 0.729, Mean neg prob: 0.275
CUM Mean pos logit: 1.445, Mean neg logit: -3.129

Epoch 8, Batch 2300 | Acc: 0.7977 | PosAcc: 0.8372 | NegAcc: 0.7581
len(easy_positives): 12955 , len(easy_negatives): 14068
len(hard_positives): 741 , len(hard_negatives): 1273

CUM Mean pos prob: 0.729, Mean neg prob: 0.275
CUM Mean pos logit: 1.445, Mean neg logit: -3.133

Epoch 8, Batch 2320 | Acc: 0.7977 | PosAcc: 0.8373 | NegAcc: 0.7580
len(easy_positives): 13065 , len(easy_negatives): 14191
len(hard_positives): 746 , len(hard_negatives): 1288

CUM Mean pos prob: 0.729, Mean neg prob: 0.275
CUM Mean pos logit: 1.446, Mean neg logit: -3.137

Epoch 8, Batch 2340 | Acc: 0.7979 | PosAcc: 0.8376 | NegAcc: 0.7581
len(easy_positives): 13181 , len(easy_negatives): 14323
len(hard_positives): 752 , len(hard_negatives): 1300

CUM Mean pos prob: 0.729, Mean neg prob: 0.274
CUM Mean pos logit: 1.446, Mean neg logit: -3.138

Epoch 8, Batch 2360 | Acc: 0.7979 | PosAcc: 0.8374 | NegAcc: 0.7583
len(easy_positives): 13282 , len(easy_negatives): 14460
len(hard_positives): 760 , len(hard_negatives): 1311

CUM Mean pos prob: 0.729, Mean neg prob: 0.274
CUM Mean pos logit: 1.445, Mean neg logit: -3.141

Epoch 8, Batch 2380 | Acc: 0.7978 | PosAcc: 0.8374 | NegAcc: 0.7581
len(easy_positives): 13394 , len(easy_negatives): 14576
len(hard_positives): 764 , len(hard_negatives): 1324

CUM Mean pos prob: 0.729, Mean neg prob: 0.274
CUM Mean pos logit: 1.446, Mean neg logit: -3.138

Epoch 8, Batch 2400 | Acc: 0.7978 | PosAcc: 0.8373 | NegAcc: 0.7583
len(easy_positives): 13501 , len(easy_negatives): 14707
len(hard_positives): 768 , len(hard_negatives): 1330

CUM Mean pos prob: 0.729, Mean neg prob: 0.274
CUM Mean pos logit: 1.446, Mean neg logit: -3.140

Epoch 8, Batch 2420 | Acc: 0.7976 | PosAcc: 0.8368 | NegAcc: 0.7583
len(easy_positives): 13609 , len(easy_negatives): 14840
len(hard_positives): 774 , len(hard_negatives): 1344

CUM Mean pos prob: 0.729, Mean neg prob: 0.274
CUM Mean pos logit: 1.446, Mean neg logit: -3.146

Epoch 8, Batch 2440 | Acc: 0.7978 | PosAcc: 0.8375 | NegAcc: 0.7579
len(easy_positives): 13760 , len(easy_negatives): 14939
len(hard_positives): 778 , len(hard_negatives): 1357

CUM Mean pos prob: 0.729, Mean neg prob: 0.274
CUM Mean pos logit: 1.448, Mean neg logit: -3.138

Epoch 8, Batch 2460 | Acc: 0.7979 | PosAcc: 0.8376 | NegAcc: 0.7581
len(easy_positives): 13879 , len(easy_negatives): 15087
len(hard_positives): 781 , len(hard_negatives): 1369

CUM Mean pos prob: 0.730, Mean neg prob: 0.274
CUM Mean pos logit: 1.450, Mean neg logit: -3.145

Epoch 8, Batch 2480 | Acc: 0.7977 | PosAcc: 0.8375 | NegAcc: 0.7579
len(easy_positives): 13990 , len(easy_negatives): 15214
len(hard_positives): 789 , len(hard_negatives): 1377

CUM Mean pos prob: 0.729, Mean neg prob: 0.274
CUM Mean pos logit: 1.449, Mean neg logit: -3.143

Epoch 8, Batch 2500 | Acc: 0.7979 | PosAcc: 0.8377 | NegAcc: 0.7580
len(easy_positives): 14097 , len(easy_negatives): 15338
len(hard_positives): 794 , len(hard_negatives): 1381

CUM Mean pos prob: 0.730, Mean neg prob: 0.274
CUM Mean pos logit: 1.449, Mean neg logit: -3.144

Epoch 8, Batch 2520 | Acc: 0.7978 | PosAcc: 0.8375 | NegAcc: 0.7580
len(easy_positives): 14209 , len(easy_negatives): 15471
len(hard_positives): 800 , len(hard_negatives): 1398

CUM Mean pos prob: 0.730, Mean neg prob: 0.274
CUM Mean pos logit: 1.449, Mean neg logit: -3.149

Epoch 8, Batch 2540 | Acc: 0.7980 | PosAcc: 0.8378 | NegAcc: 0.7580
len(easy_positives): 14335 , len(easy_negatives): 15603
len(hard_positives): 804 , len(hard_negatives): 1413

CUM Mean pos prob: 0.730, Mean neg prob: 0.274
CUM Mean pos logit: 1.451, Mean neg logit: -3.156

Epoch 8, Batch 2560 | Acc: 0.7979 | PosAcc: 0.8373 | NegAcc: 0.7584
len(easy_positives): 14431 , len(easy_negatives): 15754
len(hard_positives): 810 , len(hard_negatives): 1427

CUM Mean pos prob: 0.730, Mean neg prob: 0.273
CUM Mean pos logit: 1.450, Mean neg logit: -3.162

Epoch 8, Batch 2580 | Acc: 0.7978 | PosAcc: 0.8372 | NegAcc: 0.7584
len(easy_positives): 14561 , len(easy_negatives): 15874
len(hard_positives): 817 , len(hard_negatives): 1439

CUM Mean pos prob: 0.730, Mean neg prob: 0.273
CUM Mean pos logit: 1.450, Mean neg logit: -3.163

Epoch 8, Batch 2600 | Acc: 0.7979 | PosAcc: 0.8370 | NegAcc: 0.7587
len(easy_positives): 14676 , len(easy_negatives): 16014
len(hard_positives): 820 , len(hard_negatives): 1450

CUM Mean pos prob: 0.730, Mean neg prob: 0.273
CUM Mean pos logit: 1.450, Mean neg logit: -3.166

Epoch 8, Batch 2620 | Acc: 0.7981 | PosAcc: 0.8373 | NegAcc: 0.7588
len(easy_positives): 14806 , len(easy_negatives): 16134
len(hard_positives): 829 , len(hard_negatives): 1465

CUM Mean pos prob: 0.730, Mean neg prob: 0.273
CUM Mean pos logit: 1.453, Mean neg logit: -3.171

Epoch 8, Batch 2640 | Acc: 0.7979 | PosAcc: 0.8373 | NegAcc: 0.7583
len(easy_positives): 14939 , len(easy_negatives): 16236
len(hard_positives): 833 , len(hard_negatives): 1486

CUM Mean pos prob: 0.730, Mean neg prob: 0.273
CUM Mean pos logit: 1.455, Mean neg logit: -3.165

Epoch 8, Batch 2660 | Acc: 0.7977 | PosAcc: 0.8370 | NegAcc: 0.7585
len(easy_positives): 15040 , len(easy_negatives): 16379
len(hard_positives): 843 , len(hard_negatives): 1492

CUM Mean pos prob: 0.730, Mean neg prob: 0.273
CUM Mean pos logit: 1.454, Mean neg logit: -3.164

Epoch 8, Batch 2680 | Acc: 0.7976 | PosAcc: 0.8370 | NegAcc: 0.7581
len(easy_positives): 15152 , len(easy_negatives): 16489
len(hard_positives): 847 , len(hard_negatives): 1506

CUM Mean pos prob: 0.730, Mean neg prob: 0.273
CUM Mean pos logit: 1.455, Mean neg logit: -3.161

Epoch 8, Batch 2700 | Acc: 0.7977 | PosAcc: 0.8373 | NegAcc: 0.7580
len(easy_positives): 15274 , len(easy_negatives): 16612
len(hard_positives): 852 , len(hard_negatives): 1517

CUM Mean pos prob: 0.730, Mean neg prob: 0.273
CUM Mean pos logit: 1.455, Mean neg logit: -3.162

Epoch 8, Batch 2720 | Acc: 0.7977 | PosAcc: 0.8373 | NegAcc: 0.7581
len(easy_positives): 15372 , len(easy_negatives): 16751
len(hard_positives): 855 , len(hard_negatives): 1526

CUM Mean pos prob: 0.730, Mean neg prob: 0.273
CUM Mean pos logit: 1.454, Mean neg logit: -3.165

Epoch 8, Batch 2740 | Acc: 0.7976 | PosAcc: 0.8374 | NegAcc: 0.7577
len(easy_positives): 15490 , len(easy_negatives): 16872
len(hard_positives): 862 , len(hard_negatives): 1548

CUM Mean pos prob: 0.730, Mean neg prob: 0.273
CUM Mean pos logit: 1.455, Mean neg logit: -3.167

Epoch 8, Batch 2760 | Acc: 0.7977 | PosAcc: 0.8375 | NegAcc: 0.7578
len(easy_positives): 15593 , len(easy_negatives): 16986
len(hard_positives): 870 , len(hard_negatives): 1556

CUM Mean pos prob: 0.730, Mean neg prob: 0.273
CUM Mean pos logit: 1.453, Mean neg logit: -3.168

Epoch 8, Batch 2780 | Acc: 0.7976 | PosAcc: 0.8375 | NegAcc: 0.7576
len(easy_positives): 15700 , len(easy_negatives): 17107
len(hard_positives): 877 , len(hard_negatives): 1566

CUM Mean pos prob: 0.730, Mean neg prob: 0.274
CUM Mean pos logit: 1.453, Mean neg logit: -3.169

Epoch 8, Batch 2800 | Acc: 0.7975 | PosAcc: 0.8375 | NegAcc: 0.7574
len(easy_positives): 15831 , len(easy_negatives): 17214
len(hard_positives): 879 , len(hard_negatives): 1581

CUM Mean pos prob: 0.730, Mean neg prob: 0.274
CUM Mean pos logit: 1.454, Mean neg logit: -3.169

Epoch 8, Batch 2820 | Acc: 0.7976 | PosAcc: 0.8376 | NegAcc: 0.7574
len(easy_positives): 15930 , len(easy_negatives): 17353
len(hard_positives): 884 , len(hard_negatives): 1591

CUM Mean pos prob: 0.730, Mean neg prob: 0.274
CUM Mean pos logit: 1.453, Mean neg logit: -3.171

Epoch 8, Batch 2840 | Acc: 0.7975 | PosAcc: 0.8375 | NegAcc: 0.7574
len(easy_positives): 16033 , len(easy_negatives): 17484
len(hard_positives): 888 , len(hard_negatives): 1600

CUM Mean pos prob: 0.730, Mean neg prob: 0.274
CUM Mean pos logit: 1.453, Mean neg logit: -3.180

Epoch 8, Batch 2860 | Acc: 0.7975 | PosAcc: 0.8376 | NegAcc: 0.7572
len(easy_positives): 16160 , len(easy_negatives): 17601
len(hard_positives): 894 , len(hard_negatives): 1615

CUM Mean pos prob: 0.730, Mean neg prob: 0.274
CUM Mean pos logit: 1.454, Mean neg logit: -3.185

Epoch 8, Batch 2880 | Acc: 0.7973 | PosAcc: 0.8375 | NegAcc: 0.7570
len(easy_positives): 16255 , len(easy_negatives): 17731
len(hard_positives): 901 , len(hard_negatives): 1628

CUM Mean pos prob: 0.730, Mean neg prob: 0.274
CUM Mean pos logit: 1.453, Mean neg logit: -3.185

Epoch 8, Batch 2900 | Acc: 0.7971 | PosAcc: 0.8373 | NegAcc: 0.7569
len(easy_positives): 16351 , len(easy_negatives): 17856
len(hard_positives): 906 , len(hard_negatives): 1638

CUM Mean pos prob: 0.730, Mean neg prob: 0.274
CUM Mean pos logit: 1.452, Mean neg logit: -3.185

Epoch 8, Batch 2920 | Acc: 0.7971 | PosAcc: 0.8371 | NegAcc: 0.7570
len(easy_positives): 16440 , len(easy_negatives): 17971
len(hard_positives): 917 , len(hard_negatives): 1646

CUM Mean pos prob: 0.730, Mean neg prob: 0.274
CUM Mean pos logit: 1.450, Mean neg logit: -3.182

Epoch 8, Batch 2940 | Acc: 0.7974 | PosAcc: 0.8375 | NegAcc: 0.7572
len(easy_positives): 16577 , len(easy_negatives): 18097
len(hard_positives): 921 , len(hard_negatives): 1655

CUM Mean pos prob: 0.730, Mean neg prob: 0.274
CUM Mean pos logit: 1.452, Mean neg logit: -3.183

Epoch 8, Batch 2960 | Acc: 0.7972 | PosAcc: 0.8371 | NegAcc: 0.7573
len(easy_positives): 16687 , len(easy_negatives): 18244
len(hard_positives): 933 , len(hard_negatives): 1667

CUM Mean pos prob: 0.730, Mean neg prob: 0.273
CUM Mean pos logit: 1.454, Mean neg logit: -3.189

Epoch 8, Batch 2980 | Acc: 0.7973 | PosAcc: 0.8372 | NegAcc: 0.7573
len(easy_positives): 16793 , len(easy_negatives): 18365
len(hard_positives): 937 , len(hard_negatives): 1675

CUM Mean pos prob: 0.730, Mean neg prob: 0.273
CUM Mean pos logit: 1.453, Mean neg logit: -3.193

Epoch 8, Batch 3000 | Acc: 0.7972 | PosAcc: 0.8372 | NegAcc: 0.7570
len(easy_positives): 16903 , len(easy_negatives): 18470
len(hard_positives): 940 , len(hard_negatives): 1684

CUM Mean pos prob: 0.730, Mean neg prob: 0.274
CUM Mean pos logit: 1.453, Mean neg logit: -3.186

Epoch 8, Batch 3020 | Acc: 0.7970 | PosAcc: 0.8369 | NegAcc: 0.7570
len(easy_positives): 16989 , len(easy_negatives): 18578
len(hard_positives): 945 , len(hard_negatives): 1699

CUM Mean pos prob: 0.729, Mean neg prob: 0.274
CUM Mean pos logit: 1.450, Mean neg logit: -3.181

Epoch 8, Batch 3040 | Acc: 0.7972 | PosAcc: 0.8371 | NegAcc: 0.7572
len(easy_positives): 17109 , len(easy_negatives): 18709
len(hard_positives): 952 , len(hard_negatives): 1709

CUM Mean pos prob: 0.730, Mean neg prob: 0.274
CUM Mean pos logit: 1.452, Mean neg logit: -3.185

Epoch 8, Batch 3060 | Acc: 0.7973 | PosAcc: 0.8372 | NegAcc: 0.7573
len(easy_positives): 17232 , len(easy_negatives): 18813
len(hard_positives): 957 , len(hard_negatives): 1720

CUM Mean pos prob: 0.730, Mean neg prob: 0.274
CUM Mean pos logit: 1.452, Mean neg logit: -3.182

Epoch 8, Batch 3080 | Acc: 0.7972 | PosAcc: 0.8372 | NegAcc: 0.7571
len(easy_positives): 17336 , len(easy_negatives): 18938
len(hard_positives): 965 , len(hard_negatives): 1733

CUM Mean pos prob: 0.730, Mean neg prob: 0.274
CUM Mean pos logit: 1.451, Mean neg logit: -3.181

Epoch 8, Batch 3100 | Acc: 0.7971 | PosAcc: 0.8371 | NegAcc: 0.7571
len(easy_positives): 17449 , len(easy_negatives): 19065
len(hard_positives): 969 , len(hard_negatives): 1747

CUM Mean pos prob: 0.730, Mean neg prob: 0.274
CUM Mean pos logit: 1.452, Mean neg logit: -3.181

Epoch 8, Batch 3120 | Acc: 0.7973 | PosAcc: 0.8373 | NegAcc: 0.7571
len(easy_positives): 17556 , len(easy_negatives): 19193
len(hard_positives): 976 , len(hard_negatives): 1759

CUM Mean pos prob: 0.729, Mean neg prob: 0.274
CUM Mean pos logit: 1.451, Mean neg logit: -3.182

Epoch 8, Batch 3140 | Acc: 0.7971 | PosAcc: 0.8374 | NegAcc: 0.7566
len(easy_positives): 17668 , len(easy_negatives): 19305
len(hard_positives): 983 , len(hard_negatives): 1773

CUM Mean pos prob: 0.729, Mean neg prob: 0.274
CUM Mean pos logit: 1.451, Mean neg logit: -3.178

Epoch 8, Batch 3160 | Acc: 0.7973 | PosAcc: 0.8376 | NegAcc: 0.7569
len(easy_positives): 17765 , len(easy_negatives): 19448
len(hard_positives): 987 , len(hard_negatives): 1780

CUM Mean pos prob: 0.729, Mean neg prob: 0.274
CUM Mean pos logit: 1.450, Mean neg logit: -3.182

Epoch 8, Batch 3180 | Acc: 0.7973 | PosAcc: 0.8376 | NegAcc: 0.7570
len(easy_positives): 17883 , len(easy_negatives): 19602
len(hard_positives): 992 , len(hard_negatives): 1794

CUM Mean pos prob: 0.729, Mean neg prob: 0.274
CUM Mean pos logit: 1.451, Mean neg logit: -3.193

Epoch 8, Batch 3200 | Acc: 0.7973 | PosAcc: 0.8374 | NegAcc: 0.7571
len(easy_positives): 17982 , len(easy_negatives): 19728
len(hard_positives): 998 , len(hard_negatives): 1798

CUM Mean pos prob: 0.729, Mean neg prob: 0.273
CUM Mean pos logit: 1.451, Mean neg logit: -3.196

Epoch 8, Batch 3220 | Acc: 0.7973 | PosAcc: 0.8376 | NegAcc: 0.7570
len(easy_positives): 18104 , len(easy_negatives): 19850
len(hard_positives): 1006 , len(hard_negatives): 1815

CUM Mean pos prob: 0.730, Mean neg prob: 0.273
CUM Mean pos logit: 1.453, Mean neg logit: -3.206

Epoch 8, Batch 3240 | Acc: 0.7973 | PosAcc: 0.8375 | NegAcc: 0.7571
len(easy_positives): 18192 , len(easy_negatives): 19986
len(hard_positives): 1014 , len(hard_negatives): 1821

CUM Mean pos prob: 0.729, Mean neg prob: 0.273
CUM Mean pos logit: 1.453, Mean neg logit: -3.205

Epoch 8, Batch 3260 | Acc: 0.7973 | PosAcc: 0.8375 | NegAcc: 0.7572
len(easy_positives): 18287 , len(easy_negatives): 20114
len(hard_positives): 1021 , len(hard_negatives): 1829

CUM Mean pos prob: 0.729, Mean neg prob: 0.273
CUM Mean pos logit: 1.451, Mean neg logit: -3.203

Epoch 8, Batch 3280 | Acc: 0.7975 | PosAcc: 0.8376 | NegAcc: 0.7573
len(easy_positives): 18422 , len(easy_negatives): 20227
len(hard_positives): 1028 , len(hard_negatives): 1841

CUM Mean pos prob: 0.729, Mean neg prob: 0.273
CUM Mean pos logit: 1.454, Mean neg logit: -3.202

Epoch 8, Batch 3300 | Acc: 0.7974 | PosAcc: 0.8376 | NegAcc: 0.7572
len(easy_positives): 18545 , len(easy_negatives): 20357
len(hard_positives): 1037 , len(hard_negatives): 1861

CUM Mean pos prob: 0.730, Mean neg prob: 0.273
CUM Mean pos logit: 1.456, Mean neg logit: -3.206

Epoch 8, Batch 3320 | Acc: 0.7976 | PosAcc: 0.8378 | NegAcc: 0.7575
len(easy_positives): 18643 , len(easy_negatives): 20489
len(hard_positives): 1041 , len(hard_negatives): 1868

CUM Mean pos prob: 0.730, Mean neg prob: 0.273
CUM Mean pos logit: 1.456, Mean neg logit: -3.205

Epoch 8, Batch 3340 | Acc: 0.7977 | PosAcc: 0.8380 | NegAcc: 0.7574
len(easy_positives): 18799 , len(easy_negatives): 20603
len(hard_positives): 1046 , len(hard_negatives): 1881

CUM Mean pos prob: 0.730, Mean neg prob: 0.273
CUM Mean pos logit: 1.459, Mean neg logit: -3.204

Epoch 8, Batch 3360 | Acc: 0.7975 | PosAcc: 0.8378 | NegAcc: 0.7571
len(easy_positives): 18897 , len(easy_negatives): 20734
len(hard_positives): 1051 , len(hard_negatives): 1892

CUM Mean pos prob: 0.730, Mean neg prob: 0.273
CUM Mean pos logit: 1.459, Mean neg logit: -3.202

Epoch 8, Batch 3380 | Acc: 0.7975 | PosAcc: 0.8378 | NegAcc: 0.7571
len(easy_positives): 18986 , len(easy_negatives): 20856
len(hard_positives): 1061 , len(hard_negatives): 1902

CUM Mean pos prob: 0.730, Mean neg prob: 0.273
CUM Mean pos logit: 1.457, Mean neg logit: -3.198

Epoch 8, Batch 3400 | Acc: 0.7974 | PosAcc: 0.8374 | NegAcc: 0.7573
len(easy_positives): 19082 , len(easy_negatives): 20992
len(hard_positives): 1067 , len(hard_negatives): 1914

CUM Mean pos prob: 0.729, Mean neg prob: 0.273
CUM Mean pos logit: 1.456, Mean neg logit: -3.198

Epoch 8, Batch 3420 | Acc: 0.7975 | PosAcc: 0.8377 | NegAcc: 0.7573
len(easy_positives): 19212 , len(easy_negatives): 21122
len(hard_positives): 1072 , len(hard_negatives): 1923

CUM Mean pos prob: 0.730, Mean neg prob: 0.273
CUM Mean pos logit: 1.458, Mean neg logit: -3.201

Epoch 8, Batch 3440 | Acc: 0.7976 | PosAcc: 0.8377 | NegAcc: 0.7575
len(easy_positives): 19319 , len(easy_negatives): 21269
len(hard_positives): 1080 , len(hard_negatives): 1938

CUM Mean pos prob: 0.730, Mean neg prob: 0.273
CUM Mean pos logit: 1.458, Mean neg logit: -3.205

Epoch 8, Batch 3460 | Acc: 0.7976 | PosAcc: 0.8378 | NegAcc: 0.7575
len(easy_positives): 19431 , len(easy_negatives): 21388
len(hard_positives): 1083 , len(hard_negatives): 1948

CUM Mean pos prob: 0.730, Mean neg prob: 0.273
CUM Mean pos logit: 1.458, Mean neg logit: -3.205

Epoch 8, Batch 3480 | Acc: 0.7977 | PosAcc: 0.8378 | NegAcc: 0.7575
len(easy_positives): 19558 , len(easy_negatives): 21500
len(hard_positives): 1091 , len(hard_negatives): 1956

CUM Mean pos prob: 0.730, Mean neg prob: 0.273
CUM Mean pos logit: 1.458, Mean neg logit: -3.209

Epoch 8, Batch 3500 | Acc: 0.7976 | PosAcc: 0.8379 | NegAcc: 0.7572
len(easy_positives): 19684 , len(easy_negatives): 21615
len(hard_positives): 1094 , len(hard_negatives): 1969

CUM Mean pos prob: 0.730, Mean neg prob: 0.273
CUM Mean pos logit: 1.460, Mean neg logit: -3.210

Epoch 8, Batch 3520 | Acc: 0.7976 | PosAcc: 0.8379 | NegAcc: 0.7572
len(easy_positives): 19800 , len(easy_negatives): 21733
len(hard_positives): 1098 , len(hard_negatives): 1978

CUM Mean pos prob: 0.730, Mean neg prob: 0.273
CUM Mean pos logit: 1.460, Mean neg logit: -3.212

Epoch 8, Batch 3540 | Acc: 0.7975 | PosAcc: 0.8375 | NegAcc: 0.7575
len(easy_positives): 19907 , len(easy_negatives): 21869
len(hard_positives): 1113 , len(hard_negatives): 1989

CUM Mean pos prob: 0.730, Mean neg prob: 0.273
CUM Mean pos logit: 1.460, Mean neg logit: -3.214

Epoch 8, Batch 3560 | Acc: 0.7975 | PosAcc: 0.8377 | NegAcc: 0.7573
len(easy_positives): 20038 , len(easy_negatives): 21984
len(hard_positives): 1118 , len(hard_negatives): 1999

CUM Mean pos prob: 0.730, Mean neg prob: 0.273
CUM Mean pos logit: 1.461, Mean neg logit: -3.212

Epoch 8, Batch 3580 | Acc: 0.7974 | PosAcc: 0.8376 | NegAcc: 0.7572
len(easy_positives): 20141 , len(easy_negatives): 22102
len(hard_positives): 1122 , len(hard_negatives): 2008

CUM Mean pos prob: 0.730, Mean neg prob: 0.273
CUM Mean pos logit: 1.461, Mean neg logit: -3.209

Epoch 8, Batch 3600 | Acc: 0.7974 | PosAcc: 0.8376 | NegAcc: 0.7571
len(easy_positives): 20241 , len(easy_negatives): 22217
len(hard_positives): 1127 , len(hard_negatives): 2018

CUM Mean pos prob: 0.730, Mean neg prob: 0.273
CUM Mean pos logit: 1.460, Mean neg logit: -3.211

Epoch 8, Batch 3620 | Acc: 0.7975 | PosAcc: 0.8376 | NegAcc: 0.7573
len(easy_positives): 20369 , len(easy_negatives): 22349
len(hard_positives): 1137 , len(hard_negatives): 2028

CUM Mean pos prob: 0.730, Mean neg prob: 0.273
CUM Mean pos logit: 1.461, Mean neg logit: -3.213

Epoch 8, Batch 3640 | Acc: 0.7976 | PosAcc: 0.8379 | NegAcc: 0.7572
len(easy_positives): 20492 , len(easy_negatives): 22478
len(hard_positives): 1142 , len(hard_negatives): 2043

CUM Mean pos prob: 0.730, Mean neg prob: 0.273
CUM Mean pos logit: 1.463, Mean neg logit: -3.210

Epoch 8, Batch 3660 | Acc: 0.7975 | PosAcc: 0.8377 | NegAcc: 0.7572
len(easy_positives): 20587 , len(easy_negatives): 22600
len(hard_positives): 1152 , len(hard_negatives): 2056

CUM Mean pos prob: 0.730, Mean neg prob: 0.273
CUM Mean pos logit: 1.461, Mean neg logit: -3.211

Epoch 8, Batch 3680 | Acc: 0.7974 | PosAcc: 0.8375 | NegAcc: 0.7572
len(easy_positives): 20690 , len(easy_negatives): 22718
len(hard_positives): 1157 , len(hard_negatives): 2062

CUM Mean pos prob: 0.730, Mean neg prob: 0.273
CUM Mean pos logit: 1.461, Mean neg logit: -3.210

Epoch 8, Batch 3700 | Acc: 0.7972 | PosAcc: 0.8374 | NegAcc: 0.7569
len(easy_positives): 20802 , len(easy_negatives): 22842
len(hard_positives): 1163 , len(hard_negatives): 2075

CUM Mean pos prob: 0.730, Mean neg prob: 0.273
CUM Mean pos logit: 1.460, Mean neg logit: -3.208

Epoch 8, Batch 3720 | Acc: 0.7972 | PosAcc: 0.8372 | NegAcc: 0.7571
len(easy_positives): 20900 , len(easy_negatives): 22982
len(hard_positives): 1170 , len(hard_negatives): 2086

CUM Mean pos prob: 0.730, Mean neg prob: 0.273
CUM Mean pos logit: 1.460, Mean neg logit: -3.211

Epoch 8, Batch 3740 | Acc: 0.7973 | PosAcc: 0.8374 | NegAcc: 0.7571
len(easy_positives): 21052 , len(easy_negatives): 23092
len(hard_positives): 1176 , len(hard_negatives): 2095

CUM Mean pos prob: 0.730, Mean neg prob: 0.273
CUM Mean pos logit: 1.461, Mean neg logit: -3.214

Epoch 8, Batch 3760 | Acc: 0.7973 | PosAcc: 0.8375 | NegAcc: 0.7571
len(easy_positives): 21150 , len(easy_negatives): 23229
len(hard_positives): 1183 , len(hard_negatives): 2107

CUM Mean pos prob: 0.730, Mean neg prob: 0.273
CUM Mean pos logit: 1.460, Mean neg logit: -3.214

Epoch 8, Batch 3780 | Acc: 0.7972 | PosAcc: 0.8372 | NegAcc: 0.7572
len(easy_positives): 21275 , len(easy_negatives): 23361
len(hard_positives): 1194 , len(hard_negatives): 2114

CUM Mean pos prob: 0.730, Mean neg prob: 0.273
CUM Mean pos logit: 1.460, Mean neg logit: -3.217

Epoch 8, Batch 3800 | Acc: 0.7971 | PosAcc: 0.8375 | NegAcc: 0.7568
len(easy_positives): 21415 , len(easy_negatives): 23465
len(hard_positives): 1198 , len(hard_negatives): 2133

CUM Mean pos prob: 0.730, Mean neg prob: 0.273
CUM Mean pos logit: 1.461, Mean neg logit: -3.214

Epoch 8, Batch 3820 | Acc: 0.7971 | PosAcc: 0.8375 | NegAcc: 0.7566
len(easy_positives): 21515 , len(easy_negatives): 23588
len(hard_positives): 1202 , len(hard_negatives): 2148

CUM Mean pos prob: 0.730, Mean neg prob: 0.273
CUM Mean pos logit: 1.459, Mean neg logit: -3.215

Epoch 8, Batch 3840 | Acc: 0.7970 | PosAcc: 0.8375 | NegAcc: 0.7565
len(easy_positives): 21615 , len(easy_negatives): 23709
len(hard_positives): 1206 , len(hard_negatives): 2157

CUM Mean pos prob: 0.730, Mean neg prob: 0.273
CUM Mean pos logit: 1.458, Mean neg logit: -3.211

Epoch 8, Batch 3860 | Acc: 0.7970 | PosAcc: 0.8373 | NegAcc: 0.7566
len(easy_positives): 21732 , len(easy_negatives): 23828
len(hard_positives): 1216 , len(hard_negatives): 2169

CUM Mean pos prob: 0.730, Mean neg prob: 0.273
CUM Mean pos logit: 1.458, Mean neg logit: -3.209

Epoch 8, Batch 3880 | Acc: 0.7971 | PosAcc: 0.8375 | NegAcc: 0.7566
len(easy_positives): 21867 , len(easy_negatives): 23945
len(hard_positives): 1220 , len(hard_negatives): 2185

CUM Mean pos prob: 0.730, Mean neg prob: 0.273
CUM Mean pos logit: 1.459, Mean neg logit: -3.207

Epoch 8, Batch 3900 | Acc: 0.7971 | PosAcc: 0.8375 | NegAcc: 0.7567
len(easy_positives): 21962 , len(easy_negatives): 24088
len(hard_positives): 1225 , len(hard_negatives): 2194

CUM Mean pos prob: 0.730, Mean neg prob: 0.273
CUM Mean pos logit: 1.458, Mean neg logit: -3.211

Epoch 8, Batch 3920 | Acc: 0.7973 | PosAcc: 0.8377 | NegAcc: 0.7568
len(easy_positives): 22098 , len(easy_negatives): 24221
len(hard_positives): 1229 , len(hard_negatives): 2207

CUM Mean pos prob: 0.730, Mean neg prob: 0.273
CUM Mean pos logit: 1.460, Mean neg logit: -3.218

Epoch 8, Batch 3940 | Acc: 0.7974 | PosAcc: 0.8380 | NegAcc: 0.7567
len(easy_positives): 22230 , len(easy_negatives): 24341
len(hard_positives): 1234 , len(hard_negatives): 2217

CUM Mean pos prob: 0.730, Mean neg prob: 0.273
CUM Mean pos logit: 1.461, Mean neg logit: -3.221

Epoch 8, Batch 3960 | Acc: 0.7974 | PosAcc: 0.8380 | NegAcc: 0.7567
len(easy_positives): 22352 , len(easy_negatives): 24483
len(hard_positives): 1247 , len(hard_negatives): 2228

CUM Mean pos prob: 0.730, Mean neg prob: 0.273
CUM Mean pos logit: 1.461, Mean neg logit: -3.224

Epoch 8, Batch 3980 | Acc: 0.7973 | PosAcc: 0.8381 | NegAcc: 0.7564
len(easy_positives): 22459 , len(easy_negatives): 24609
len(hard_positives): 1251 , len(hard_negatives): 2242

CUM Mean pos prob: 0.730, Mean neg prob: 0.273
CUM Mean pos logit: 1.460, Mean neg logit: -3.223

Epoch 8, Batch 4000 | Acc: 0.7972 | PosAcc: 0.8381 | NegAcc: 0.7563
len(easy_positives): 22559 , len(easy_negatives): 24724
len(hard_positives): 1258 , len(hard_negatives): 2248

CUM Mean pos prob: 0.730, Mean neg prob: 0.273
CUM Mean pos logit: 1.459, Mean neg logit: -3.221

Epoch 8, Batch 4020 | Acc: 0.7974 | PosAcc: 0.8384 | NegAcc: 0.7564
len(easy_positives): 22714 , len(easy_negatives): 24852
len(hard_positives): 1262 , len(hard_negatives): 2264

CUM Mean pos prob: 0.730, Mean neg prob: 0.273
CUM Mean pos logit: 1.462, Mean neg logit: -3.224

Epoch 8, Batch 4040 | Acc: 0.7974 | PosAcc: 0.8382 | NegAcc: 0.7565
len(easy_positives): 22817 , len(easy_negatives): 24972
len(hard_positives): 1270 , len(hard_negatives): 2274

CUM Mean pos prob: 0.730, Mean neg prob: 0.273
CUM Mean pos logit: 1.461, Mean neg logit: -3.225

Epoch 8, Batch 4060 | Acc: 0.7974 | PosAcc: 0.8382 | NegAcc: 0.7564
len(easy_positives): 22926 , len(easy_negatives): 25084
len(hard_positives): 1275 , len(hard_negatives): 2280

CUM Mean pos prob: 0.730, Mean neg prob: 0.273
CUM Mean pos logit: 1.461, Mean neg logit: -3.222

Epoch 8, Batch 4080 | Acc: 0.7975 | PosAcc: 0.8384 | NegAcc: 0.7564
len(easy_positives): 23048 , len(easy_negatives): 25218
len(hard_positives): 1281 , len(hard_negatives): 2292

CUM Mean pos prob: 0.730, Mean neg prob: 0.273
CUM Mean pos logit: 1.461, Mean neg logit: -3.223

Epoch 8, Batch 4100 | Acc: 0.7974 | PosAcc: 0.8383 | NegAcc: 0.7564
len(easy_positives): 23154 , len(easy_negatives): 25334
len(hard_positives): 1287 , len(hard_negatives): 2306

CUM Mean pos prob: 0.730, Mean neg prob: 0.273
CUM Mean pos logit: 1.461, Mean neg logit: -3.221

Epoch 8, Batch 4120 | Acc: 0.7976 | PosAcc: 0.8384 | NegAcc: 0.7567
len(easy_positives): 23245 , len(easy_negatives): 25469
len(hard_positives): 1292 , len(hard_negatives): 2314

CUM Mean pos prob: 0.730, Mean neg prob: 0.273
CUM Mean pos logit: 1.460, Mean neg logit: -3.222

Epoch 8, Batch 4140 | Acc: 0.7976 | PosAcc: 0.8383 | NegAcc: 0.7568
len(easy_positives): 23354 , len(easy_negatives): 25596
len(hard_positives): 1301 , len(hard_negatives): 2328

CUM Mean pos prob: 0.730, Mean neg prob: 0.273
CUM Mean pos logit: 1.460, Mean neg logit: -3.223

Epoch 8, Batch 4160 | Acc: 0.7978 | PosAcc: 0.8387 | NegAcc: 0.7567
len(easy_positives): 23502 , len(easy_negatives): 25704
len(hard_positives): 1307 , len(hard_negatives): 2349

CUM Mean pos prob: 0.730, Mean neg prob: 0.273
CUM Mean pos logit: 1.462, Mean neg logit: -3.221

Epoch 8, Batch 4180 | Acc: 0.7978 | PosAcc: 0.8387 | NegAcc: 0.7567
len(easy_positives): 23617 , len(easy_negatives): 25827
len(hard_positives): 1314 , len(hard_negatives): 2362

CUM Mean pos prob: 0.730, Mean neg prob: 0.273
CUM Mean pos logit: 1.461, Mean neg logit: -3.222

Epoch 8, Batch 4200 | Acc: 0.7977 | PosAcc: 0.8387 | NegAcc: 0.7567
len(easy_positives): 23725 , len(easy_negatives): 25959
len(hard_positives): 1318 , len(hard_negatives): 2372

CUM Mean pos prob: 0.730, Mean neg prob: 0.273
CUM Mean pos logit: 1.460, Mean neg logit: -3.222

Epoch 8, Batch 4220 | Acc: 0.7978 | PosAcc: 0.8389 | NegAcc: 0.7566
len(easy_positives): 23877 , len(easy_negatives): 26070
len(hard_positives): 1324 , len(hard_negatives): 2388

CUM Mean pos prob: 0.731, Mean neg prob: 0.273
CUM Mean pos logit: 1.463, Mean neg logit: -3.221

Epoch 8, Batch 4240 | Acc: 0.7978 | PosAcc: 0.8388 | NegAcc: 0.7566
len(easy_positives): 23967 , len(easy_negatives): 26197
len(hard_positives): 1334 , len(hard_negatives): 2399

CUM Mean pos prob: 0.731, Mean neg prob: 0.273
CUM Mean pos logit: 1.462, Mean neg logit: -3.220

Epoch 8, Batch 4260 | Acc: 0.7978 | PosAcc: 0.8388 | NegAcc: 0.7566
len(easy_positives): 24092 , len(easy_negatives): 26324
len(hard_positives): 1340 , len(hard_negatives): 2408

CUM Mean pos prob: 0.731, Mean neg prob: 0.273
CUM Mean pos logit: 1.463, Mean neg logit: -3.224

Epoch 8, Batch 4280 | Acc: 0.7980 | PosAcc: 0.8390 | NegAcc: 0.7569
len(easy_positives): 24230 , len(easy_negatives): 26466
len(hard_positives): 1343 , len(hard_negatives): 2418

CUM Mean pos prob: 0.731, Mean neg prob: 0.273
CUM Mean pos logit: 1.464, Mean neg logit: -3.229

Epoch 8, Batch 4300 | Acc: 0.7979 | PosAcc: 0.8390 | NegAcc: 0.7567
len(easy_positives): 24367 , len(easy_negatives): 26577
len(hard_positives): 1347 , len(hard_negatives): 2432

CUM Mean pos prob: 0.731, Mean neg prob: 0.273
CUM Mean pos logit: 1.465, Mean neg logit: -3.228

Epoch 8, Batch 4320 | Acc: 0.7979 | PosAcc: 0.8391 | NegAcc: 0.7566
len(easy_positives): 24486 , len(easy_negatives): 26688
len(hard_positives): 1356 , len(hard_negatives): 2441

CUM Mean pos prob: 0.731, Mean neg prob: 0.273
CUM Mean pos logit: 1.465, Mean neg logit: -3.226

Epoch 8, Batch 4340 | Acc: 0.7978 | PosAcc: 0.8391 | NegAcc: 0.7564
len(easy_positives): 24585 , len(easy_negatives): 26815
len(hard_positives): 1362 , len(hard_negatives): 2453

CUM Mean pos prob: 0.731, Mean neg prob: 0.273
CUM Mean pos logit: 1.465, Mean neg logit: -3.224

Epoch 8, Batch 4360 | Acc: 0.7976 | PosAcc: 0.8388 | NegAcc: 0.7564
len(easy_positives): 24678 , len(easy_negatives): 26930
len(hard_positives): 1368 , len(hard_negatives): 2466

CUM Mean pos prob: 0.731, Mean neg prob: 0.273
CUM Mean pos logit: 1.464, Mean neg logit: -3.221

Epoch 8, Batch 4380 | Acc: 0.7977 | PosAcc: 0.8387 | NegAcc: 0.7565
len(easy_positives): 24783 , len(easy_negatives): 27056
len(hard_positives): 1376 , len(hard_negatives): 2476

CUM Mean pos prob: 0.731, Mean neg prob: 0.273
CUM Mean pos logit: 1.463, Mean neg logit: -3.222

Epoch 8, Batch 4400 | Acc: 0.7977 | PosAcc: 0.8389 | NegAcc: 0.7564
len(easy_positives): 24907 , len(easy_negatives): 27171
len(hard_positives): 1379 , len(hard_negatives): 2494

CUM Mean pos prob: 0.731, Mean neg prob: 0.273
CUM Mean pos logit: 1.464, Mean neg logit: -3.224

Epoch 8, Batch 4420 | Acc: 0.7978 | PosAcc: 0.8390 | NegAcc: 0.7565
len(easy_positives): 25011 , len(easy_negatives): 27309
len(hard_positives): 1383 , len(hard_negatives): 2504

CUM Mean pos prob: 0.731, Mean neg prob: 0.273
CUM Mean pos logit: 1.464, Mean neg logit: -3.225

Epoch 8, Batch 4440 | Acc: 0.7977 | PosAcc: 0.8388 | NegAcc: 0.7564
len(easy_positives): 25117 , len(easy_negatives): 27435
len(hard_positives): 1391 , len(hard_negatives): 2514

CUM Mean pos prob: 0.731, Mean neg prob: 0.273
CUM Mean pos logit: 1.463, Mean neg logit: -3.225

Epoch 8, Batch 4460 | Acc: 0.7976 | PosAcc: 0.8387 | NegAcc: 0.7564
len(easy_positives): 25231 , len(easy_negatives): 27543
len(hard_positives): 1396 , len(hard_negatives): 2523

CUM Mean pos prob: 0.731, Mean neg prob: 0.273
CUM Mean pos logit: 1.462, Mean neg logit: -3.222

Epoch 8, Batch 4480 | Acc: 0.7976 | PosAcc: 0.8387 | NegAcc: 0.7564
len(easy_positives): 25344 , len(easy_negatives): 27675
len(hard_positives): 1400 , len(hard_negatives): 2532

CUM Mean pos prob: 0.731, Mean neg prob: 0.273
CUM Mean pos logit: 1.462, Mean neg logit: -3.221

Epoch 8, Batch 4500 | Acc: 0.7977 | PosAcc: 0.8388 | NegAcc: 0.7565
len(easy_positives): 25469 , len(easy_negatives): 27819
len(hard_positives): 1406 , len(hard_negatives): 2544

CUM Mean pos prob: 0.731, Mean neg prob: 0.273
CUM Mean pos logit: 1.464, Mean neg logit: -3.223

Epoch 8, Batch 4520 | Acc: 0.7978 | PosAcc: 0.8388 | NegAcc: 0.7566
len(easy_positives): 25593 , len(easy_negatives): 27939
len(hard_positives): 1411 , len(hard_negatives): 2553

CUM Mean pos prob: 0.731, Mean neg prob: 0.273
CUM Mean pos logit: 1.464, Mean neg logit: -3.223

Epoch 8, Batch 4540 | Acc: 0.7978 | PosAcc: 0.8390 | NegAcc: 0.7564
len(easy_positives): 25728 , len(easy_negatives): 28051
len(hard_positives): 1417 , len(hard_negatives): 2570

CUM Mean pos prob: 0.731, Mean neg prob: 0.273
CUM Mean pos logit: 1.464, Mean neg logit: -3.222

Epoch 8, Batch 4560 | Acc: 0.7978 | PosAcc: 0.8389 | NegAcc: 0.7566
len(easy_positives): 25821 , len(easy_negatives): 28188
len(hard_positives): 1423 , len(hard_negatives): 2581

CUM Mean pos prob: 0.731, Mean neg prob: 0.273
CUM Mean pos logit: 1.463, Mean neg logit: -3.226

Epoch 8, Batch 4580 | Acc: 0.7979 | PosAcc: 0.8390 | NegAcc: 0.7567
len(easy_positives): 25933 , len(easy_negatives): 28326
len(hard_positives): 1433 , len(hard_negatives): 2590

CUM Mean pos prob: 0.731, Mean neg prob: 0.273
CUM Mean pos logit: 1.463, Mean neg logit: -3.230

Epoch 8, Batch 4600 | Acc: 0.7981 | PosAcc: 0.8392 | NegAcc: 0.7569
len(easy_positives): 26074 , len(easy_negatives): 28470
len(hard_positives): 1441 , len(hard_negatives): 2604

CUM Mean pos prob: 0.731, Mean neg prob: 0.272
CUM Mean pos logit: 1.465, Mean neg logit: -3.238

Epoch 8, Batch 4620 | Acc: 0.7983 | PosAcc: 0.8395 | NegAcc: 0.7569
len(easy_positives): 26218 , len(easy_negatives): 28613
len(hard_positives): 1444 , len(hard_negatives): 2624

CUM Mean pos prob: 0.731, Mean neg prob: 0.272
CUM Mean pos logit: 1.468, Mean neg logit: -3.241

Epoch 8, Batch 4640 | Acc: 0.7983 | PosAcc: 0.8393 | NegAcc: 0.7571
len(easy_positives): 26313 , len(easy_negatives): 28743
len(hard_positives): 1455 , len(hard_negatives): 2633

CUM Mean pos prob: 0.731, Mean neg prob: 0.272
CUM Mean pos logit: 1.467, Mean neg logit: -3.242

Epoch 8, Batch 4660 | Acc: 0.7982 | PosAcc: 0.8390 | NegAcc: 0.7573
len(easy_positives): 26399 , len(easy_negatives): 28894
len(hard_positives): 1471 , len(hard_negatives): 2638

CUM Mean pos prob: 0.731, Mean neg prob: 0.272
CUM Mean pos logit: 1.465, Mean neg logit: -3.246

Epoch 8, Batch 4680 | Acc: 0.7979 | PosAcc: 0.8390 | NegAcc: 0.7568
len(easy_positives): 26507 , len(easy_negatives): 28995
len(hard_positives): 1475 , len(hard_negatives): 2652

CUM Mean pos prob: 0.731, Mean neg prob: 0.272
CUM Mean pos logit: 1.465, Mean neg logit: -3.242

Epoch 8, Batch 4700 | Acc: 0.7980 | PosAcc: 0.8389 | NegAcc: 0.7570
len(easy_positives): 26587 , len(easy_negatives): 29130
len(hard_positives): 1481 , len(hard_negatives): 2661

CUM Mean pos prob: 0.731, Mean neg prob: 0.272
CUM Mean pos logit: 1.463, Mean neg logit: -3.243

Epoch 8, Batch 4720 | Acc: 0.7979 | PosAcc: 0.8389 | NegAcc: 0.7568
len(easy_positives): 26679 , len(easy_negatives): 29243
len(hard_positives): 1486 , len(hard_negatives): 2676

CUM Mean pos prob: 0.731, Mean neg prob: 0.272
CUM Mean pos logit: 1.462, Mean neg logit: -3.240

Epoch 8, Batch 4740 | Acc: 0.7981 | PosAcc: 0.8388 | NegAcc: 0.7573
len(easy_positives): 26758 , len(easy_negatives): 29411
len(hard_positives): 1496 , len(hard_negatives): 2686

CUM Mean pos prob: 0.731, Mean neg prob: 0.272
CUM Mean pos logit: 1.461, Mean neg logit: -3.245

Epoch 8, Batch 4760 | Acc: 0.7981 | PosAcc: 0.8392 | NegAcc: 0.7570
len(easy_positives): 26905 , len(easy_negatives): 29523
len(hard_positives): 1497 , len(hard_negatives): 2696

CUM Mean pos prob: 0.731, Mean neg prob: 0.272
CUM Mean pos logit: 1.463, Mean neg logit: -3.244

Epoch 8, Batch 4780 | Acc: 0.7980 | PosAcc: 0.8390 | NegAcc: 0.7570
len(easy_positives): 26991 , len(easy_negatives): 29668
len(hard_positives): 1506 , len(hard_negatives): 2708

CUM Mean pos prob: 0.731, Mean neg prob: 0.272
CUM Mean pos logit: 1.462, Mean neg logit: -3.247

Epoch 8, Batch 4800 | Acc: 0.7981 | PosAcc: 0.8390 | NegAcc: 0.7571
len(easy_positives): 27118 , len(easy_negatives): 29788
len(hard_positives): 1516 , len(hard_negatives): 2720

CUM Mean pos prob: 0.731, Mean neg prob: 0.272
CUM Mean pos logit: 1.462, Mean neg logit: -3.250

Epoch 8, Batch 4820 | Acc: 0.7980 | PosAcc: 0.8391 | NegAcc: 0.7569
len(easy_positives): 27228 , len(easy_negatives): 29903
len(hard_positives): 1522 , len(hard_negatives): 2730

CUM Mean pos prob: 0.731, Mean neg prob: 0.272
CUM Mean pos logit: 1.461, Mean neg logit: -3.248

Epoch 8, Batch 4840 | Acc: 0.7979 | PosAcc: 0.8388 | NegAcc: 0.7571
len(easy_positives): 27328 , len(easy_negatives): 30036
len(hard_positives): 1529 , len(hard_negatives): 2737

CUM Mean pos prob: 0.731, Mean neg prob: 0.272
CUM Mean pos logit: 1.461, Mean neg logit: -3.247

Epoch 8, Batch 4860 | Acc: 0.7980 | PosAcc: 0.8387 | NegAcc: 0.7573
len(easy_positives): 27437 , len(easy_negatives): 30187
len(hard_positives): 1534 , len(hard_negatives): 2750

CUM Mean pos prob: 0.731, Mean neg prob: 0.272
CUM Mean pos logit: 1.461, Mean neg logit: -3.246

Epoch 8, Batch 4880 | Acc: 0.7980 | PosAcc: 0.8386 | NegAcc: 0.7575
len(easy_positives): 27543 , len(easy_negatives): 30321
len(hard_positives): 1541 , len(hard_negatives): 2760

CUM Mean pos prob: 0.730, Mean neg prob: 0.272
CUM Mean pos logit: 1.460, Mean neg logit: -3.248

Epoch 8, Batch 4900 | Acc: 0.7981 | PosAcc: 0.8387 | NegAcc: 0.7575
len(easy_positives): 27659 , len(easy_negatives): 30444
len(hard_positives): 1546 , len(hard_negatives): 2764

CUM Mean pos prob: 0.731, Mean neg prob: 0.272
CUM Mean pos logit: 1.460, Mean neg logit: -3.247

Epoch 8, Batch 4920 | Acc: 0.7981 | PosAcc: 0.8387 | NegAcc: 0.7575
len(easy_positives): 27767 , len(easy_negatives): 30573
len(hard_positives): 1556 , len(hard_negatives): 2778

CUM Mean pos prob: 0.731, Mean neg prob: 0.272
CUM Mean pos logit: 1.461, Mean neg logit: -3.247

	train_accuracy: 0.7980749746707193
	pos train_accuracy: 0.8388044579533941
	neg train_accuracy: 0.7573454913880446
Epoch 8, Batch 20 | Val Acc: 0.8047 | Val PosAcc: 0.8746 | Val NegAcc: 0.7386
len(easy_positives): 198 , len(easy_negatives): 174
len(hard_positives): 7 , len(hard_negatives): 29
CUM Mean pos prob: 0.796, Mean neg prob: 0.286
CUM Mean pos logit: 2.080, Mean neg logit: -4.065

Epoch 8, Batch 40 | Val Acc: 0.7945 | Val PosAcc: 0.8766 | Val NegAcc: 0.7125
len(easy_positives): 402 , len(easy_negatives): 317
len(hard_positives): 18 , len(hard_negatives): 64
CUM Mean pos prob: 0.794, Mean neg prob: 0.306
CUM Mean pos logit: 2.082, Mean neg logit: -3.804

Epoch 8, Batch 60 | Val Acc: 0.7943 | Val PosAcc: 0.8716 | Val NegAcc: 0.7173
len(easy_positives): 587 , len(easy_negatives): 475
len(hard_positives): 28 , len(hard_negatives): 94
CUM Mean pos prob: 0.788, Mean neg prob: 0.305
CUM Mean pos logit: 2.036, Mean neg logit: -3.653

Epoch 8, Batch 80 | Val Acc: 0.7926 | Val PosAcc: 0.8759 | Val NegAcc: 0.7102
len(easy_positives): 774 , len(easy_negatives): 637
len(hard_positives): 32 , len(hard_negatives): 125
CUM Mean pos prob: 0.787, Mean neg prob: 0.305
CUM Mean pos logit: 2.020, Mean neg logit: -3.567

Epoch 8, Batch 100 | Val Acc: 0.7966 | Val PosAcc: 0.8779 | Val NegAcc: 0.7147
len(easy_positives): 984 , len(easy_negatives): 805
len(hard_positives): 45 , len(hard_negatives): 148
CUM Mean pos prob: 0.788, Mean neg prob: 0.300
CUM Mean pos logit: 2.038, Mean neg logit: -3.613

Epoch 8, Batch 120 | Val Acc: 0.8005 | Val PosAcc: 0.8824 | Val NegAcc: 0.7171
len(easy_positives): 1194 , len(easy_negatives): 973
len(hard_positives): 52 , len(hard_negatives): 169
CUM Mean pos prob: 0.791, Mean neg prob: 0.296
CUM Mean pos logit: 2.047, Mean neg logit: -3.674

Epoch 8, Batch 140 | Val Acc: 0.7982 | Val PosAcc: 0.8815 | Val NegAcc: 0.7140
len(easy_positives): 1401 , len(easy_negatives): 1138
len(hard_positives): 62 , len(hard_negatives): 199
CUM Mean pos prob: 0.791, Mean neg prob: 0.297
CUM Mean pos logit: 2.043, Mean neg logit: -3.703

Epoch 8, Batch 160 | Val Acc: 0.8006 | Val PosAcc: 0.8849 | Val NegAcc: 0.7162
len(easy_positives): 1595 , len(easy_negatives): 1316
len(hard_positives): 68 , len(hard_negatives): 230
CUM Mean pos prob: 0.792, Mean neg prob: 0.296
CUM Mean pos logit: 2.036, Mean neg logit: -3.606

Epoch 8, Batch 180 | Val Acc: 0.7981 | Val PosAcc: 0.8845 | Val NegAcc: 0.7120
len(easy_positives): 1794 , len(easy_negatives): 1475
len(hard_positives): 78 , len(hard_negatives): 274
CUM Mean pos prob: 0.792, Mean neg prob: 0.300
CUM Mean pos logit: 2.041, Mean neg logit: -3.550

Epoch 8, Batch 200 | Val Acc: 0.7977 | Val PosAcc: 0.8851 | Val NegAcc: 0.7099
len(easy_positives): 2001 , len(easy_negatives): 1625
len(hard_positives): 85 , len(hard_negatives): 313
CUM Mean pos prob: 0.793, Mean neg prob: 0.302
CUM Mean pos logit: 2.045, Mean neg logit: -3.538

Epoch 8, Batch 220 | Val Acc: 0.7946 | Val PosAcc: 0.8830 | Val NegAcc: 0.7066
len(easy_positives): 2187 , len(easy_negatives): 1784
len(hard_positives): 91 , len(hard_negatives): 345
CUM Mean pos prob: 0.792, Mean neg prob: 0.303
CUM Mean pos logit: 2.036, Mean neg logit: -3.533

Epoch 8, Batch 240 | Val Acc: 0.7951 | Val PosAcc: 0.8828 | Val NegAcc: 0.7074
len(easy_positives): 2396 , len(easy_negatives): 1944
len(hard_positives): 101 , len(hard_negatives): 364
CUM Mean pos prob: 0.792, Mean neg prob: 0.302
CUM Mean pos logit: 2.039, Mean neg logit: -3.566

Epoch 8, Batch 260 | Val Acc: 0.7959 | Val PosAcc: 0.8840 | Val NegAcc: 0.7080
len(easy_positives): 2575 , len(easy_negatives): 2113
len(hard_positives): 107 , len(hard_negatives): 391
CUM Mean pos prob: 0.791, Mean neg prob: 0.301
CUM Mean pos logit: 2.033, Mean neg logit: -3.577

Epoch 8, Batch 280 | Val Acc: 0.7961 | Val PosAcc: 0.8847 | Val NegAcc: 0.7076
len(easy_positives): 2782 , len(easy_negatives): 2265
len(hard_positives): 116 , len(hard_negatives): 424
CUM Mean pos prob: 0.791, Mean neg prob: 0.301
CUM Mean pos logit: 2.028, Mean neg logit: -3.580

Epoch 8, Batch 300 | Val Acc: 0.7969 | Val PosAcc: 0.8852 | Val NegAcc: 0.7085
len(easy_positives): 2984 , len(easy_negatives): 2415
len(hard_positives): 123 , len(hard_negatives): 451
CUM Mean pos prob: 0.791, Mean neg prob: 0.302
CUM Mean pos logit: 2.027, Mean neg logit: -3.535

Epoch 8, Batch 320 | Val Acc: 0.7966 | Val PosAcc: 0.8843 | Val NegAcc: 0.7093
len(easy_positives): 3171 , len(easy_negatives): 2578
len(hard_positives): 129 , len(hard_negatives): 478
CUM Mean pos prob: 0.791, Mean neg prob: 0.302
CUM Mean pos logit: 2.023, Mean neg logit: -3.513

Epoch 8, Batch 340 | Val Acc: 0.7980 | Val PosAcc: 0.8848 | Val NegAcc: 0.7111
len(easy_positives): 3375 , len(easy_negatives): 2742
len(hard_positives): 137 , len(hard_negatives): 506
CUM Mean pos prob: 0.791, Mean neg prob: 0.300
CUM Mean pos logit: 2.023, Mean neg logit: -3.528

Epoch 8, Batch 360 | Val Acc: 0.8004 | Val PosAcc: 0.8852 | Val NegAcc: 0.7158
len(easy_positives): 3578 , len(easy_negatives): 2927
len(hard_positives): 140 , len(hard_negatives): 537
CUM Mean pos prob: 0.792, Mean neg prob: 0.297
CUM Mean pos logit: 2.033, Mean neg logit: -3.555

Epoch 8, Batch 380 | Val Acc: 0.7985 | Val PosAcc: 0.8842 | Val NegAcc: 0.7135
len(easy_positives): 3759 , len(easy_negatives): 3103
len(hard_positives): 151 , len(hard_negatives): 570
CUM Mean pos prob: 0.792, Mean neg prob: 0.298
CUM Mean pos logit: 2.028, Mean neg logit: -3.559

Epoch 8, Batch 400 | Val Acc: 0.7993 | Val PosAcc: 0.8844 | Val NegAcc: 0.7147
len(easy_positives): 3949 , len(easy_negatives): 3265
len(hard_positives): 159 , len(hard_negatives): 596
CUM Mean pos prob: 0.791, Mean neg prob: 0.297
CUM Mean pos logit: 2.026, Mean neg logit: -3.585

Epoch 8, Batch 420 | Val Acc: 0.8000 | Val PosAcc: 0.8850 | Val NegAcc: 0.7155
len(easy_positives): 4146 , len(easy_negatives): 3422
len(hard_positives): 164 , len(hard_negatives): 618
CUM Mean pos prob: 0.791, Mean neg prob: 0.297
CUM Mean pos logit: 2.032, Mean neg logit: -3.594

Epoch 8, Batch 440 | Val Acc: 0.8008 | Val PosAcc: 0.8862 | Val NegAcc: 0.7160
len(easy_positives): 4346 , len(easy_negatives): 3589
len(hard_positives): 172 , len(hard_negatives): 641
CUM Mean pos prob: 0.792, Mean neg prob: 0.296
CUM Mean pos logit: 2.036, Mean neg logit: -3.604

Epoch 8, Batch 460 | Val Acc: 0.8017 | Val PosAcc: 0.8871 | Val NegAcc: 0.7168
len(easy_positives): 4545 , len(easy_negatives): 3754
len(hard_positives): 178 , len(hard_negatives): 665
CUM Mean pos prob: 0.792, Mean neg prob: 0.296
CUM Mean pos logit: 2.040, Mean neg logit: -3.605

Epoch 8, Batch 480 | Val Acc: 0.8014 | Val PosAcc: 0.8875 | Val NegAcc: 0.7161
len(easy_positives): 4748 , len(easy_negatives): 3914
len(hard_positives): 186 , len(hard_negatives): 696
CUM Mean pos prob: 0.792, Mean neg prob: 0.297
CUM Mean pos logit: 2.046, Mean neg logit: -3.585

Epoch 8, Batch 500 | Val Acc: 0.8017 | Val PosAcc: 0.8880 | Val NegAcc: 0.7167
len(easy_positives): 4935 , len(easy_negatives): 4091
len(hard_positives): 194 , len(hard_negatives): 722
CUM Mean pos prob: 0.793, Mean neg prob: 0.296
CUM Mean pos logit: 2.043, Mean neg logit: -3.584

Epoch 8, Batch 520 | Val Acc: 0.8007 | Val PosAcc: 0.8866 | Val NegAcc: 0.7160
len(easy_positives): 5120 , len(easy_negatives): 4253
len(hard_positives): 200 , len(hard_negatives): 755
CUM Mean pos prob: 0.792, Mean neg prob: 0.297
CUM Mean pos logit: 2.039, Mean neg logit: -3.572

Epoch 8, Batch 540 | Val Acc: 0.8003 | Val PosAcc: 0.8863 | Val NegAcc: 0.7153
len(easy_positives): 5321 , len(easy_negatives): 4412
len(hard_positives): 211 , len(hard_negatives): 791
CUM Mean pos prob: 0.792, Mean neg prob: 0.297
CUM Mean pos logit: 2.038, Mean neg logit: -3.575

Epoch 8, Batch 560 | Val Acc: 0.8004 | Val PosAcc: 0.8864 | Val NegAcc: 0.7158
len(easy_positives): 5494 , len(easy_negatives): 4596
len(hard_positives): 214 , len(hard_negatives): 818
CUM Mean pos prob: 0.791, Mean neg prob: 0.296
CUM Mean pos logit: 2.033, Mean neg logit: -3.582

Epoch 8, Batch 580 | Val Acc: 0.8000 | Val PosAcc: 0.8860 | Val NegAcc: 0.7154
len(easy_positives): 5679 , len(easy_negatives): 4757
len(hard_positives): 219 , len(hard_negatives): 842
CUM Mean pos prob: 0.791, Mean neg prob: 0.296
CUM Mean pos logit: 2.033, Mean neg logit: -3.583

Epoch 8, Batch 600 | Val Acc: 0.8004 | Val PosAcc: 0.8864 | Val NegAcc: 0.7155
len(easy_positives): 5887 , len(easy_negatives): 4924
len(hard_positives): 227 , len(hard_negatives): 868
CUM Mean pos prob: 0.791, Mean neg prob: 0.296
CUM Mean pos logit: 2.030, Mean neg logit: -3.606

Epoch 8, Batch 620 | Val Acc: 0.8001 | Val PosAcc: 0.8867 | Val NegAcc: 0.7145
len(easy_positives): 6091 , len(easy_negatives): 5078
len(hard_positives): 231 , len(hard_negatives): 898
CUM Mean pos prob: 0.791, Mean neg prob: 0.296
CUM Mean pos logit: 2.031, Mean neg logit: -3.611

Epoch 8, Batch 640 | Val Acc: 0.8003 | Val PosAcc: 0.8873 | Val NegAcc: 0.7145
len(easy_positives): 6275 , len(easy_negatives): 5249
len(hard_positives): 238 , len(hard_negatives): 928
CUM Mean pos prob: 0.791, Mean neg prob: 0.296
CUM Mean pos logit: 2.031, Mean neg logit: -3.602

Epoch 8, Batch 660 | Val Acc: 0.7999 | Val PosAcc: 0.8867 | Val NegAcc: 0.7141
len(easy_positives): 6473 , len(easy_negatives): 5404
len(hard_positives): 246 , len(hard_negatives): 957
CUM Mean pos prob: 0.791, Mean neg prob: 0.296
CUM Mean pos logit: 2.031, Mean neg logit: -3.594

Epoch 8, Batch 680 | Val Acc: 0.8003 | Val PosAcc: 0.8871 | Val NegAcc: 0.7143
len(easy_positives): 6676 , len(easy_negatives): 5548
len(hard_positives): 254 , len(hard_negatives): 989
CUM Mean pos prob: 0.791, Mean neg prob: 0.297
CUM Mean pos logit: 2.032, Mean neg logit: -3.597

Epoch 8, Batch 700 | Val Acc: 0.8003 | Val PosAcc: 0.8875 | Val NegAcc: 0.7138
len(easy_positives): 6881 , len(easy_negatives): 5705
len(hard_positives): 260 , len(hard_negatives): 1020
CUM Mean pos prob: 0.791, Mean neg prob: 0.297
CUM Mean pos logit: 2.030, Mean neg logit: -3.589

Epoch 8, Batch 720 | Val Acc: 0.7995 | Val PosAcc: 0.8880 | Val NegAcc: 0.7118
len(easy_positives): 7080 , len(easy_negatives): 5853
len(hard_positives): 263 , len(hard_negatives): 1059
CUM Mean pos prob: 0.791, Mean neg prob: 0.298
CUM Mean pos logit: 2.030, Mean neg logit: -3.579

Epoch 8, Batch 740 | Val Acc: 0.7996 | Val PosAcc: 0.8878 | Val NegAcc: 0.7122
len(easy_positives): 7274 , len(easy_negatives): 6015
len(hard_positives): 269 , len(hard_negatives): 1085
CUM Mean pos prob: 0.791, Mean neg prob: 0.298
CUM Mean pos logit: 2.031, Mean neg logit: -3.563

Epoch 8, Batch 760 | Val Acc: 0.7994 | Val PosAcc: 0.8876 | Val NegAcc: 0.7119
len(easy_positives): 7459 , len(easy_negatives): 6180
len(hard_positives): 277 , len(hard_negatives): 1118
CUM Mean pos prob: 0.791, Mean neg prob: 0.298
CUM Mean pos logit: 2.025, Mean neg logit: -3.564

Epoch 8, Batch 780 | Val Acc: 0.7995 | Val PosAcc: 0.8879 | Val NegAcc: 0.7114
len(easy_positives): 7664 , len(easy_negatives): 6341
len(hard_positives): 286 , len(hard_negatives): 1154
CUM Mean pos prob: 0.791, Mean neg prob: 0.299
CUM Mean pos logit: 2.028, Mean neg logit: -3.558

Epoch 8, Batch 800 | Val Acc: 0.7997 | Val PosAcc: 0.8879 | Val NegAcc: 0.7118
len(easy_positives): 7861 , len(easy_negatives): 6516
len(hard_positives): 298 , len(hard_negatives): 1184
CUM Mean pos prob: 0.791, Mean neg prob: 0.298
CUM Mean pos logit: 2.026, Mean neg logit: -3.556

Epoch 8, Batch 820 | Val Acc: 0.7996 | Val PosAcc: 0.8883 | Val NegAcc: 0.7109
len(easy_positives): 8080 , len(easy_negatives): 6658
len(hard_positives): 303 , len(hard_negatives): 1216
CUM Mean pos prob: 0.791, Mean neg prob: 0.299
CUM Mean pos logit: 2.025, Mean neg logit: -3.548

Epoch 8, Batch 840 | Val Acc: 0.7991 | Val PosAcc: 0.8877 | Val NegAcc: 0.7108
len(easy_positives): 8266 , len(easy_negatives): 6835
len(hard_positives): 315 , len(hard_negatives): 1245
CUM Mean pos prob: 0.790, Mean neg prob: 0.299
CUM Mean pos logit: 2.022, Mean neg logit: -3.549

Epoch 8, Batch 860 | Val Acc: 0.7987 | Val PosAcc: 0.8878 | Val NegAcc: 0.7095
len(easy_positives): 8474 , len(easy_negatives): 6984
len(hard_positives): 318 , len(hard_negatives): 1279
CUM Mean pos prob: 0.791, Mean neg prob: 0.299
CUM Mean pos logit: 2.024, Mean neg logit: -3.547

Epoch 8, Batch 880 | Val Acc: 0.7984 | Val PosAcc: 0.8877 | Val NegAcc: 0.7090
len(easy_positives): 8666 , len(easy_negatives): 7128
len(hard_positives): 331 , len(hard_negatives): 1311
CUM Mean pos prob: 0.790, Mean neg prob: 0.300
CUM Mean pos logit: 2.020, Mean neg logit: -3.542

Epoch 8, Batch 900 | Val Acc: 0.7983 | Val PosAcc: 0.8868 | Val NegAcc: 0.7097
len(easy_positives): 8860 , len(easy_negatives): 7288
len(hard_positives): 341 , len(hard_negatives): 1336
CUM Mean pos prob: 0.790, Mean neg prob: 0.299
CUM Mean pos logit: 2.016, Mean neg logit: -3.551

Epoch 8, Batch 920 | Val Acc: 0.7976 | Val PosAcc: 0.8861 | Val NegAcc: 0.7090
len(easy_positives): 9051 , len(easy_negatives): 7445
len(hard_positives): 353 , len(hard_negatives): 1366
CUM Mean pos prob: 0.789, Mean neg prob: 0.300
CUM Mean pos logit: 2.016, Mean neg logit: -3.536

Epoch 8, Batch 940 | Val Acc: 0.7980 | Val PosAcc: 0.8859 | Val NegAcc: 0.7101
len(easy_positives): 9229 , len(easy_negatives): 7625
len(hard_positives): 363 , len(hard_negatives): 1391
CUM Mean pos prob: 0.789, Mean neg prob: 0.299
CUM Mean pos logit: 2.012, Mean neg logit: -3.552

Epoch 8, Batch 960 | Val Acc: 0.7982 | Val PosAcc: 0.8859 | Val NegAcc: 0.7107
len(easy_positives): 9410 , len(easy_negatives): 7812
len(hard_positives): 369 , len(hard_negatives): 1424
CUM Mean pos prob: 0.789, Mean neg prob: 0.298
CUM Mean pos logit: 2.013, Mean neg logit: -3.550

Epoch 8, Batch 980 | Val Acc: 0.7987 | Val PosAcc: 0.8861 | Val NegAcc: 0.7114
len(easy_positives): 9602 , len(easy_negatives): 7980
len(hard_positives): 376 , len(hard_negatives): 1446
CUM Mean pos prob: 0.789, Mean neg prob: 0.298
CUM Mean pos logit: 2.013, Mean neg logit: -3.569

Epoch 8, Batch 1000 | Val Acc: 0.7983 | Val PosAcc: 0.8860 | Val NegAcc: 0.7107
len(easy_positives): 9789 , len(easy_negatives): 8145
len(hard_positives): 380 , len(hard_negatives): 1477
CUM Mean pos prob: 0.789, Mean neg prob: 0.298
CUM Mean pos logit: 2.013, Mean neg logit: -3.562

Epoch 8, Batch 1020 | Val Acc: 0.7983 | Val PosAcc: 0.8861 | Val NegAcc: 0.7107
len(easy_positives): 9999 , len(easy_negatives): 8303
len(hard_positives): 383 , len(hard_negatives): 1509
CUM Mean pos prob: 0.789, Mean neg prob: 0.298
CUM Mean pos logit: 2.016, Mean neg logit: -3.559

Epoch 8, Batch 1040 | Val Acc: 0.7983 | Val PosAcc: 0.8860 | Val NegAcc: 0.7109
len(easy_positives): 10194 , len(easy_negatives): 8466
len(hard_positives): 392 , len(hard_negatives): 1536
CUM Mean pos prob: 0.789, Mean neg prob: 0.298
CUM Mean pos logit: 2.016, Mean neg logit: -3.567

Epoch 8, Batch 1060 | Val Acc: 0.7983 | Val PosAcc: 0.8854 | Val NegAcc: 0.7112
len(easy_positives): 10402 , len(easy_negatives): 8632
len(hard_positives): 407 , len(hard_negatives): 1562
CUM Mean pos prob: 0.789, Mean neg prob: 0.298
CUM Mean pos logit: 2.013, Mean neg logit: -3.567

Epoch 8, Batch 1080 | Val Acc: 0.7981 | Val PosAcc: 0.8855 | Val NegAcc: 0.7108
len(easy_positives): 10597 , len(easy_negatives): 8796
len(hard_positives): 413 , len(hard_negatives): 1602
CUM Mean pos prob: 0.789, Mean neg prob: 0.298
CUM Mean pos logit: 2.014, Mean neg logit: -3.566

Epoch 8, Batch 1100 | Val Acc: 0.7977 | Val PosAcc: 0.8850 | Val NegAcc: 0.7106
len(easy_positives): 10791 , len(easy_negatives): 8975
len(hard_positives): 422 , len(hard_negatives): 1640
CUM Mean pos prob: 0.789, Mean neg prob: 0.298
CUM Mean pos logit: 2.012, Mean neg logit: -3.567

Epoch 8, Batch 1120 | Val Acc: 0.7972 | Val PosAcc: 0.8845 | Val NegAcc: 0.7102
len(easy_positives): 10976 , len(easy_negatives): 9137
len(hard_positives): 437 , len(hard_negatives): 1672
CUM Mean pos prob: 0.789, Mean neg prob: 0.298
CUM Mean pos logit: 2.011, Mean neg logit: -3.561

Epoch 8, Batch 1140 | Val Acc: 0.7976 | Val PosAcc: 0.8846 | Val NegAcc: 0.7108
len(easy_positives): 11183 , len(easy_negatives): 9297
len(hard_positives): 444 , len(hard_negatives): 1693
CUM Mean pos prob: 0.788, Mean neg prob: 0.298
CUM Mean pos logit: 2.008, Mean neg logit: -3.562

Epoch 8, Batch 1160 | Val Acc: 0.7975 | Val PosAcc: 0.8846 | Val NegAcc: 0.7105
len(easy_positives): 11383 , len(easy_negatives): 9460
len(hard_positives): 453 , len(hard_negatives): 1724
CUM Mean pos prob: 0.788, Mean neg prob: 0.298
CUM Mean pos logit: 2.009, Mean neg logit: -3.564

Epoch 8, Batch 1180 | Val Acc: 0.7975 | Val PosAcc: 0.8844 | Val NegAcc: 0.7106
len(easy_positives): 11576 , len(easy_negatives): 9631
len(hard_positives): 461 , len(hard_negatives): 1756
CUM Mean pos prob: 0.788, Mean neg prob: 0.298
CUM Mean pos logit: 2.009, Mean neg logit: -3.588

Epoch 8, Batch 1200 | Val Acc: 0.7973 | Val PosAcc: 0.8843 | Val NegAcc: 0.7103
len(easy_positives): 11767 , len(easy_negatives): 9782
len(hard_positives): 469 , len(hard_negatives): 1792
CUM Mean pos prob: 0.788, Mean neg prob: 0.298
CUM Mean pos logit: 2.006, Mean neg logit: -3.586

Epoch 8, Batch 1220 | Val Acc: 0.7973 | Val PosAcc: 0.8843 | Val NegAcc: 0.7103
len(easy_positives): 11957 , len(easy_negatives): 9951
len(hard_positives): 479 , len(hard_negatives): 1819
CUM Mean pos prob: 0.788, Mean neg prob: 0.298
CUM Mean pos logit: 2.004, Mean neg logit: -3.584

	val_accuracy: 0.797112462006079
	pos val_accuracy: 0.8840932117527862
	neg val_accuracy: 0.7101317122593719
../Sim5/model8_FE2dis_inrWaterPHD2_5.pt
Epoch 9, Batch 20 | Acc: 0.7771 | PosAcc: 0.8089 | NegAcc: 0.7436
len(easy_positives): 105 , len(easy_negatives): 118
len(hard_positives): 7 , len(hard_negatives): 18

CUM Mean pos prob: 0.711, Mean neg prob: 0.279
CUM Mean pos logit: 1.255, Mean neg logit: -4.090

Epoch 9, Batch 40 | Acc: 0.7969 | PosAcc: 0.8337 | NegAcc: 0.7599
len(easy_positives): 201 , len(easy_negatives): 247
len(hard_positives): 8 , len(hard_negatives): 30

CUM Mean pos prob: 0.717, Mean neg prob: 0.275
CUM Mean pos logit: 1.263, Mean neg logit: -3.545

Epoch 9, Batch 60 | Acc: 0.8035 | PosAcc: 0.8575 | NegAcc: 0.7490
len(easy_positives): 332 , len(easy_negatives): 373
len(hard_positives): 11 , len(hard_negatives): 43

CUM Mean pos prob: 0.733, Mean neg prob: 0.276
CUM Mean pos logit: 1.372, Mean neg logit: -3.524

Epoch 9, Batch 80 | Acc: 0.7974 | PosAcc: 0.8438 | NegAcc: 0.7510
len(easy_positives): 438 , len(easy_negatives): 502
len(hard_positives): 21 , len(hard_negatives): 56

CUM Mean pos prob: 0.727, Mean neg prob: 0.274
CUM Mean pos logit: 1.362, Mean neg logit: -3.726

Epoch 9, Batch 100 | Acc: 0.7987 | PosAcc: 0.8372 | NegAcc: 0.7617
len(easy_positives): 524 , len(easy_negatives): 661
len(hard_positives): 30 , len(hard_negatives): 64

CUM Mean pos prob: 0.723, Mean neg prob: 0.264
CUM Mean pos logit: 1.329, Mean neg logit: -3.972

Epoch 9, Batch 120 | Acc: 0.7944 | PosAcc: 0.8395 | NegAcc: 0.7514
len(easy_positives): 630 , len(easy_negatives): 787
len(hard_positives): 35 , len(hard_negatives): 79

CUM Mean pos prob: 0.724, Mean neg prob: 0.270
CUM Mean pos logit: 1.329, Mean neg logit: -3.830

Epoch 9, Batch 140 | Acc: 0.7935 | PosAcc: 0.8340 | NegAcc: 0.7537
len(easy_positives): 742 , len(easy_negatives): 895
len(hard_positives): 43 , len(hard_negatives): 81

CUM Mean pos prob: 0.721, Mean neg prob: 0.271
CUM Mean pos logit: 1.307, Mean neg logit: -3.669

Epoch 9, Batch 160 | Acc: 0.7992 | PosAcc: 0.8439 | NegAcc: 0.7547
len(easy_positives): 891 , len(easy_negatives): 1024
len(hard_positives): 50 , len(hard_negatives): 96

CUM Mean pos prob: 0.731, Mean neg prob: 0.270
CUM Mean pos logit: 1.405, Mean neg logit: -3.748

Epoch 9, Batch 180 | Acc: 0.7965 | PosAcc: 0.8383 | NegAcc: 0.7551
len(easy_positives): 989 , len(easy_negatives): 1149
len(hard_positives): 59 , len(hard_negatives): 108

CUM Mean pos prob: 0.728, Mean neg prob: 0.270
CUM Mean pos logit: 1.382, Mean neg logit: -3.672

Epoch 9, Batch 200 | Acc: 0.7960 | PosAcc: 0.8356 | NegAcc: 0.7566
len(easy_positives): 1084 , len(easy_negatives): 1270
len(hard_positives): 63 , len(hard_negatives): 116

CUM Mean pos prob: 0.725, Mean neg prob: 0.270
CUM Mean pos logit: 1.362, Mean neg logit: -3.602

Epoch 9, Batch 220 | Acc: 0.7968 | PosAcc: 0.8408 | NegAcc: 0.7526
len(easy_positives): 1234 , len(easy_negatives): 1394
len(hard_positives): 69 , len(hard_negatives): 129

CUM Mean pos prob: 0.731, Mean neg prob: 0.272
CUM Mean pos logit: 1.424, Mean neg logit: -3.532

Epoch 9, Batch 240 | Acc: 0.7955 | PosAcc: 0.8387 | NegAcc: 0.7518
len(easy_positives): 1355 , len(easy_negatives): 1515
len(hard_positives): 80 , len(hard_negatives): 140

CUM Mean pos prob: 0.730, Mean neg prob: 0.272
CUM Mean pos logit: 1.424, Mean neg logit: -3.514

Epoch 9, Batch 260 | Acc: 0.7970 | PosAcc: 0.8418 | NegAcc: 0.7518
len(easy_positives): 1476 , len(easy_negatives): 1645
len(hard_positives): 84 , len(hard_negatives): 153

CUM Mean pos prob: 0.732, Mean neg prob: 0.272
CUM Mean pos logit: 1.445, Mean neg logit: -3.505

Epoch 9, Batch 280 | Acc: 0.7963 | PosAcc: 0.8396 | NegAcc: 0.7530
len(easy_positives): 1576 , len(easy_negatives): 1791
len(hard_positives): 89 , len(hard_negatives): 166

CUM Mean pos prob: 0.731, Mean neg prob: 0.270
CUM Mean pos logit: 1.445, Mean neg logit: -3.483

Epoch 9, Batch 300 | Acc: 0.7968 | PosAcc: 0.8389 | NegAcc: 0.7551
len(easy_positives): 1684 , len(easy_negatives): 1925
len(hard_positives): 98 , len(hard_negatives): 177

CUM Mean pos prob: 0.731, Mean neg prob: 0.269
CUM Mean pos logit: 1.444, Mean neg logit: -3.475

Epoch 9, Batch 320 | Acc: 0.7995 | PosAcc: 0.8423 | NegAcc: 0.7566
len(easy_positives): 1839 , len(easy_negatives): 2051
len(hard_positives): 106 , len(hard_negatives): 187

CUM Mean pos prob: 0.734, Mean neg prob: 0.268
CUM Mean pos logit: 1.477, Mean neg logit: -3.507

Epoch 9, Batch 340 | Acc: 0.7978 | PosAcc: 0.8407 | NegAcc: 0.7547
len(easy_positives): 1964 , len(easy_negatives): 2167
len(hard_positives): 112 , len(hard_negatives): 198

CUM Mean pos prob: 0.733, Mean neg prob: 0.269
CUM Mean pos logit: 1.474, Mean neg logit: -3.491

Epoch 9, Batch 360 | Acc: 0.7991 | PosAcc: 0.8441 | NegAcc: 0.7535
len(easy_positives): 2090 , len(easy_negatives): 2271
len(hard_positives): 119 , len(hard_negatives): 211

CUM Mean pos prob: 0.735, Mean neg prob: 0.271
CUM Mean pos logit: 1.483, Mean neg logit: -3.470

Epoch 9, Batch 380 | Acc: 0.7987 | PosAcc: 0.8419 | NegAcc: 0.7550
len(easy_positives): 2200 , len(easy_negatives): 2400
len(hard_positives): 125 , len(hard_negatives): 224

CUM Mean pos prob: 0.734, Mean neg prob: 0.271
CUM Mean pos logit: 1.480, Mean neg logit: -3.454

Epoch 9, Batch 400 | Acc: 0.7973 | PosAcc: 0.8391 | NegAcc: 0.7554
len(easy_positives): 2297 , len(easy_negatives): 2538
len(hard_positives): 129 , len(hard_negatives): 234

CUM Mean pos prob: 0.733, Mean neg prob: 0.270
CUM Mean pos logit: 1.472, Mean neg logit: -3.452

Epoch 9, Batch 420 | Acc: 0.7970 | PosAcc: 0.8387 | NegAcc: 0.7552
len(easy_positives): 2428 , len(easy_negatives): 2664
len(hard_positives): 137 , len(hard_negatives): 249

CUM Mean pos prob: 0.734, Mean neg prob: 0.270
CUM Mean pos logit: 1.482, Mean neg logit: -3.444

Epoch 9, Batch 440 | Acc: 0.7985 | PosAcc: 0.8388 | NegAcc: 0.7582
len(easy_positives): 2531 , len(easy_negatives): 2807
len(hard_positives): 146 , len(hard_negatives): 259

CUM Mean pos prob: 0.733, Mean neg prob: 0.268
CUM Mean pos logit: 1.479, Mean neg logit: -3.432

Epoch 9, Batch 460 | Acc: 0.7983 | PosAcc: 0.8393 | NegAcc: 0.7573
len(easy_positives): 2637 , len(easy_negatives): 2933
len(hard_positives): 150 , len(hard_negatives): 272

CUM Mean pos prob: 0.733, Mean neg prob: 0.269
CUM Mean pos logit: 1.476, Mean neg logit: -3.423

Epoch 9, Batch 480 | Acc: 0.7990 | PosAcc: 0.8400 | NegAcc: 0.7582
len(easy_positives): 2762 , len(easy_negatives): 3070
len(hard_positives): 156 , len(hard_negatives): 281

CUM Mean pos prob: 0.734, Mean neg prob: 0.268
CUM Mean pos logit: 1.485, Mean neg logit: -3.428

Epoch 9, Batch 500 | Acc: 0.7992 | PosAcc: 0.8401 | NegAcc: 0.7582
len(easy_positives): 2885 , len(easy_negatives): 3189
len(hard_positives): 164 , len(hard_negatives): 291

CUM Mean pos prob: 0.734, Mean neg prob: 0.268
CUM Mean pos logit: 1.485, Mean neg logit: -3.412

Epoch 9, Batch 520 | Acc: 0.8002 | PosAcc: 0.8412 | NegAcc: 0.7592
len(easy_positives): 3010 , len(easy_negatives): 3319
len(hard_positives): 173 , len(hard_negatives): 304

CUM Mean pos prob: 0.735, Mean neg prob: 0.267
CUM Mean pos logit: 1.494, Mean neg logit: -3.421

Epoch 9, Batch 540 | Acc: 0.7998 | PosAcc: 0.8414 | NegAcc: 0.7581
len(easy_positives): 3137 , len(easy_negatives): 3448
len(hard_positives): 183 , len(hard_negatives): 317

CUM Mean pos prob: 0.735, Mean neg prob: 0.268
CUM Mean pos logit: 1.504, Mean neg logit: -3.443

Epoch 9, Batch 560 | Acc: 0.7999 | PosAcc: 0.8421 | NegAcc: 0.7574
len(easy_positives): 3260 , len(easy_negatives): 3564
len(hard_positives): 185 , len(hard_negatives): 325

CUM Mean pos prob: 0.735, Mean neg prob: 0.268
CUM Mean pos logit: 1.503, Mean neg logit: -3.425

Epoch 9, Batch 580 | Acc: 0.8005 | PosAcc: 0.8422 | NegAcc: 0.7586
len(easy_positives): 3370 , len(easy_negatives): 3693
len(hard_positives): 194 , len(hard_negatives): 337

CUM Mean pos prob: 0.735, Mean neg prob: 0.267
CUM Mean pos logit: 1.502, Mean neg logit: -3.439

Epoch 9, Batch 600 | Acc: 0.8014 | PosAcc: 0.8436 | NegAcc: 0.7589
len(easy_positives): 3502 , len(easy_negatives): 3813
len(hard_positives): 196 , len(hard_negatives): 350

CUM Mean pos prob: 0.736, Mean neg prob: 0.268
CUM Mean pos logit: 1.517, Mean neg logit: -3.426

Epoch 9, Batch 620 | Acc: 0.8009 | PosAcc: 0.8427 | NegAcc: 0.7589
len(easy_positives): 3605 , len(easy_negatives): 3944
len(hard_positives): 204 , len(hard_negatives): 360

CUM Mean pos prob: 0.736, Mean neg prob: 0.267
CUM Mean pos logit: 1.512, Mean neg logit: -3.422

Epoch 9, Batch 640 | Acc: 0.8005 | PosAcc: 0.8421 | NegAcc: 0.7586
len(easy_positives): 3719 , len(easy_negatives): 4080
len(hard_positives): 208 , len(hard_negatives): 371

CUM Mean pos prob: 0.736, Mean neg prob: 0.267
CUM Mean pos logit: 1.510, Mean neg logit: -3.429

Epoch 9, Batch 660 | Acc: 0.8001 | PosAcc: 0.8421 | NegAcc: 0.7579
len(easy_positives): 3836 , len(easy_negatives): 4199
len(hard_positives): 219 , len(hard_negatives): 380

CUM Mean pos prob: 0.735, Mean neg prob: 0.268
CUM Mean pos logit: 1.504, Mean neg logit: -3.428

Epoch 9, Batch 680 | Acc: 0.7994 | PosAcc: 0.8419 | NegAcc: 0.7567
len(easy_positives): 3938 , len(easy_negatives): 4300
len(hard_positives): 225 , len(hard_negatives): 388

CUM Mean pos prob: 0.735, Mean neg prob: 0.269
CUM Mean pos logit: 1.496, Mean neg logit: -3.400

Epoch 9, Batch 700 | Acc: 0.7996 | PosAcc: 0.8418 | NegAcc: 0.7572
len(easy_positives): 4034 , len(easy_negatives): 4427
len(hard_positives): 229 , len(hard_negatives): 397

CUM Mean pos prob: 0.734, Mean neg prob: 0.269
CUM Mean pos logit: 1.492, Mean neg logit: -3.392

Epoch 9, Batch 720 | Acc: 0.7981 | PosAcc: 0.8412 | NegAcc: 0.7548
len(easy_positives): 4157 , len(easy_negatives): 4531
len(hard_positives): 236 , len(hard_negatives): 405

CUM Mean pos prob: 0.734, Mean neg prob: 0.270
CUM Mean pos logit: 1.492, Mean neg logit: -3.396

Epoch 9, Batch 740 | Acc: 0.7976 | PosAcc: 0.8413 | NegAcc: 0.7538
len(easy_positives): 4247 , len(easy_negatives): 4661
len(hard_positives): 240 , len(hard_negatives): 418

CUM Mean pos prob: 0.734, Mean neg prob: 0.270
CUM Mean pos logit: 1.487, Mean neg logit: -3.372

Epoch 9, Batch 760 | Acc: 0.7976 | PosAcc: 0.8402 | NegAcc: 0.7548
len(easy_positives): 4339 , len(easy_negatives): 4790
len(hard_positives): 246 , len(hard_negatives): 425

CUM Mean pos prob: 0.733, Mean neg prob: 0.270
CUM Mean pos logit: 1.480, Mean neg logit: -3.370

Epoch 9, Batch 780 | Acc: 0.7972 | PosAcc: 0.8411 | NegAcc: 0.7532
len(easy_positives): 4468 , len(easy_negatives): 4897
len(hard_positives): 249 , len(hard_negatives): 443

CUM Mean pos prob: 0.734, Mean neg prob: 0.271
CUM Mean pos logit: 1.485, Mean neg logit: -3.354

Epoch 9, Batch 800 | Acc: 0.7965 | PosAcc: 0.8406 | NegAcc: 0.7521
len(easy_positives): 4571 , len(easy_negatives): 5012
len(hard_positives): 255 , len(hard_negatives): 456

CUM Mean pos prob: 0.733, Mean neg prob: 0.272
CUM Mean pos logit: 1.478, Mean neg logit: -3.343

Epoch 9, Batch 820 | Acc: 0.7971 | PosAcc: 0.8416 | NegAcc: 0.7523
len(easy_positives): 4698 , len(easy_negatives): 5127
len(hard_positives): 259 , len(hard_negatives): 468

CUM Mean pos prob: 0.733, Mean neg prob: 0.272
CUM Mean pos logit: 1.478, Mean neg logit: -3.337

Epoch 9, Batch 840 | Acc: 0.7970 | PosAcc: 0.8400 | NegAcc: 0.7538
len(easy_positives): 4800 , len(easy_negatives): 5277
len(hard_positives): 270 , len(hard_negatives): 476

CUM Mean pos prob: 0.733, Mean neg prob: 0.270
CUM Mean pos logit: 1.472, Mean neg logit: -3.357

Epoch 9, Batch 860 | Acc: 0.7970 | PosAcc: 0.8413 | NegAcc: 0.7524
len(easy_positives): 4951 , len(easy_negatives): 5382
len(hard_positives): 273 , len(hard_negatives): 488

CUM Mean pos prob: 0.734, Mean neg prob: 0.272
CUM Mean pos logit: 1.483, Mean neg logit: -3.330

Epoch 9, Batch 880 | Acc: 0.7978 | PosAcc: 0.8419 | NegAcc: 0.7535
len(easy_positives): 5059 , len(easy_negatives): 5516
len(hard_positives): 278 , len(hard_negatives): 500

CUM Mean pos prob: 0.734, Mean neg prob: 0.271
CUM Mean pos logit: 1.480, Mean neg logit: -3.338

Epoch 9, Batch 900 | Acc: 0.7978 | PosAcc: 0.8416 | NegAcc: 0.7539
len(easy_positives): 5161 , len(easy_negatives): 5648
len(hard_positives): 289 , len(hard_negatives): 510

CUM Mean pos prob: 0.733, Mean neg prob: 0.271
CUM Mean pos logit: 1.478, Mean neg logit: -3.338

Epoch 9, Batch 920 | Acc: 0.7979 | PosAcc: 0.8425 | NegAcc: 0.7531
len(easy_positives): 5278 , len(easy_negatives): 5784
len(hard_positives): 297 , len(hard_negatives): 517

CUM Mean pos prob: 0.734, Mean neg prob: 0.271
CUM Mean pos logit: 1.481, Mean neg logit: -3.348

Epoch 9, Batch 940 | Acc: 0.7982 | PosAcc: 0.8417 | NegAcc: 0.7545
len(easy_positives): 5376 , len(easy_negatives): 5922
len(hard_positives): 309 , len(hard_negatives): 527

CUM Mean pos prob: 0.733, Mean neg prob: 0.270
CUM Mean pos logit: 1.474, Mean neg logit: -3.359

Epoch 9, Batch 960 | Acc: 0.7983 | PosAcc: 0.8425 | NegAcc: 0.7539
len(easy_positives): 5506 , len(easy_negatives): 6028
len(hard_positives): 310 , len(hard_negatives): 541

CUM Mean pos prob: 0.734, Mean neg prob: 0.271
CUM Mean pos logit: 1.475, Mean neg logit: -3.344

Epoch 9, Batch 980 | Acc: 0.7977 | PosAcc: 0.8419 | NegAcc: 0.7533
len(easy_positives): 5616 , len(easy_negatives): 6151
len(hard_positives): 318 , len(hard_negatives): 551

CUM Mean pos prob: 0.733, Mean neg prob: 0.271
CUM Mean pos logit: 1.472, Mean neg logit: -3.331

Epoch 9, Batch 1000 | Acc: 0.7977 | PosAcc: 0.8420 | NegAcc: 0.7532
len(easy_positives): 5744 , len(easy_negatives): 6263
len(hard_positives): 322 , len(hard_negatives): 560

CUM Mean pos prob: 0.733, Mean neg prob: 0.271
CUM Mean pos logit: 1.472, Mean neg logit: -3.328

Epoch 9, Batch 1020 | Acc: 0.7973 | PosAcc: 0.8401 | NegAcc: 0.7543
len(easy_positives): 5844 , len(easy_negatives): 6407
len(hard_positives): 329 , len(hard_negatives): 575

CUM Mean pos prob: 0.733, Mean neg prob: 0.271
CUM Mean pos logit: 1.469, Mean neg logit: -3.336

Epoch 9, Batch 1040 | Acc: 0.7973 | PosAcc: 0.8396 | NegAcc: 0.7549
len(easy_positives): 5948 , len(easy_negatives): 6551
len(hard_positives): 334 , len(hard_negatives): 586

CUM Mean pos prob: 0.733, Mean neg prob: 0.270
CUM Mean pos logit: 1.468, Mean neg logit: -3.329

Epoch 9, Batch 1060 | Acc: 0.7976 | PosAcc: 0.8411 | NegAcc: 0.7540
len(easy_positives): 6081 , len(easy_negatives): 6654
len(hard_positives): 338 , len(hard_negatives): 598

CUM Mean pos prob: 0.733, Mean neg prob: 0.271
CUM Mean pos logit: 1.471, Mean neg logit: -3.319

Epoch 9, Batch 1080 | Acc: 0.7979 | PosAcc: 0.8413 | NegAcc: 0.7543
len(easy_positives): 6192 , len(easy_negatives): 6781
len(hard_positives): 348 , len(hard_negatives): 607

CUM Mean pos prob: 0.733, Mean neg prob: 0.270
CUM Mean pos logit: 1.472, Mean neg logit: -3.327

Epoch 9, Batch 1100 | Acc: 0.7981 | PosAcc: 0.8417 | NegAcc: 0.7542
len(easy_positives): 6307 , len(easy_negatives): 6914
len(hard_positives): 352 , len(hard_negatives): 620

CUM Mean pos prob: 0.733, Mean neg prob: 0.270
CUM Mean pos logit: 1.474, Mean neg logit: -3.327

Epoch 9, Batch 1120 | Acc: 0.7983 | PosAcc: 0.8424 | NegAcc: 0.7538
len(easy_positives): 6446 , len(easy_negatives): 7029
len(hard_positives): 356 , len(hard_negatives): 631

CUM Mean pos prob: 0.734, Mean neg prob: 0.270
CUM Mean pos logit: 1.478, Mean neg logit: -3.330

Epoch 9, Batch 1140 | Acc: 0.7984 | PosAcc: 0.8425 | NegAcc: 0.7540
len(easy_positives): 6574 , len(easy_negatives): 7152
len(hard_positives): 363 , len(hard_negatives): 646

CUM Mean pos prob: 0.734, Mean neg prob: 0.270
CUM Mean pos logit: 1.481, Mean neg logit: -3.340

Epoch 9, Batch 1160 | Acc: 0.7980 | PosAcc: 0.8420 | NegAcc: 0.7538
len(easy_positives): 6667 , len(easy_negatives): 7266
len(hard_positives): 367 , len(hard_negatives): 654

CUM Mean pos prob: 0.734, Mean neg prob: 0.271
CUM Mean pos logit: 1.477, Mean neg logit: -3.330

Epoch 9, Batch 1180 | Acc: 0.7982 | PosAcc: 0.8425 | NegAcc: 0.7534
len(easy_positives): 6806 , len(easy_negatives): 7363
len(hard_positives): 377 , len(hard_negatives): 667

CUM Mean pos prob: 0.734, Mean neg prob: 0.271
CUM Mean pos logit: 1.480, Mean neg logit: -3.321

Epoch 9, Batch 1200 | Acc: 0.7978 | PosAcc: 0.8417 | NegAcc: 0.7534
len(easy_positives): 6907 , len(easy_negatives): 7487
len(hard_positives): 381 , len(hard_negatives): 678

CUM Mean pos prob: 0.733, Mean neg prob: 0.271
CUM Mean pos logit: 1.476, Mean neg logit: -3.329

Epoch 9, Batch 1220 | Acc: 0.7971 | PosAcc: 0.8416 | NegAcc: 0.7522
len(easy_positives): 7009 , len(easy_negatives): 7608
len(hard_positives): 390 , len(hard_negatives): 699

CUM Mean pos prob: 0.733, Mean neg prob: 0.272
CUM Mean pos logit: 1.473, Mean neg logit: -3.318

Epoch 9, Batch 1240 | Acc: 0.7971 | PosAcc: 0.8413 | NegAcc: 0.7525
len(easy_positives): 7121 , len(easy_negatives): 7732
len(hard_positives): 393 , len(hard_negatives): 705

CUM Mean pos prob: 0.733, Mean neg prob: 0.272
CUM Mean pos logit: 1.473, Mean neg logit: -3.320

Epoch 9, Batch 1260 | Acc: 0.7978 | PosAcc: 0.8419 | NegAcc: 0.7532
len(easy_positives): 7246 , len(easy_negatives): 7875
len(hard_positives): 399 , len(hard_negatives): 718

CUM Mean pos prob: 0.733, Mean neg prob: 0.271
CUM Mean pos logit: 1.477, Mean neg logit: -3.340

Epoch 9, Batch 1280 | Acc: 0.7979 | PosAcc: 0.8424 | NegAcc: 0.7529
len(easy_positives): 7365 , len(easy_negatives): 7990
len(hard_positives): 407 , len(hard_negatives): 729

CUM Mean pos prob: 0.734, Mean neg prob: 0.272
CUM Mean pos logit: 1.478, Mean neg logit: -3.331

Epoch 9, Batch 1300 | Acc: 0.7981 | PosAcc: 0.8432 | NegAcc: 0.7525
len(easy_positives): 7462 , len(easy_negatives): 8110
len(hard_positives): 408 , len(hard_negatives): 741

CUM Mean pos prob: 0.734, Mean neg prob: 0.272
CUM Mean pos logit: 1.477, Mean neg logit: -3.328

Epoch 9, Batch 1320 | Acc: 0.7980 | PosAcc: 0.8433 | NegAcc: 0.7522
len(easy_positives): 7571 , len(easy_negatives): 8234
len(hard_positives): 412 , len(hard_negatives): 754

CUM Mean pos prob: 0.734, Mean neg prob: 0.272
CUM Mean pos logit: 1.476, Mean neg logit: -3.334

Epoch 9, Batch 1340 | Acc: 0.7986 | PosAcc: 0.8445 | NegAcc: 0.7521
len(easy_positives): 7730 , len(easy_negatives): 8349
len(hard_positives): 417 , len(hard_negatives): 767

CUM Mean pos prob: 0.735, Mean neg prob: 0.272
CUM Mean pos logit: 1.484, Mean neg logit: -3.333

Epoch 9, Batch 1360 | Acc: 0.7983 | PosAcc: 0.8440 | NegAcc: 0.7520
len(easy_positives): 7835 , len(easy_negatives): 8469
len(hard_positives): 428 , len(hard_negatives): 778

CUM Mean pos prob: 0.734, Mean neg prob: 0.272
CUM Mean pos logit: 1.484, Mean neg logit: -3.334

Epoch 9, Batch 1380 | Acc: 0.7985 | PosAcc: 0.8435 | NegAcc: 0.7529
len(easy_positives): 7919 , len(easy_negatives): 8597
len(hard_positives): 439 , len(hard_negatives): 783

CUM Mean pos prob: 0.734, Mean neg prob: 0.272
CUM Mean pos logit: 1.479, Mean neg logit: -3.323

Epoch 9, Batch 1400 | Acc: 0.7985 | PosAcc: 0.8431 | NegAcc: 0.7535
len(easy_positives): 8028 , len(easy_negatives): 8725
len(hard_positives): 446 , len(hard_negatives): 793

CUM Mean pos prob: 0.733, Mean neg prob: 0.271
CUM Mean pos logit: 1.478, Mean neg logit: -3.329

Epoch 9, Batch 1420 | Acc: 0.7981 | PosAcc: 0.8428 | NegAcc: 0.7529
len(easy_positives): 8146 , len(easy_negatives): 8840
len(hard_positives): 452 , len(hard_negatives): 806

CUM Mean pos prob: 0.733, Mean neg prob: 0.272
CUM Mean pos logit: 1.479, Mean neg logit: -3.323

Epoch 9, Batch 1440 | Acc: 0.7983 | PosAcc: 0.8427 | NegAcc: 0.7534
len(easy_positives): 8247 , len(easy_negatives): 8960
len(hard_positives): 460 , len(hard_negatives): 813

CUM Mean pos prob: 0.733, Mean neg prob: 0.272
CUM Mean pos logit: 1.475, Mean neg logit: -3.320

Epoch 9, Batch 1460 | Acc: 0.7981 | PosAcc: 0.8426 | NegAcc: 0.7532
len(easy_positives): 8362 , len(easy_negatives): 9095
len(hard_positives): 467 , len(hard_negatives): 826

CUM Mean pos prob: 0.733, Mean neg prob: 0.272
CUM Mean pos logit: 1.475, Mean neg logit: -3.324

Epoch 9, Batch 1480 | Acc: 0.7980 | PosAcc: 0.8426 | NegAcc: 0.7531
len(easy_positives): 8467 , len(easy_negatives): 9212
len(hard_positives): 473 , len(hard_negatives): 837

CUM Mean pos prob: 0.733, Mean neg prob: 0.272
CUM Mean pos logit: 1.474, Mean neg logit: -3.327

Epoch 9, Batch 1500 | Acc: 0.7983 | PosAcc: 0.8428 | NegAcc: 0.7534
len(easy_positives): 8601 , len(easy_negatives): 9346
len(hard_positives): 479 , len(hard_negatives): 846

CUM Mean pos prob: 0.733, Mean neg prob: 0.272
CUM Mean pos logit: 1.477, Mean neg logit: -3.328

Epoch 9, Batch 1520 | Acc: 0.7987 | PosAcc: 0.8429 | NegAcc: 0.7540
len(easy_positives): 8724 , len(easy_negatives): 9498
len(hard_positives): 487 , len(hard_negatives): 856

CUM Mean pos prob: 0.734, Mean neg prob: 0.271
CUM Mean pos logit: 1.480, Mean neg logit: -3.347

Epoch 9, Batch 1540 | Acc: 0.7981 | PosAcc: 0.8423 | NegAcc: 0.7536
len(easy_positives): 8826 , len(easy_negatives): 9615
len(hard_positives): 502 , len(hard_negatives): 864

CUM Mean pos prob: 0.733, Mean neg prob: 0.271
CUM Mean pos logit: 1.478, Mean neg logit: -3.342

Epoch 9, Batch 1560 | Acc: 0.7981 | PosAcc: 0.8426 | NegAcc: 0.7533
len(easy_positives): 8954 , len(easy_negatives): 9735
len(hard_positives): 505 , len(hard_negatives): 868

CUM Mean pos prob: 0.733, Mean neg prob: 0.271
CUM Mean pos logit: 1.480, Mean neg logit: -3.340

Epoch 9, Batch 1580 | Acc: 0.7981 | PosAcc: 0.8426 | NegAcc: 0.7532
len(easy_positives): 9080 , len(easy_negatives): 9854
len(hard_positives): 515 , len(hard_negatives): 886

CUM Mean pos prob: 0.734, Mean neg prob: 0.271
CUM Mean pos logit: 1.482, Mean neg logit: -3.341

Epoch 9, Batch 1600 | Acc: 0.7984 | PosAcc: 0.8431 | NegAcc: 0.7532
len(easy_positives): 9209 , len(easy_negatives): 9966
len(hard_positives): 522 , len(hard_negatives): 896

CUM Mean pos prob: 0.734, Mean neg prob: 0.272
CUM Mean pos logit: 1.484, Mean neg logit: -3.338

Epoch 9, Batch 1620 | Acc: 0.7984 | PosAcc: 0.8428 | NegAcc: 0.7535
len(easy_positives): 9313 , len(easy_negatives): 10090
len(hard_positives): 528 , len(hard_negatives): 905

CUM Mean pos prob: 0.734, Mean neg prob: 0.271
CUM Mean pos logit: 1.483, Mean neg logit: -3.338

Epoch 9, Batch 1640 | Acc: 0.7988 | PosAcc: 0.8434 | NegAcc: 0.7536
len(easy_positives): 9448 , len(easy_negatives): 10214
len(hard_positives): 529 , len(hard_negatives): 917

CUM Mean pos prob: 0.734, Mean neg prob: 0.271
CUM Mean pos logit: 1.487, Mean neg logit: -3.337

Epoch 9, Batch 1660 | Acc: 0.7988 | PosAcc: 0.8432 | NegAcc: 0.7540
len(easy_positives): 9564 , len(easy_negatives): 10344
len(hard_positives): 534 , len(hard_negatives): 932

CUM Mean pos prob: 0.734, Mean neg prob: 0.271
CUM Mean pos logit: 1.488, Mean neg logit: -3.342

Epoch 9, Batch 1680 | Acc: 0.7992 | PosAcc: 0.8430 | NegAcc: 0.7550
len(easy_positives): 9680 , len(easy_negatives): 10497
len(hard_positives): 541 , len(hard_negatives): 940

CUM Mean pos prob: 0.734, Mean neg prob: 0.271
CUM Mean pos logit: 1.492, Mean neg logit: -3.360

Epoch 9, Batch 1700 | Acc: 0.7993 | PosAcc: 0.8426 | NegAcc: 0.7557
len(easy_positives): 9808 , len(easy_negatives): 10625
len(hard_positives): 548 , len(hard_negatives): 952

CUM Mean pos prob: 0.734, Mean neg prob: 0.270
CUM Mean pos logit: 1.495, Mean neg logit: -3.365

Epoch 9, Batch 1720 | Acc: 0.7997 | PosAcc: 0.8436 | NegAcc: 0.7553
len(easy_positives): 9963 , len(easy_negatives): 10748
len(hard_positives): 550 , len(hard_negatives): 976

CUM Mean pos prob: 0.735, Mean neg prob: 0.270
CUM Mean pos logit: 1.502, Mean neg logit: -3.364

Epoch 9, Batch 1740 | Acc: 0.7996 | PosAcc: 0.8430 | NegAcc: 0.7557
len(easy_positives): 10058 , len(easy_negatives): 10884
len(hard_positives): 559 , len(hard_negatives): 985

CUM Mean pos prob: 0.735, Mean neg prob: 0.270
CUM Mean pos logit: 1.498, Mean neg logit: -3.383

Epoch 9, Batch 1760 | Acc: 0.7995 | PosAcc: 0.8434 | NegAcc: 0.7552
len(easy_positives): 10193 , len(easy_negatives): 11001
len(hard_positives): 564 , len(hard_negatives): 1000

CUM Mean pos prob: 0.735, Mean neg prob: 0.270
CUM Mean pos logit: 1.499, Mean neg logit: -3.387

Epoch 9, Batch 1780 | Acc: 0.7993 | PosAcc: 0.8432 | NegAcc: 0.7549
len(easy_positives): 10297 , len(easy_negatives): 11135
len(hard_positives): 572 , len(hard_negatives): 1017

CUM Mean pos prob: 0.735, Mean neg prob: 0.270
CUM Mean pos logit: 1.498, Mean neg logit: -3.383

Epoch 9, Batch 1800 | Acc: 0.7993 | PosAcc: 0.8429 | NegAcc: 0.7552
len(easy_positives): 10378 , len(easy_negatives): 11262
len(hard_positives): 575 , len(hard_negatives): 1022

CUM Mean pos prob: 0.734, Mean neg prob: 0.270
CUM Mean pos logit: 1.494, Mean neg logit: -3.380

Epoch 9, Batch 1820 | Acc: 0.7990 | PosAcc: 0.8427 | NegAcc: 0.7549
len(easy_positives): 10490 , len(easy_negatives): 11392
len(hard_positives): 583 , len(hard_negatives): 1035

CUM Mean pos prob: 0.734, Mean neg prob: 0.271
CUM Mean pos logit: 1.494, Mean neg logit: -3.379

Epoch 9, Batch 1840 | Acc: 0.7988 | PosAcc: 0.8425 | NegAcc: 0.7547
len(easy_positives): 10593 , len(easy_negatives): 11520
len(hard_positives): 596 , len(hard_negatives): 1042

CUM Mean pos prob: 0.734, Mean neg prob: 0.271
CUM Mean pos logit: 1.492, Mean neg logit: -3.380

Epoch 9, Batch 1860 | Acc: 0.7987 | PosAcc: 0.8422 | NegAcc: 0.7549
len(easy_positives): 10694 , len(easy_negatives): 11653
len(hard_positives): 603 , len(hard_negatives): 1050

CUM Mean pos prob: 0.734, Mean neg prob: 0.270
CUM Mean pos logit: 1.490, Mean neg logit: -3.382

Epoch 9, Batch 1880 | Acc: 0.7988 | PosAcc: 0.8422 | NegAcc: 0.7552
len(easy_positives): 10816 , len(easy_negatives): 11812
len(hard_positives): 606 , len(hard_negatives): 1057

CUM Mean pos prob: 0.734, Mean neg prob: 0.270
CUM Mean pos logit: 1.492, Mean neg logit: -3.390

Epoch 9, Batch 1900 | Acc: 0.7989 | PosAcc: 0.8423 | NegAcc: 0.7554
len(easy_positives): 10954 , len(easy_negatives): 11936
len(hard_positives): 614 , len(hard_negatives): 1069

CUM Mean pos prob: 0.734, Mean neg prob: 0.270
CUM Mean pos logit: 1.493, Mean neg logit: -3.395

Epoch 9, Batch 1920 | Acc: 0.7991 | PosAcc: 0.8425 | NegAcc: 0.7555
len(easy_positives): 11070 , len(easy_negatives): 12063
len(hard_positives): 618 , len(hard_negatives): 1085

CUM Mean pos prob: 0.734, Mean neg prob: 0.270
CUM Mean pos logit: 1.493, Mean neg logit: -3.392

Epoch 9, Batch 1940 | Acc: 0.7991 | PosAcc: 0.8422 | NegAcc: 0.7559
len(easy_positives): 11167 , len(easy_negatives): 12208
len(hard_positives): 622 , len(hard_negatives): 1093

CUM Mean pos prob: 0.734, Mean neg prob: 0.270
CUM Mean pos logit: 1.494, Mean neg logit: -3.391

Epoch 9, Batch 1960 | Acc: 0.7992 | PosAcc: 0.8427 | NegAcc: 0.7555
len(easy_positives): 11311 , len(easy_negatives): 12310
len(hard_positives): 626 , len(hard_negatives): 1115

CUM Mean pos prob: 0.734, Mean neg prob: 0.270
CUM Mean pos logit: 1.498, Mean neg logit: -3.389

Epoch 9, Batch 1980 | Acc: 0.7992 | PosAcc: 0.8429 | NegAcc: 0.7553
len(easy_positives): 11421 , len(easy_negatives): 12444
len(hard_positives): 630 , len(hard_negatives): 1123

CUM Mean pos prob: 0.734, Mean neg prob: 0.270
CUM Mean pos logit: 1.497, Mean neg logit: -3.398

Epoch 9, Batch 2000 | Acc: 0.7992 | PosAcc: 0.8426 | NegAcc: 0.7555
len(easy_positives): 11541 , len(easy_negatives): 12575
len(hard_positives): 632 , len(hard_negatives): 1134

CUM Mean pos prob: 0.734, Mean neg prob: 0.270
CUM Mean pos logit: 1.497, Mean neg logit: -3.404

Epoch 9, Batch 2020 | Acc: 0.7992 | PosAcc: 0.8427 | NegAcc: 0.7552
len(easy_positives): 11683 , len(easy_negatives): 12688
len(hard_positives): 638 , len(hard_negatives): 1146

CUM Mean pos prob: 0.735, Mean neg prob: 0.270
CUM Mean pos logit: 1.502, Mean neg logit: -3.403

Epoch 9, Batch 2040 | Acc: 0.7991 | PosAcc: 0.8427 | NegAcc: 0.7552
len(easy_positives): 11809 , len(easy_negatives): 12800
len(hard_positives): 643 , len(hard_negatives): 1157

CUM Mean pos prob: 0.735, Mean neg prob: 0.270
CUM Mean pos logit: 1.503, Mean neg logit: -3.403

Epoch 9, Batch 2060 | Acc: 0.7992 | PosAcc: 0.8423 | NegAcc: 0.7557
len(easy_positives): 11899 , len(easy_negatives): 12954
len(hard_positives): 649 , len(hard_negatives): 1164

CUM Mean pos prob: 0.734, Mean neg prob: 0.270
CUM Mean pos logit: 1.500, Mean neg logit: -3.403

Epoch 9, Batch 2080 | Acc: 0.7993 | PosAcc: 0.8427 | NegAcc: 0.7554
len(easy_positives): 12044 , len(easy_negatives): 13071
len(hard_positives): 655 , len(hard_negatives): 1183

CUM Mean pos prob: 0.735, Mean neg prob: 0.270
CUM Mean pos logit: 1.503, Mean neg logit: -3.408

Epoch 9, Batch 2100 | Acc: 0.7991 | PosAcc: 0.8423 | NegAcc: 0.7556
len(easy_positives): 12125 , len(easy_negatives): 13212
len(hard_positives): 662 , len(hard_negatives): 1188

CUM Mean pos prob: 0.734, Mean neg prob: 0.269
CUM Mean pos logit: 1.500, Mean neg logit: -3.411

Epoch 9, Batch 2120 | Acc: 0.7994 | PosAcc: 0.8424 | NegAcc: 0.7563
len(easy_positives): 12239 , len(easy_negatives): 13350
len(hard_positives): 669 , len(hard_negatives): 1194

CUM Mean pos prob: 0.734, Mean neg prob: 0.269
CUM Mean pos logit: 1.501, Mean neg logit: -3.416

Epoch 9, Batch 2140 | Acc: 0.7996 | PosAcc: 0.8428 | NegAcc: 0.7561
len(easy_positives): 12366 , len(easy_negatives): 13488
len(hard_positives): 675 , len(hard_negatives): 1211

CUM Mean pos prob: 0.735, Mean neg prob: 0.269
CUM Mean pos logit: 1.503, Mean neg logit: -3.418

Epoch 9, Batch 2160 | Acc: 0.7997 | PosAcc: 0.8426 | NegAcc: 0.7565
len(easy_positives): 12482 , len(easy_negatives): 13629
len(hard_positives): 687 , len(hard_negatives): 1215

CUM Mean pos prob: 0.735, Mean neg prob: 0.269
CUM Mean pos logit: 1.502, Mean neg logit: -3.418

Epoch 9, Batch 2180 | Acc: 0.7993 | PosAcc: 0.8425 | NegAcc: 0.7560
len(easy_positives): 12591 , len(easy_negatives): 13733
len(hard_positives): 694 , len(hard_negatives): 1228

CUM Mean pos prob: 0.734, Mean neg prob: 0.269
CUM Mean pos logit: 1.502, Mean neg logit: -3.413

Epoch 9, Batch 2200 | Acc: 0.7995 | PosAcc: 0.8425 | NegAcc: 0.7563
len(easy_positives): 12703 , len(easy_negatives): 13848
len(hard_positives): 696 , len(hard_negatives): 1237

CUM Mean pos prob: 0.734, Mean neg prob: 0.269
CUM Mean pos logit: 1.501, Mean neg logit: -3.416

Epoch 9, Batch 2220 | Acc: 0.7995 | PosAcc: 0.8427 | NegAcc: 0.7561
len(easy_positives): 12836 , len(easy_negatives): 13973
len(hard_positives): 706 , len(hard_negatives): 1252

CUM Mean pos prob: 0.735, Mean neg prob: 0.269
CUM Mean pos logit: 1.503, Mean neg logit: -3.417

Epoch 9, Batch 2240 | Acc: 0.7998 | PosAcc: 0.8429 | NegAcc: 0.7563
len(easy_positives): 12955 , len(easy_negatives): 14112
len(hard_positives): 708 , len(hard_negatives): 1264

CUM Mean pos prob: 0.735, Mean neg prob: 0.269
CUM Mean pos logit: 1.504, Mean neg logit: -3.421

Epoch 9, Batch 2260 | Acc: 0.7996 | PosAcc: 0.8425 | NegAcc: 0.7564
len(easy_positives): 13056 , len(easy_negatives): 14238
len(hard_positives): 720 , len(hard_negatives): 1277

CUM Mean pos prob: 0.734, Mean neg prob: 0.269
CUM Mean pos logit: 1.501, Mean neg logit: -3.430

Epoch 9, Batch 2280 | Acc: 0.7993 | PosAcc: 0.8428 | NegAcc: 0.7557
len(easy_positives): 13164 , len(easy_negatives): 14359
len(hard_positives): 722 , len(hard_negatives): 1288

CUM Mean pos prob: 0.734, Mean neg prob: 0.269
CUM Mean pos logit: 1.501, Mean neg logit: -3.423

Epoch 9, Batch 2300 | Acc: 0.7994 | PosAcc: 0.8425 | NegAcc: 0.7561
len(easy_positives): 13263 , len(easy_negatives): 14478
len(hard_positives): 728 , len(hard_negatives): 1300

CUM Mean pos prob: 0.734, Mean neg prob: 0.269
CUM Mean pos logit: 1.499, Mean neg logit: -3.421

Epoch 9, Batch 2320 | Acc: 0.7992 | PosAcc: 0.8426 | NegAcc: 0.7557
len(easy_positives): 13379 , len(easy_negatives): 14600
len(hard_positives): 735 , len(hard_negatives): 1317

CUM Mean pos prob: 0.734, Mean neg prob: 0.270
CUM Mean pos logit: 1.499, Mean neg logit: -3.416

Epoch 9, Batch 2340 | Acc: 0.7994 | PosAcc: 0.8428 | NegAcc: 0.7558
len(easy_positives): 13489 , len(easy_negatives): 14725
len(hard_positives): 740 , len(hard_negatives): 1331

CUM Mean pos prob: 0.734, Mean neg prob: 0.270
CUM Mean pos logit: 1.499, Mean neg logit: -3.411

Epoch 9, Batch 2360 | Acc: 0.7995 | PosAcc: 0.8430 | NegAcc: 0.7558
len(easy_positives): 13610 , len(easy_negatives): 14847
len(hard_positives): 741 , len(hard_negatives): 1341

CUM Mean pos prob: 0.734, Mean neg prob: 0.270
CUM Mean pos logit: 1.501, Mean neg logit: -3.413

Epoch 9, Batch 2380 | Acc: 0.7994 | PosAcc: 0.8433 | NegAcc: 0.7552
len(easy_positives): 13753 , len(easy_negatives): 14961
len(hard_positives): 746 , len(hard_negatives): 1362

CUM Mean pos prob: 0.735, Mean neg prob: 0.270
CUM Mean pos logit: 1.504, Mean neg logit: -3.416

Epoch 9, Batch 2400 | Acc: 0.7993 | PosAcc: 0.8429 | NegAcc: 0.7554
len(easy_positives): 13857 , len(easy_negatives): 15080
len(hard_positives): 754 , len(hard_negatives): 1371

CUM Mean pos prob: 0.734, Mean neg prob: 0.270
CUM Mean pos logit: 1.503, Mean neg logit: -3.407

Epoch 9, Batch 2420 | Acc: 0.7993 | PosAcc: 0.8431 | NegAcc: 0.7553
len(easy_positives): 13984 , len(easy_negatives): 15199
len(hard_positives): 757 , len(hard_negatives): 1385

CUM Mean pos prob: 0.735, Mean neg prob: 0.270
CUM Mean pos logit: 1.504, Mean neg logit: -3.403

Epoch 9, Batch 2440 | Acc: 0.7995 | PosAcc: 0.8430 | NegAcc: 0.7558
len(easy_positives): 14090 , len(easy_negatives): 15350
len(hard_positives): 761 , len(hard_negatives): 1393

CUM Mean pos prob: 0.735, Mean neg prob: 0.270
CUM Mean pos logit: 1.504, Mean neg logit: -3.407

Epoch 9, Batch 2460 | Acc: 0.7997 | PosAcc: 0.8431 | NegAcc: 0.7561
len(easy_positives): 14210 , len(easy_negatives): 15480
len(hard_positives): 768 , len(hard_negatives): 1403

CUM Mean pos prob: 0.735, Mean neg prob: 0.269
CUM Mean pos logit: 1.504, Mean neg logit: -3.409

Epoch 9, Batch 2480 | Acc: 0.7997 | PosAcc: 0.8429 | NegAcc: 0.7563
len(easy_positives): 14326 , len(easy_negatives): 15616
len(hard_positives): 774 , len(hard_negatives): 1411

CUM Mean pos prob: 0.735, Mean neg prob: 0.269
CUM Mean pos logit: 1.505, Mean neg logit: -3.417

Epoch 9, Batch 2500 | Acc: 0.7997 | PosAcc: 0.8426 | NegAcc: 0.7567
len(easy_positives): 14432 , len(easy_negatives): 15757
len(hard_positives): 777 , len(hard_negatives): 1421

CUM Mean pos prob: 0.735, Mean neg prob: 0.269
CUM Mean pos logit: 1.504, Mean neg logit: -3.419

Epoch 9, Batch 2520 | Acc: 0.7997 | PosAcc: 0.8427 | NegAcc: 0.7566
len(easy_positives): 14545 , len(easy_negatives): 15892
len(hard_positives): 785 , len(hard_negatives): 1435

CUM Mean pos prob: 0.735, Mean neg prob: 0.269
CUM Mean pos logit: 1.505, Mean neg logit: -3.421

Epoch 9, Batch 2540 | Acc: 0.7999 | PosAcc: 0.8427 | NegAcc: 0.7570
len(easy_positives): 14663 , len(easy_negatives): 16019
len(hard_positives): 793 , len(hard_negatives): 1447

CUM Mean pos prob: 0.735, Mean neg prob: 0.269
CUM Mean pos logit: 1.505, Mean neg logit: -3.416

Epoch 9, Batch 2560 | Acc: 0.8001 | PosAcc: 0.8426 | NegAcc: 0.7573
len(easy_positives): 14795 , len(easy_negatives): 16148
len(hard_positives): 804 , len(hard_negatives): 1457

CUM Mean pos prob: 0.735, Mean neg prob: 0.269
CUM Mean pos logit: 1.507, Mean neg logit: -3.421

Epoch 9, Batch 2580 | Acc: 0.8000 | PosAcc: 0.8430 | NegAcc: 0.7568
len(easy_positives): 14928 , len(easy_negatives): 16254
len(hard_positives): 808 , len(hard_negatives): 1476

CUM Mean pos prob: 0.735, Mean neg prob: 0.269
CUM Mean pos logit: 1.508, Mean neg logit: -3.416

Epoch 9, Batch 2600 | Acc: 0.8001 | PosAcc: 0.8430 | NegAcc: 0.7570
len(easy_positives): 15053 , len(easy_negatives): 16376
len(hard_positives): 813 , len(hard_negatives): 1485

CUM Mean pos prob: 0.735, Mean neg prob: 0.269
CUM Mean pos logit: 1.509, Mean neg logit: -3.418

Epoch 9, Batch 2620 | Acc: 0.8000 | PosAcc: 0.8431 | NegAcc: 0.7567
len(easy_positives): 15195 , len(easy_negatives): 16484
len(hard_positives): 819 , len(hard_negatives): 1499

CUM Mean pos prob: 0.735, Mean neg prob: 0.269
CUM Mean pos logit: 1.511, Mean neg logit: -3.416

Epoch 9, Batch 2640 | Acc: 0.8000 | PosAcc: 0.8431 | NegAcc: 0.7567
len(easy_positives): 15324 , len(easy_negatives): 16611
len(hard_positives): 825 , len(hard_negatives): 1517

CUM Mean pos prob: 0.735, Mean neg prob: 0.269
CUM Mean pos logit: 1.511, Mean neg logit: -3.415

Epoch 9, Batch 2660 | Acc: 0.8002 | PosAcc: 0.8433 | NegAcc: 0.7568
len(easy_positives): 15439 , len(easy_negatives): 16757
len(hard_positives): 831 , len(hard_negatives): 1530

CUM Mean pos prob: 0.735, Mean neg prob: 0.269
CUM Mean pos logit: 1.511, Mean neg logit: -3.417

Epoch 9, Batch 2680 | Acc: 0.8001 | PosAcc: 0.8432 | NegAcc: 0.7568
len(easy_positives): 15563 , len(easy_negatives): 16885
len(hard_positives): 838 , len(hard_negatives): 1541

CUM Mean pos prob: 0.735, Mean neg prob: 0.269
CUM Mean pos logit: 1.512, Mean neg logit: -3.420

Epoch 9, Batch 2700 | Acc: 0.8002 | PosAcc: 0.8433 | NegAcc: 0.7569
len(easy_positives): 15675 , len(easy_negatives): 17020
len(hard_positives): 845 , len(hard_negatives): 1551

CUM Mean pos prob: 0.735, Mean neg prob: 0.269
CUM Mean pos logit: 1.513, Mean neg logit: -3.426

Epoch 9, Batch 2720 | Acc: 0.8001 | PosAcc: 0.8433 | NegAcc: 0.7567
len(easy_positives): 15766 , len(easy_negatives): 17139
len(hard_positives): 850 , len(hard_negatives): 1560

CUM Mean pos prob: 0.735, Mean neg prob: 0.269
CUM Mean pos logit: 1.511, Mean neg logit: -3.421

Epoch 9, Batch 2740 | Acc: 0.8001 | PosAcc: 0.8431 | NegAcc: 0.7570
len(easy_positives): 15872 , len(easy_negatives): 17276
len(hard_positives): 858 , len(hard_negatives): 1567

CUM Mean pos prob: 0.735, Mean neg prob: 0.269
CUM Mean pos logit: 1.509, Mean neg logit: -3.424

Epoch 9, Batch 2760 | Acc: 0.8000 | PosAcc: 0.8429 | NegAcc: 0.7568
len(easy_positives): 15983 , len(easy_negatives): 17390
len(hard_positives): 862 , len(hard_negatives): 1577

CUM Mean pos prob: 0.735, Mean neg prob: 0.269
CUM Mean pos logit: 1.509, Mean neg logit: -3.419

Epoch 9, Batch 2780 | Acc: 0.8001 | PosAcc: 0.8430 | NegAcc: 0.7570
len(easy_positives): 16090 , len(easy_negatives): 17520
len(hard_positives): 868 , len(hard_negatives): 1586

CUM Mean pos prob: 0.735, Mean neg prob: 0.269
CUM Mean pos logit: 1.511, Mean neg logit: -3.418

Epoch 9, Batch 2800 | Acc: 0.8002 | PosAcc: 0.8427 | NegAcc: 0.7576
len(easy_positives): 16190 , len(easy_negatives): 17685
len(hard_positives): 878 , len(hard_negatives): 1594

CUM Mean pos prob: 0.735, Mean neg prob: 0.268
CUM Mean pos logit: 1.509, Mean neg logit: -3.425

Epoch 9, Batch 2820 | Acc: 0.8002 | PosAcc: 0.8430 | NegAcc: 0.7573
len(easy_positives): 16307 , len(easy_negatives): 17792
len(hard_positives): 883 , len(hard_negatives): 1604

CUM Mean pos prob: 0.735, Mean neg prob: 0.269
CUM Mean pos logit: 1.509, Mean neg logit: -3.419

Epoch 9, Batch 2840 | Acc: 0.8004 | PosAcc: 0.8429 | NegAcc: 0.7578
len(easy_positives): 16431 , len(easy_negatives): 17923
len(hard_positives): 892 , len(hard_negatives): 1613

CUM Mean pos prob: 0.735, Mean neg prob: 0.268
CUM Mean pos logit: 1.509, Mean neg logit: -3.427

Epoch 9, Batch 2860 | Acc: 0.8003 | PosAcc: 0.8428 | NegAcc: 0.7577
len(easy_positives): 16551 , len(easy_negatives): 18046
len(hard_positives): 900 , len(hard_negatives): 1624

CUM Mean pos prob: 0.735, Mean neg prob: 0.268
CUM Mean pos logit: 1.509, Mean neg logit: -3.425

Epoch 9, Batch 2880 | Acc: 0.8005 | PosAcc: 0.8428 | NegAcc: 0.7582
len(easy_positives): 16656 , len(easy_negatives): 18174
len(hard_positives): 908 , len(hard_negatives): 1630

CUM Mean pos prob: 0.735, Mean neg prob: 0.268
CUM Mean pos logit: 1.508, Mean neg logit: -3.420

Epoch 9, Batch 2900 | Acc: 0.8006 | PosAcc: 0.8429 | NegAcc: 0.7583
len(easy_positives): 16768 , len(easy_negatives): 18325
len(hard_positives): 917 , len(hard_negatives): 1642

CUM Mean pos prob: 0.735, Mean neg prob: 0.268
CUM Mean pos logit: 1.508, Mean neg logit: -3.433

Epoch 9, Batch 2920 | Acc: 0.8005 | PosAcc: 0.8429 | NegAcc: 0.7580
len(easy_positives): 16881 , len(easy_negatives): 18453
len(hard_positives): 922 , len(hard_negatives): 1653

CUM Mean pos prob: 0.735, Mean neg prob: 0.268
CUM Mean pos logit: 1.508, Mean neg logit: -3.431

Epoch 9, Batch 2940 | Acc: 0.8005 | PosAcc: 0.8428 | NegAcc: 0.7581
len(easy_positives): 16985 , len(easy_negatives): 18579
len(hard_positives): 928 , len(hard_negatives): 1664

CUM Mean pos prob: 0.735, Mean neg prob: 0.268
CUM Mean pos logit: 1.507, Mean neg logit: -3.428

Epoch 9, Batch 2960 | Acc: 0.8007 | PosAcc: 0.8427 | NegAcc: 0.7587
len(easy_positives): 17088 , len(easy_negatives): 18730
len(hard_positives): 932 , len(hard_negatives): 1671

CUM Mean pos prob: 0.735, Mean neg prob: 0.268
CUM Mean pos logit: 1.506, Mean neg logit: -3.431

Epoch 9, Batch 2980 | Acc: 0.8006 | PosAcc: 0.8426 | NegAcc: 0.7585
len(easy_positives): 17198 , len(easy_negatives): 18849
len(hard_positives): 943 , len(hard_negatives): 1686

CUM Mean pos prob: 0.735, Mean neg prob: 0.268
CUM Mean pos logit: 1.504, Mean neg logit: -3.430

Epoch 9, Batch 3000 | Acc: 0.8005 | PosAcc: 0.8426 | NegAcc: 0.7583
len(easy_positives): 17290 , len(easy_negatives): 18953
len(hard_positives): 947 , len(hard_negatives): 1698

CUM Mean pos prob: 0.735, Mean neg prob: 0.268
CUM Mean pos logit: 1.502, Mean neg logit: -3.423

Epoch 9, Batch 3020 | Acc: 0.8004 | PosAcc: 0.8422 | NegAcc: 0.7585
len(easy_positives): 17374 , len(easy_negatives): 19100
len(hard_positives): 957 , len(hard_negatives): 1704

CUM Mean pos prob: 0.734, Mean neg prob: 0.268
CUM Mean pos logit: 1.500, Mean neg logit: -3.427

Epoch 9, Batch 3040 | Acc: 0.8004 | PosAcc: 0.8421 | NegAcc: 0.7587
len(easy_positives): 17479 , len(easy_negatives): 19253
len(hard_positives): 968 , len(hard_negatives): 1720

CUM Mean pos prob: 0.734, Mean neg prob: 0.268
CUM Mean pos logit: 1.500, Mean neg logit: -3.431

Epoch 9, Batch 3060 | Acc: 0.8005 | PosAcc: 0.8421 | NegAcc: 0.7589
len(easy_positives): 17597 , len(easy_negatives): 19381
len(hard_positives): 971 , len(hard_negatives): 1731

CUM Mean pos prob: 0.734, Mean neg prob: 0.268
CUM Mean pos logit: 1.501, Mean neg logit: -3.430

Epoch 9, Batch 3080 | Acc: 0.8006 | PosAcc: 0.8423 | NegAcc: 0.7589
len(easy_positives): 17726 , len(easy_negatives): 19511
len(hard_positives): 980 , len(hard_negatives): 1746

CUM Mean pos prob: 0.734, Mean neg prob: 0.268
CUM Mean pos logit: 1.502, Mean neg logit: -3.433

Epoch 9, Batch 3100 | Acc: 0.8006 | PosAcc: 0.8425 | NegAcc: 0.7588
len(easy_positives): 17855 , len(easy_negatives): 19626
len(hard_positives): 985 , len(hard_negatives): 1756

CUM Mean pos prob: 0.735, Mean neg prob: 0.268
CUM Mean pos logit: 1.502, Mean neg logit: -3.431

Epoch 9, Batch 3120 | Acc: 0.8007 | PosAcc: 0.8428 | NegAcc: 0.7586
len(easy_positives): 17975 , len(easy_negatives): 19750
len(hard_positives): 991 , len(hard_negatives): 1768

CUM Mean pos prob: 0.735, Mean neg prob: 0.268
CUM Mean pos logit: 1.503, Mean neg logit: -3.431

Epoch 9, Batch 3140 | Acc: 0.8007 | PosAcc: 0.8427 | NegAcc: 0.7587
len(easy_positives): 18071 , len(easy_negatives): 19878
len(hard_positives): 998 , len(hard_negatives): 1776

CUM Mean pos prob: 0.734, Mean neg prob: 0.268
CUM Mean pos logit: 1.501, Mean neg logit: -3.430

Epoch 9, Batch 3160 | Acc: 0.8009 | PosAcc: 0.8428 | NegAcc: 0.7590
len(easy_positives): 18201 , len(easy_negatives): 20001
len(hard_positives): 1009 , len(hard_negatives): 1784

CUM Mean pos prob: 0.735, Mean neg prob: 0.268
CUM Mean pos logit: 1.502, Mean neg logit: -3.437

Epoch 9, Batch 3180 | Acc: 0.8011 | PosAcc: 0.8432 | NegAcc: 0.7589
len(easy_positives): 18352 , len(easy_negatives): 20118
len(hard_positives): 1013 , len(hard_negatives): 1799

CUM Mean pos prob: 0.735, Mean neg prob: 0.268
CUM Mean pos logit: 1.505, Mean neg logit: -3.441

Epoch 9, Batch 3200 | Acc: 0.8012 | PosAcc: 0.8433 | NegAcc: 0.7591
len(easy_positives): 18462 , len(easy_negatives): 20257
len(hard_positives): 1017 , len(hard_negatives): 1809

CUM Mean pos prob: 0.735, Mean neg prob: 0.268
CUM Mean pos logit: 1.504, Mean neg logit: -3.442

Epoch 9, Batch 3220 | Acc: 0.8013 | PosAcc: 0.8431 | NegAcc: 0.7596
len(easy_positives): 18568 , len(easy_negatives): 20408
len(hard_positives): 1022 , len(hard_negatives): 1822

CUM Mean pos prob: 0.735, Mean neg prob: 0.268
CUM Mean pos logit: 1.505, Mean neg logit: -3.445

Epoch 9, Batch 3240 | Acc: 0.8015 | PosAcc: 0.8431 | NegAcc: 0.7600
len(easy_positives): 18687 , len(easy_negatives): 20545
len(hard_positives): 1030 , len(hard_negatives): 1833

CUM Mean pos prob: 0.735, Mean neg prob: 0.267
CUM Mean pos logit: 1.505, Mean neg logit: -3.445

Epoch 9, Batch 3260 | Acc: 0.8016 | PosAcc: 0.8431 | NegAcc: 0.7600
len(easy_positives): 18835 , len(easy_negatives): 20682
len(hard_positives): 1039 , len(hard_negatives): 1842

CUM Mean pos prob: 0.735, Mean neg prob: 0.267
CUM Mean pos logit: 1.508, Mean neg logit: -3.448

Epoch 9, Batch 3280 | Acc: 0.8018 | PosAcc: 0.8435 | NegAcc: 0.7600
len(easy_positives): 18979 , len(easy_negatives): 20806
len(hard_positives): 1045 , len(hard_negatives): 1858

CUM Mean pos prob: 0.735, Mean neg prob: 0.267
CUM Mean pos logit: 1.511, Mean neg logit: -3.447

Epoch 9, Batch 3300 | Acc: 0.8017 | PosAcc: 0.8435 | NegAcc: 0.7599
len(easy_positives): 19105 , len(easy_negatives): 20929
len(hard_positives): 1049 , len(hard_negatives): 1869

CUM Mean pos prob: 0.736, Mean neg prob: 0.267
CUM Mean pos logit: 1.511, Mean neg logit: -3.449

Epoch 9, Batch 3320 | Acc: 0.8017 | PosAcc: 0.8434 | NegAcc: 0.7600
len(easy_positives): 19204 , len(easy_negatives): 21047
len(hard_positives): 1056 , len(hard_negatives): 1882

CUM Mean pos prob: 0.735, Mean neg prob: 0.267
CUM Mean pos logit: 1.510, Mean neg logit: -3.447

Epoch 9, Batch 3340 | Acc: 0.8017 | PosAcc: 0.8434 | NegAcc: 0.7601
len(easy_positives): 19298 , len(easy_negatives): 21168
len(hard_positives): 1059 , len(hard_negatives): 1894

CUM Mean pos prob: 0.735, Mean neg prob: 0.267
CUM Mean pos logit: 1.509, Mean neg logit: -3.445

Epoch 9, Batch 3360 | Acc: 0.8018 | PosAcc: 0.8432 | NegAcc: 0.7604
len(easy_positives): 19407 , len(easy_negatives): 21298
len(hard_positives): 1070 , len(hard_negatives): 1902

CUM Mean pos prob: 0.735, Mean neg prob: 0.267
CUM Mean pos logit: 1.508, Mean neg logit: -3.448

Epoch 9, Batch 3380 | Acc: 0.8018 | PosAcc: 0.8434 | NegAcc: 0.7603
len(easy_positives): 19528 , len(easy_negatives): 21428
len(hard_positives): 1079 , len(hard_negatives): 1914

CUM Mean pos prob: 0.735, Mean neg prob: 0.267
CUM Mean pos logit: 1.509, Mean neg logit: -3.450

Epoch 9, Batch 3400 | Acc: 0.8020 | PosAcc: 0.8434 | NegAcc: 0.7607
len(easy_positives): 19633 , len(easy_negatives): 21571
len(hard_positives): 1082 , len(hard_negatives): 1916

CUM Mean pos prob: 0.735, Mean neg prob: 0.267
CUM Mean pos logit: 1.508, Mean neg logit: -3.454

Epoch 9, Batch 3420 | Acc: 0.8020 | PosAcc: 0.8435 | NegAcc: 0.7606
len(easy_positives): 19774 , len(easy_negatives): 21709
len(hard_positives): 1087 , len(hard_negatives): 1932

CUM Mean pos prob: 0.735, Mean neg prob: 0.267
CUM Mean pos logit: 1.511, Mean neg logit: -3.462

Epoch 9, Batch 3440 | Acc: 0.8021 | PosAcc: 0.8434 | NegAcc: 0.7609
len(easy_positives): 19898 , len(easy_negatives): 21832
len(hard_positives): 1093 , len(hard_negatives): 1941

CUM Mean pos prob: 0.735, Mean neg prob: 0.267
CUM Mean pos logit: 1.511, Mean neg logit: -3.462

Epoch 9, Batch 3460 | Acc: 0.8019 | PosAcc: 0.8431 | NegAcc: 0.7608
len(easy_positives): 20005 , len(easy_negatives): 21952
len(hard_positives): 1105 , len(hard_negatives): 1956

CUM Mean pos prob: 0.735, Mean neg prob: 0.267
CUM Mean pos logit: 1.511, Mean neg logit: -3.460

Epoch 9, Batch 3480 | Acc: 0.8020 | PosAcc: 0.8433 | NegAcc: 0.7608
len(easy_positives): 20115 , len(easy_negatives): 22075
len(hard_positives): 1112 , len(hard_negatives): 1968

CUM Mean pos prob: 0.735, Mean neg prob: 0.267
CUM Mean pos logit: 1.511, Mean neg logit: -3.457

Epoch 9, Batch 3500 | Acc: 0.8022 | PosAcc: 0.8431 | NegAcc: 0.7613
len(easy_positives): 20209 , len(easy_negatives): 22231
len(hard_positives): 1119 , len(hard_negatives): 1974

CUM Mean pos prob: 0.735, Mean neg prob: 0.267
CUM Mean pos logit: 1.510, Mean neg logit: -3.461

Epoch 9, Batch 3520 | Acc: 0.8023 | PosAcc: 0.8433 | NegAcc: 0.7613
len(easy_positives): 20340 , len(easy_negatives): 22361
len(hard_positives): 1124 , len(hard_negatives): 1992

CUM Mean pos prob: 0.735, Mean neg prob: 0.267
CUM Mean pos logit: 1.511, Mean neg logit: -3.464

Epoch 9, Batch 3540 | Acc: 0.8024 | PosAcc: 0.8434 | NegAcc: 0.7614
len(easy_positives): 20477 , len(easy_negatives): 22465
len(hard_positives): 1134 , len(hard_negatives): 1997

CUM Mean pos prob: 0.735, Mean neg prob: 0.267
CUM Mean pos logit: 1.511, Mean neg logit: -3.466

Epoch 9, Batch 3560 | Acc: 0.8025 | PosAcc: 0.8438 | NegAcc: 0.7613
len(easy_positives): 20617 , len(easy_negatives): 22591
len(hard_positives): 1140 , len(hard_negatives): 2012

CUM Mean pos prob: 0.736, Mean neg prob: 0.267
CUM Mean pos logit: 1.513, Mean neg logit: -3.463

Epoch 9, Batch 3580 | Acc: 0.8026 | PosAcc: 0.8436 | NegAcc: 0.7617
len(easy_positives): 20708 , len(easy_negatives): 22742
len(hard_positives): 1151 , len(hard_negatives): 2020

CUM Mean pos prob: 0.735, Mean neg prob: 0.267
CUM Mean pos logit: 1.511, Mean neg logit: -3.466

Epoch 9, Batch 3600 | Acc: 0.8027 | PosAcc: 0.8436 | NegAcc: 0.7618
len(easy_positives): 20845 , len(easy_negatives): 22878
len(hard_positives): 1160 , len(hard_negatives): 2032

CUM Mean pos prob: 0.736, Mean neg prob: 0.266
CUM Mean pos logit: 1.513, Mean neg logit: -3.469

Epoch 9, Batch 3620 | Acc: 0.8026 | PosAcc: 0.8437 | NegAcc: 0.7615
len(easy_positives): 20978 , len(easy_negatives): 22989
len(hard_positives): 1166 , len(hard_negatives): 2055

CUM Mean pos prob: 0.736, Mean neg prob: 0.267
CUM Mean pos logit: 1.514, Mean neg logit: -3.468

Epoch 9, Batch 3640 | Acc: 0.8026 | PosAcc: 0.8436 | NegAcc: 0.7618
len(easy_positives): 21081 , len(easy_negatives): 23125
len(hard_positives): 1171 , len(hard_negatives): 2066

CUM Mean pos prob: 0.736, Mean neg prob: 0.267
CUM Mean pos logit: 1.512, Mean neg logit: -3.468

Epoch 9, Batch 3660 | Acc: 0.8025 | PosAcc: 0.8435 | NegAcc: 0.7617
len(easy_positives): 21210 , len(easy_negatives): 23250
len(hard_positives): 1174 , len(hard_negatives): 2079

CUM Mean pos prob: 0.736, Mean neg prob: 0.267
CUM Mean pos logit: 1.514, Mean neg logit: -3.468

Epoch 9, Batch 3680 | Acc: 0.8025 | PosAcc: 0.8434 | NegAcc: 0.7618
len(easy_positives): 21331 , len(easy_negatives): 23372
len(hard_positives): 1182 , len(hard_negatives): 2087

CUM Mean pos prob: 0.736, Mean neg prob: 0.267
CUM Mean pos logit: 1.514, Mean neg logit: -3.465

Epoch 9, Batch 3700 | Acc: 0.8026 | PosAcc: 0.8432 | NegAcc: 0.7620
len(easy_positives): 21443 , len(easy_negatives): 23506
len(hard_positives): 1188 , len(hard_negatives): 2097

CUM Mean pos prob: 0.736, Mean neg prob: 0.267
CUM Mean pos logit: 1.514, Mean neg logit: -3.470

Epoch 9, Batch 3720 | Acc: 0.8026 | PosAcc: 0.8432 | NegAcc: 0.7621
len(easy_positives): 21552 , len(easy_negatives): 23651
len(hard_positives): 1194 , len(hard_negatives): 2108

CUM Mean pos prob: 0.736, Mean neg prob: 0.266
CUM Mean pos logit: 1.514, Mean neg logit: -3.471

Epoch 9, Batch 3740 | Acc: 0.8027 | PosAcc: 0.8435 | NegAcc: 0.7621
len(easy_positives): 21691 , len(easy_negatives): 23771
len(hard_positives): 1201 , len(hard_negatives): 2122

CUM Mean pos prob: 0.736, Mean neg prob: 0.266
CUM Mean pos logit: 1.515, Mean neg logit: -3.471

Epoch 9, Batch 3760 | Acc: 0.8028 | PosAcc: 0.8434 | NegAcc: 0.7623
len(easy_positives): 21798 , len(easy_negatives): 23929
len(hard_positives): 1213 , len(hard_negatives): 2134

CUM Mean pos prob: 0.736, Mean neg prob: 0.266
CUM Mean pos logit: 1.515, Mean neg logit: -3.476

Epoch 9, Batch 3780 | Acc: 0.8028 | PosAcc: 0.8433 | NegAcc: 0.7623
len(easy_positives): 21902 , len(easy_negatives): 24060
len(hard_positives): 1216 , len(hard_negatives): 2149

CUM Mean pos prob: 0.736, Mean neg prob: 0.266
CUM Mean pos logit: 1.514, Mean neg logit: -3.475

Epoch 9, Batch 3800 | Acc: 0.8028 | PosAcc: 0.8433 | NegAcc: 0.7625
len(easy_positives): 22025 , len(easy_negatives): 24199
len(hard_positives): 1222 , len(hard_negatives): 2158

CUM Mean pos prob: 0.736, Mean neg prob: 0.266
CUM Mean pos logit: 1.514, Mean neg logit: -3.476

Epoch 9, Batch 3820 | Acc: 0.8027 | PosAcc: 0.8431 | NegAcc: 0.7625
len(easy_positives): 22133 , len(easy_negatives): 24339
len(hard_positives): 1229 , len(hard_negatives): 2171

CUM Mean pos prob: 0.736, Mean neg prob: 0.266
CUM Mean pos logit: 1.514, Mean neg logit: -3.480

Epoch 9, Batch 3840 | Acc: 0.8026 | PosAcc: 0.8433 | NegAcc: 0.7621
len(easy_positives): 22276 , len(easy_negatives): 24442
len(hard_positives): 1232 , len(hard_negatives): 2187

CUM Mean pos prob: 0.736, Mean neg prob: 0.266
CUM Mean pos logit: 1.514, Mean neg logit: -3.476

Epoch 9, Batch 3860 | Acc: 0.8028 | PosAcc: 0.8432 | NegAcc: 0.7626
len(easy_positives): 22388 , len(easy_negatives): 24570
len(hard_positives): 1236 , len(hard_negatives): 2193

CUM Mean pos prob: 0.736, Mean neg prob: 0.266
CUM Mean pos logit: 1.514, Mean neg logit: -3.476

Epoch 9, Batch 3880 | Acc: 0.8027 | PosAcc: 0.8431 | NegAcc: 0.7624
len(easy_positives): 22504 , len(easy_negatives): 24699
len(hard_positives): 1243 , len(hard_negatives): 2210

CUM Mean pos prob: 0.736, Mean neg prob: 0.266
CUM Mean pos logit: 1.514, Mean neg logit: -3.478

Epoch 9, Batch 3900 | Acc: 0.8027 | PosAcc: 0.8432 | NegAcc: 0.7623
len(easy_positives): 22621 , len(easy_negatives): 24817
len(hard_positives): 1249 , len(hard_negatives): 2219

CUM Mean pos prob: 0.736, Mean neg prob: 0.266
CUM Mean pos logit: 1.513, Mean neg logit: -3.477

Epoch 9, Batch 3920 | Acc: 0.8026 | PosAcc: 0.8431 | NegAcc: 0.7623
len(easy_positives): 22728 , len(easy_negatives): 24957
len(hard_positives): 1252 , len(hard_negatives): 2227

CUM Mean pos prob: 0.736, Mean neg prob: 0.266
CUM Mean pos logit: 1.513, Mean neg logit: -3.482

Epoch 9, Batch 3940 | Acc: 0.8026 | PosAcc: 0.8431 | NegAcc: 0.7622
len(easy_positives): 22866 , len(easy_negatives): 25078
len(hard_positives): 1264 , len(hard_negatives): 2238

CUM Mean pos prob: 0.736, Mean neg prob: 0.266
CUM Mean pos logit: 1.513, Mean neg logit: -3.481

Epoch 9, Batch 3960 | Acc: 0.8027 | PosAcc: 0.8432 | NegAcc: 0.7623
len(easy_positives): 22988 , len(easy_negatives): 25208
len(hard_positives): 1271 , len(hard_negatives): 2250

CUM Mean pos prob: 0.736, Mean neg prob: 0.266
CUM Mean pos logit: 1.513, Mean neg logit: -3.481

Epoch 9, Batch 3980 | Acc: 0.8028 | PosAcc: 0.8433 | NegAcc: 0.7624
len(easy_positives): 23102 , len(easy_negatives): 25337
len(hard_positives): 1276 , len(hard_negatives): 2260

CUM Mean pos prob: 0.736, Mean neg prob: 0.266
CUM Mean pos logit: 1.513, Mean neg logit: -3.480

Epoch 9, Batch 4000 | Acc: 0.8028 | PosAcc: 0.8434 | NegAcc: 0.7622
len(easy_positives): 23250 , len(easy_negatives): 25446
len(hard_positives): 1285 , len(hard_negatives): 2264

CUM Mean pos prob: 0.736, Mean neg prob: 0.266
CUM Mean pos logit: 1.514, Mean neg logit: -3.480

Epoch 9, Batch 4020 | Acc: 0.8029 | PosAcc: 0.8435 | NegAcc: 0.7624
len(easy_positives): 23375 , len(easy_negatives): 25583
len(hard_positives): 1290 , len(hard_negatives): 2274

CUM Mean pos prob: 0.736, Mean neg prob: 0.266
CUM Mean pos logit: 1.515, Mean neg logit: -3.479

Epoch 9, Batch 4040 | Acc: 0.8029 | PosAcc: 0.8437 | NegAcc: 0.7621
len(easy_positives): 23515 , len(easy_negatives): 25689
len(hard_positives): 1295 , len(hard_negatives): 2294

CUM Mean pos prob: 0.736, Mean neg prob: 0.266
CUM Mean pos logit: 1.516, Mean neg logit: -3.475

Epoch 9, Batch 4060 | Acc: 0.8029 | PosAcc: 0.8436 | NegAcc: 0.7623
len(easy_positives): 23622 , len(easy_negatives): 25815
len(hard_positives): 1302 , len(hard_negatives): 2300

CUM Mean pos prob: 0.736, Mean neg prob: 0.266
CUM Mean pos logit: 1.515, Mean neg logit: -3.475

Epoch 9, Batch 4080 | Acc: 0.8029 | PosAcc: 0.8435 | NegAcc: 0.7623
len(easy_positives): 23751 , len(easy_negatives): 25936
len(hard_positives): 1311 , len(hard_negatives): 2315

CUM Mean pos prob: 0.736, Mean neg prob: 0.266
CUM Mean pos logit: 1.515, Mean neg logit: -3.474

Epoch 9, Batch 4100 | Acc: 0.8030 | PosAcc: 0.8437 | NegAcc: 0.7623
len(easy_positives): 23865 , len(easy_negatives): 26077
len(hard_positives): 1318 , len(hard_negatives): 2327

CUM Mean pos prob: 0.736, Mean neg prob: 0.266
CUM Mean pos logit: 1.515, Mean neg logit: -3.479

Epoch 9, Batch 4120 | Acc: 0.8029 | PosAcc: 0.8435 | NegAcc: 0.7624
len(easy_positives): 23975 , len(easy_negatives): 26214
len(hard_positives): 1326 , len(hard_negatives): 2333

CUM Mean pos prob: 0.736, Mean neg prob: 0.266
CUM Mean pos logit: 1.515, Mean neg logit: -3.480

Epoch 9, Batch 4140 | Acc: 0.8028 | PosAcc: 0.8436 | NegAcc: 0.7622
len(easy_positives): 24091 , len(easy_negatives): 26349
len(hard_positives): 1330 , len(hard_negatives): 2345

CUM Mean pos prob: 0.736, Mean neg prob: 0.266
CUM Mean pos logit: 1.515, Mean neg logit: -3.479

Epoch 9, Batch 4160 | Acc: 0.8028 | PosAcc: 0.8436 | NegAcc: 0.7621
len(easy_positives): 24215 , len(easy_negatives): 26472
len(hard_positives): 1331 , len(hard_negatives): 2353

CUM Mean pos prob: 0.736, Mean neg prob: 0.266
CUM Mean pos logit: 1.515, Mean neg logit: -3.481

Epoch 9, Batch 4180 | Acc: 0.8027 | PosAcc: 0.8433 | NegAcc: 0.7623
len(easy_positives): 24294 , len(easy_negatives): 26612
len(hard_positives): 1344 , len(hard_negatives): 2364

CUM Mean pos prob: 0.736, Mean neg prob: 0.266
CUM Mean pos logit: 1.513, Mean neg logit: -3.481

Epoch 9, Batch 4200 | Acc: 0.8026 | PosAcc: 0.8435 | NegAcc: 0.7618
len(easy_positives): 24407 , len(easy_negatives): 26716
len(hard_positives): 1346 , len(hard_negatives): 2377

CUM Mean pos prob: 0.736, Mean neg prob: 0.266
CUM Mean pos logit: 1.513, Mean neg logit: -3.479

Epoch 9, Batch 4220 | Acc: 0.8026 | PosAcc: 0.8435 | NegAcc: 0.7616
len(easy_positives): 24523 , len(easy_negatives): 26835
len(hard_positives): 1349 , len(hard_negatives): 2394

CUM Mean pos prob: 0.736, Mean neg prob: 0.267
CUM Mean pos logit: 1.512, Mean neg logit: -3.479

Epoch 9, Batch 4240 | Acc: 0.8026 | PosAcc: 0.8434 | NegAcc: 0.7618
len(easy_positives): 24630 , len(easy_negatives): 26973
len(hard_positives): 1353 , len(hard_negatives): 2406

CUM Mean pos prob: 0.736, Mean neg prob: 0.266
CUM Mean pos logit: 1.511, Mean neg logit: -3.478

Epoch 9, Batch 4260 | Acc: 0.8025 | PosAcc: 0.8434 | NegAcc: 0.7617
len(easy_positives): 24757 , len(easy_negatives): 27097
len(hard_positives): 1358 , len(hard_negatives): 2419

CUM Mean pos prob: 0.736, Mean neg prob: 0.267
CUM Mean pos logit: 1.512, Mean neg logit: -3.481

Epoch 9, Batch 4280 | Acc: 0.8026 | PosAcc: 0.8436 | NegAcc: 0.7617
len(easy_positives): 24866 , len(easy_negatives): 27234
len(hard_positives): 1361 , len(hard_negatives): 2425

CUM Mean pos prob: 0.736, Mean neg prob: 0.266
CUM Mean pos logit: 1.511, Mean neg logit: -3.485

Epoch 9, Batch 4300 | Acc: 0.8026 | PosAcc: 0.8435 | NegAcc: 0.7617
len(easy_positives): 25005 , len(easy_negatives): 27356
len(hard_positives): 1369 , len(hard_negatives): 2440

CUM Mean pos prob: 0.736, Mean neg prob: 0.266
CUM Mean pos logit: 1.513, Mean neg logit: -3.484

Epoch 9, Batch 4320 | Acc: 0.8026 | PosAcc: 0.8435 | NegAcc: 0.7616
len(easy_positives): 25144 , len(easy_negatives): 27477
len(hard_positives): 1374 , len(hard_negatives): 2454

CUM Mean pos prob: 0.736, Mean neg prob: 0.266
CUM Mean pos logit: 1.515, Mean neg logit: -3.483

Epoch 9, Batch 4340 | Acc: 0.8025 | PosAcc: 0.8436 | NegAcc: 0.7615
len(easy_positives): 25269 , len(easy_negatives): 27599
len(hard_positives): 1383 , len(hard_negatives): 2468

CUM Mean pos prob: 0.736, Mean neg prob: 0.267
CUM Mean pos logit: 1.515, Mean neg logit: -3.486

Epoch 9, Batch 4360 | Acc: 0.8026 | PosAcc: 0.8437 | NegAcc: 0.7616
len(easy_positives): 25406 , len(easy_negatives): 27720
len(hard_positives): 1391 , len(hard_negatives): 2478

CUM Mean pos prob: 0.736, Mean neg prob: 0.266
CUM Mean pos logit: 1.515, Mean neg logit: -3.489

Epoch 9, Batch 4380 | Acc: 0.8026 | PosAcc: 0.8439 | NegAcc: 0.7614
len(easy_positives): 25533 , len(easy_negatives): 27827
len(hard_positives): 1398 , len(hard_negatives): 2489

CUM Mean pos prob: 0.736, Mean neg prob: 0.267
CUM Mean pos logit: 1.515, Mean neg logit: -3.488

Epoch 9, Batch 4400 | Acc: 0.8028 | PosAcc: 0.8441 | NegAcc: 0.7614
len(easy_positives): 25667 , len(easy_negatives): 27954
len(hard_positives): 1405 , len(hard_negatives): 2500

CUM Mean pos prob: 0.736, Mean neg prob: 0.267
CUM Mean pos logit: 1.516, Mean neg logit: -3.490

Epoch 9, Batch 4420 | Acc: 0.8028 | PosAcc: 0.8440 | NegAcc: 0.7615
len(easy_positives): 25789 , len(easy_negatives): 28079
len(hard_positives): 1417 , len(hard_negatives): 2515

CUM Mean pos prob: 0.736, Mean neg prob: 0.267
CUM Mean pos logit: 1.516, Mean neg logit: -3.493

Epoch 9, Batch 4440 | Acc: 0.8027 | PosAcc: 0.8440 | NegAcc: 0.7614
len(easy_positives): 25902 , len(easy_negatives): 28202
len(hard_positives): 1423 , len(hard_negatives): 2522

CUM Mean pos prob: 0.736, Mean neg prob: 0.267
CUM Mean pos logit: 1.515, Mean neg logit: -3.492

Epoch 9, Batch 4460 | Acc: 0.8028 | PosAcc: 0.8439 | NegAcc: 0.7616
len(easy_positives): 26001 , len(easy_negatives): 28341
len(hard_positives): 1432 , len(hard_negatives): 2530

CUM Mean pos prob: 0.736, Mean neg prob: 0.266
CUM Mean pos logit: 1.515, Mean neg logit: -3.496

Epoch 9, Batch 4480 | Acc: 0.8027 | PosAcc: 0.8438 | NegAcc: 0.7616
len(easy_positives): 26136 , len(easy_negatives): 28477
len(hard_positives): 1438 , len(hard_negatives): 2544

CUM Mean pos prob: 0.736, Mean neg prob: 0.266
CUM Mean pos logit: 1.516, Mean neg logit: -3.497

Epoch 9, Batch 4500 | Acc: 0.8027 | PosAcc: 0.8438 | NegAcc: 0.7616
len(easy_positives): 26247 , len(easy_negatives): 28610
len(hard_positives): 1442 , len(hard_negatives): 2554

CUM Mean pos prob: 0.736, Mean neg prob: 0.266
CUM Mean pos logit: 1.516, Mean neg logit: -3.500

Epoch 9, Batch 4520 | Acc: 0.8027 | PosAcc: 0.8438 | NegAcc: 0.7616
len(easy_positives): 26368 , len(easy_negatives): 28741
len(hard_positives): 1447 , len(hard_negatives): 2569

CUM Mean pos prob: 0.736, Mean neg prob: 0.266
CUM Mean pos logit: 1.515, Mean neg logit: -3.502

Epoch 9, Batch 4540 | Acc: 0.8027 | PosAcc: 0.8439 | NegAcc: 0.7614
len(easy_positives): 26493 , len(easy_negatives): 28855
len(hard_positives): 1450 , len(hard_negatives): 2582

CUM Mean pos prob: 0.736, Mean neg prob: 0.267
CUM Mean pos logit: 1.515, Mean neg logit: -3.499

Epoch 9, Batch 4560 | Acc: 0.8027 | PosAcc: 0.8439 | NegAcc: 0.7614
len(easy_positives): 26615 , len(easy_negatives): 28984
len(hard_positives): 1457 , len(hard_negatives): 2591

CUM Mean pos prob: 0.736, Mean neg prob: 0.266
CUM Mean pos logit: 1.516, Mean neg logit: -3.505

Epoch 9, Batch 4580 | Acc: 0.8027 | PosAcc: 0.8441 | NegAcc: 0.7612
len(easy_positives): 26730 , len(easy_negatives): 29096
len(hard_positives): 1459 , len(hard_negatives): 2610

CUM Mean pos prob: 0.736, Mean neg prob: 0.267
CUM Mean pos logit: 1.515, Mean neg logit: -3.503

Epoch 9, Batch 4600 | Acc: 0.8028 | PosAcc: 0.8443 | NegAcc: 0.7612
len(easy_positives): 26863 , len(easy_negatives): 29227
len(hard_positives): 1462 , len(hard_negatives): 2624

CUM Mean pos prob: 0.736, Mean neg prob: 0.267
CUM Mean pos logit: 1.516, Mean neg logit: -3.504

Epoch 9, Batch 4620 | Acc: 0.8029 | PosAcc: 0.8443 | NegAcc: 0.7614
len(easy_positives): 26959 , len(easy_negatives): 29370
len(hard_positives): 1470 , len(hard_negatives): 2634

CUM Mean pos prob: 0.736, Mean neg prob: 0.266
CUM Mean pos logit: 1.515, Mean neg logit: -3.506

Epoch 9, Batch 4640 | Acc: 0.8031 | PosAcc: 0.8445 | NegAcc: 0.7616
len(easy_positives): 27093 , len(easy_negatives): 29508
len(hard_positives): 1476 , len(hard_negatives): 2649

CUM Mean pos prob: 0.737, Mean neg prob: 0.266
CUM Mean pos logit: 1.517, Mean neg logit: -3.513

Epoch 9, Batch 4660 | Acc: 0.8031 | PosAcc: 0.8444 | NegAcc: 0.7617
len(easy_positives): 27217 , len(easy_negatives): 29650
len(hard_positives): 1488 , len(hard_negatives): 2657

CUM Mean pos prob: 0.737, Mean neg prob: 0.266
CUM Mean pos logit: 1.517, Mean neg logit: -3.521

Epoch 9, Batch 4680 | Acc: 0.8031 | PosAcc: 0.8445 | NegAcc: 0.7617
len(easy_positives): 27340 , len(easy_negatives): 29775
len(hard_positives): 1489 , len(hard_negatives): 2673

CUM Mean pos prob: 0.737, Mean neg prob: 0.266
CUM Mean pos logit: 1.518, Mean neg logit: -3.518

Epoch 9, Batch 4700 | Acc: 0.8031 | PosAcc: 0.8444 | NegAcc: 0.7618
len(easy_positives): 27458 , len(easy_negatives): 29905
len(hard_positives): 1496 , len(hard_negatives): 2682

CUM Mean pos prob: 0.737, Mean neg prob: 0.266
CUM Mean pos logit: 1.518, Mean neg logit: -3.516

Epoch 9, Batch 4720 | Acc: 0.8032 | PosAcc: 0.8444 | NegAcc: 0.7620
len(easy_positives): 27594 , len(easy_negatives): 30049
len(hard_positives): 1498 , len(hard_negatives): 2687

CUM Mean pos prob: 0.737, Mean neg prob: 0.266
CUM Mean pos logit: 1.519, Mean neg logit: -3.523

Epoch 9, Batch 4740 | Acc: 0.8032 | PosAcc: 0.8443 | NegAcc: 0.7621
len(easy_positives): 27729 , len(easy_negatives): 30182
len(hard_positives): 1508 , len(hard_negatives): 2706

CUM Mean pos prob: 0.737, Mean neg prob: 0.266
CUM Mean pos logit: 1.520, Mean neg logit: -3.526

Epoch 9, Batch 4760 | Acc: 0.8033 | PosAcc: 0.8442 | NegAcc: 0.7623
len(easy_positives): 27832 , len(easy_negatives): 30330
len(hard_positives): 1516 , len(hard_negatives): 2711

CUM Mean pos prob: 0.737, Mean neg prob: 0.266
CUM Mean pos logit: 1.519, Mean neg logit: -3.525

Epoch 9, Batch 4780 | Acc: 0.8033 | PosAcc: 0.8443 | NegAcc: 0.7624
len(easy_positives): 27985 , len(easy_negatives): 30454
len(hard_positives): 1525 , len(hard_negatives): 2723

CUM Mean pos prob: 0.737, Mean neg prob: 0.266
CUM Mean pos logit: 1.521, Mean neg logit: -3.526

Epoch 9, Batch 4800 | Acc: 0.8033 | PosAcc: 0.8442 | NegAcc: 0.7624
len(easy_positives): 28116 , len(easy_negatives): 30576
len(hard_positives): 1530 , len(hard_negatives): 2728

CUM Mean pos prob: 0.737, Mean neg prob: 0.266
CUM Mean pos logit: 1.521, Mean neg logit: -3.528

Epoch 9, Batch 4820 | Acc: 0.8033 | PosAcc: 0.8443 | NegAcc: 0.7622
len(easy_positives): 28232 , len(easy_negatives): 30697
len(hard_positives): 1534 , len(hard_negatives): 2737

CUM Mean pos prob: 0.737, Mean neg prob: 0.266
CUM Mean pos logit: 1.521, Mean neg logit: -3.528

Epoch 9, Batch 4840 | Acc: 0.8032 | PosAcc: 0.8443 | NegAcc: 0.7622
len(easy_positives): 28342 , len(easy_negatives): 30824
len(hard_positives): 1539 , len(hard_negatives): 2744

CUM Mean pos prob: 0.737, Mean neg prob: 0.266
CUM Mean pos logit: 1.521, Mean neg logit: -3.529

Epoch 9, Batch 4860 | Acc: 0.8033 | PosAcc: 0.8443 | NegAcc: 0.7624
len(easy_positives): 28470 , len(easy_negatives): 30966
len(hard_positives): 1546 , len(hard_negatives): 2755

CUM Mean pos prob: 0.737, Mean neg prob: 0.266
CUM Mean pos logit: 1.522, Mean neg logit: -3.534

Epoch 9, Batch 4880 | Acc: 0.8033 | PosAcc: 0.8444 | NegAcc: 0.7623
len(easy_positives): 28598 , len(easy_negatives): 31087
len(hard_positives): 1560 , len(hard_negatives): 2767

CUM Mean pos prob: 0.737, Mean neg prob: 0.266
CUM Mean pos logit: 1.522, Mean neg logit: -3.538

Epoch 9, Batch 4900 | Acc: 0.8033 | PosAcc: 0.8444 | NegAcc: 0.7622
len(easy_positives): 28714 , len(easy_negatives): 31200
len(hard_positives): 1563 , len(hard_negatives): 2782

CUM Mean pos prob: 0.737, Mean neg prob: 0.266
CUM Mean pos logit: 1.522, Mean neg logit: -3.535

Epoch 9, Batch 4920 | Acc: 0.8033 | PosAcc: 0.8442 | NegAcc: 0.7624
len(easy_positives): 28799 , len(easy_negatives): 31340
len(hard_positives): 1567 , len(hard_negatives): 2792

CUM Mean pos prob: 0.737, Mean neg prob: 0.266
CUM Mean pos logit: 1.520, Mean neg logit: -3.534

	train_accuracy: 0.8032505910165485
	pos train_accuracy: 0.844241810199257
	neg train_accuracy: 0.76225937183384
Epoch 9, Batch 20 | Val Acc: 0.8016 | Val PosAcc: 0.8360 | Val NegAcc: 0.7690
len(easy_positives): 157 , len(easy_negatives): 186
len(hard_positives): 9 , len(hard_negatives): 12
CUM Mean pos prob: 0.741, Mean neg prob: 0.245
CUM Mean pos logit: 1.590, Mean neg logit: -4.383

Epoch 9, Batch 40 | Val Acc: 0.7953 | Val PosAcc: 0.8328 | Val NegAcc: 0.7578
len(easy_positives): 326 , len(easy_negatives): 339
len(hard_positives): 21 , len(hard_negatives): 33
CUM Mean pos prob: 0.739, Mean neg prob: 0.264
CUM Mean pos logit: 1.598, Mean neg logit: -4.129

Epoch 9, Batch 60 | Val Acc: 0.7974 | Val PosAcc: 0.8225 | Val NegAcc: 0.7723
len(easy_positives): 479 , len(easy_negatives): 504
len(hard_positives): 33 , len(hard_negatives): 51
CUM Mean pos prob: 0.733, Mean neg prob: 0.262
CUM Mean pos logit: 1.558, Mean neg logit: -3.986

Epoch 9, Batch 80 | Val Acc: 0.7953 | Val PosAcc: 0.8240 | Val NegAcc: 0.7669
len(easy_positives): 628 , len(easy_negatives): 676
len(hard_positives): 36 , len(hard_negatives): 69
CUM Mean pos prob: 0.732, Mean neg prob: 0.262
CUM Mean pos logit: 1.543, Mean neg logit: -3.911

Epoch 9, Batch 100 | Val Acc: 0.8013 | Val PosAcc: 0.8293 | Val NegAcc: 0.7730
len(easy_positives): 793 , len(easy_negatives): 852
len(hard_positives): 50 , len(hard_negatives): 84
CUM Mean pos prob: 0.733, Mean neg prob: 0.257
CUM Mean pos logit: 1.558, Mean neg logit: -3.956

Epoch 9, Batch 120 | Val Acc: 0.8060 | Val PosAcc: 0.8349 | Val NegAcc: 0.7766
len(easy_positives): 967 , len(easy_negatives): 1026
len(hard_positives): 57 , len(hard_negatives): 95
CUM Mean pos prob: 0.736, Mean neg prob: 0.254
CUM Mean pos logit: 1.566, Mean neg logit: -4.020

Epoch 9, Batch 140 | Val Acc: 0.8036 | Val PosAcc: 0.8327 | Val NegAcc: 0.7741
len(easy_positives): 1142 , len(easy_negatives): 1205
len(hard_positives): 69 , len(hard_negatives): 110
CUM Mean pos prob: 0.737, Mean neg prob: 0.254
CUM Mean pos logit: 1.566, Mean neg logit: -4.045

Epoch 9, Batch 160 | Val Acc: 0.8043 | Val PosAcc: 0.8337 | Val NegAcc: 0.7748
len(easy_positives): 1294 , len(easy_negatives): 1393
len(hard_positives): 76 , len(hard_negatives): 124
CUM Mean pos prob: 0.737, Mean neg prob: 0.254
CUM Mean pos logit: 1.559, Mean neg logit: -3.947

Epoch 9, Batch 180 | Val Acc: 0.8012 | Val PosAcc: 0.8330 | Val NegAcc: 0.7695
len(easy_positives): 1445 , len(easy_negatives): 1564
len(hard_positives): 89 , len(hard_negatives): 145
CUM Mean pos prob: 0.737, Mean neg prob: 0.258
CUM Mean pos logit: 1.563, Mean neg logit: -3.883

Epoch 9, Batch 200 | Val Acc: 0.8005 | Val PosAcc: 0.8343 | Val NegAcc: 0.7666
len(easy_positives): 1619 , len(easy_negatives): 1727
len(hard_positives): 96 , len(hard_negatives): 165
CUM Mean pos prob: 0.738, Mean neg prob: 0.260
CUM Mean pos logit: 1.567, Mean neg logit: -3.864

Epoch 9, Batch 220 | Val Acc: 0.7991 | Val PosAcc: 0.8340 | Val NegAcc: 0.7645
len(easy_positives): 1770 , len(easy_negatives): 1899
len(hard_positives): 103 , len(hard_negatives): 183
CUM Mean pos prob: 0.738, Mean neg prob: 0.261
CUM Mean pos logit: 1.563, Mean neg logit: -3.863

Epoch 9, Batch 240 | Val Acc: 0.7997 | Val PosAcc: 0.8320 | Val NegAcc: 0.7675
len(easy_positives): 1938 , len(easy_negatives): 2071
len(hard_positives): 111 , len(hard_negatives): 193
CUM Mean pos prob: 0.737, Mean neg prob: 0.259
CUM Mean pos logit: 1.564, Mean neg logit: -3.889

Epoch 9, Batch 260 | Val Acc: 0.8008 | Val PosAcc: 0.8323 | Val NegAcc: 0.7695
len(easy_positives): 2082 , len(easy_negatives): 2250
len(hard_positives): 116 , len(hard_negatives): 208
CUM Mean pos prob: 0.737, Mean neg prob: 0.259
CUM Mean pos logit: 1.560, Mean neg logit: -3.894

Epoch 9, Batch 280 | Val Acc: 0.8011 | Val PosAcc: 0.8343 | Val NegAcc: 0.7680
len(easy_positives): 2237 , len(easy_negatives): 2419
len(hard_positives): 125 , len(hard_negatives): 225
CUM Mean pos prob: 0.737, Mean neg prob: 0.259
CUM Mean pos logit: 1.554, Mean neg logit: -3.897

Epoch 9, Batch 300 | Val Acc: 0.8021 | Val PosAcc: 0.8346 | Val NegAcc: 0.7696
len(easy_positives): 2405 , len(easy_negatives): 2581
len(hard_positives): 135 , len(hard_negatives): 237
CUM Mean pos prob: 0.737, Mean neg prob: 0.259
CUM Mean pos logit: 1.553, Mean neg logit: -3.858

Epoch 9, Batch 320 | Val Acc: 0.8025 | Val PosAcc: 0.8340 | Val NegAcc: 0.7712
len(easy_positives): 2553 , len(easy_negatives): 2757
len(hard_positives): 144 , len(hard_negatives): 249
CUM Mean pos prob: 0.736, Mean neg prob: 0.259
CUM Mean pos logit: 1.549, Mean neg logit: -3.839

Epoch 9, Batch 340 | Val Acc: 0.8046 | Val PosAcc: 0.8355 | Val NegAcc: 0.7736
len(easy_positives): 2720 , len(easy_negatives): 2938
len(hard_positives): 155 , len(hard_negatives): 261
CUM Mean pos prob: 0.737, Mean neg prob: 0.257
CUM Mean pos logit: 1.549, Mean neg logit: -3.856

Epoch 9, Batch 360 | Val Acc: 0.8067 | Val PosAcc: 0.8372 | Val NegAcc: 0.7762
len(easy_positives): 2889 , len(easy_negatives): 3141
len(hard_positives): 160 , len(hard_negatives): 277
CUM Mean pos prob: 0.738, Mean neg prob: 0.255
CUM Mean pos logit: 1.557, Mean neg logit: -3.882

Epoch 9, Batch 380 | Val Acc: 0.8056 | Val PosAcc: 0.8370 | Val NegAcc: 0.7744
len(easy_positives): 3026 , len(easy_negatives): 3332
len(hard_positives): 171 , len(hard_negatives): 295
CUM Mean pos prob: 0.738, Mean neg prob: 0.255
CUM Mean pos logit: 1.553, Mean neg logit: -3.884

Epoch 9, Batch 400 | Val Acc: 0.8055 | Val PosAcc: 0.8360 | Val NegAcc: 0.7751
len(easy_positives): 3184 , len(easy_negatives): 3505
len(hard_positives): 182 , len(hard_negatives): 307
CUM Mean pos prob: 0.737, Mean neg prob: 0.255
CUM Mean pos logit: 1.552, Mean neg logit: -3.913

Epoch 9, Batch 420 | Val Acc: 0.8063 | Val PosAcc: 0.8360 | Val NegAcc: 0.7768
len(easy_positives): 3341 , len(easy_negatives): 3672
len(hard_positives): 191 , len(hard_negatives): 316
CUM Mean pos prob: 0.737, Mean neg prob: 0.254
CUM Mean pos logit: 1.558, Mean neg logit: -3.921

Epoch 9, Batch 440 | Val Acc: 0.8077 | Val PosAcc: 0.8377 | Val NegAcc: 0.7779
len(easy_positives): 3500 , len(easy_negatives): 3854
len(hard_positives): 199 , len(hard_negatives): 332
CUM Mean pos prob: 0.738, Mean neg prob: 0.254
CUM Mean pos logit: 1.562, Mean neg logit: -3.930

Epoch 9, Batch 460 | Val Acc: 0.8082 | Val PosAcc: 0.8379 | Val NegAcc: 0.7787
len(easy_positives): 3663 , len(easy_negatives): 4031
len(hard_positives): 208 , len(hard_negatives): 343
CUM Mean pos prob: 0.738, Mean neg prob: 0.253
CUM Mean pos logit: 1.565, Mean neg logit: -3.934

Epoch 9, Batch 480 | Val Acc: 0.8074 | Val PosAcc: 0.8378 | Val NegAcc: 0.7771
len(easy_positives): 3834 , len(easy_negatives): 4199
len(hard_positives): 217 , len(hard_negatives): 365
CUM Mean pos prob: 0.739, Mean neg prob: 0.254
CUM Mean pos logit: 1.571, Mean neg logit: -3.916

Epoch 9, Batch 500 | Val Acc: 0.8079 | Val PosAcc: 0.8379 | Val NegAcc: 0.7783
len(easy_positives): 3980 , len(easy_negatives): 4394
len(hard_positives): 227 , len(hard_negatives): 376
CUM Mean pos prob: 0.739, Mean neg prob: 0.253
CUM Mean pos logit: 1.568, Mean neg logit: -3.916

Epoch 9, Batch 520 | Val Acc: 0.8067 | Val PosAcc: 0.8358 | Val NegAcc: 0.7780
len(easy_positives): 4124 , len(easy_negatives): 4567
len(hard_positives): 239 , len(hard_negatives): 397
CUM Mean pos prob: 0.738, Mean neg prob: 0.254
CUM Mean pos logit: 1.563, Mean neg logit: -3.904

Epoch 9, Batch 540 | Val Acc: 0.8065 | Val PosAcc: 0.8353 | Val NegAcc: 0.7781
len(easy_positives): 4286 , len(easy_negatives): 4738
len(hard_positives): 249 , len(hard_negatives): 413
CUM Mean pos prob: 0.737, Mean neg prob: 0.254
CUM Mean pos logit: 1.562, Mean neg logit: -3.909

Epoch 9, Batch 560 | Val Acc: 0.8063 | Val PosAcc: 0.8345 | Val NegAcc: 0.7786
len(easy_positives): 4420 , len(easy_negatives): 4940
len(hard_positives): 255 , len(hard_negatives): 427
CUM Mean pos prob: 0.737, Mean neg prob: 0.253
CUM Mean pos logit: 1.557, Mean neg logit: -3.918

Epoch 9, Batch 580 | Val Acc: 0.8061 | Val PosAcc: 0.8344 | Val NegAcc: 0.7782
len(easy_positives): 4580 , len(easy_negatives): 5112
len(hard_positives): 263 , len(hard_negatives): 442
CUM Mean pos prob: 0.737, Mean neg prob: 0.253
CUM Mean pos logit: 1.557, Mean neg logit: -3.916

Epoch 9, Batch 600 | Val Acc: 0.8064 | Val PosAcc: 0.8346 | Val NegAcc: 0.7785
len(easy_positives): 4740 , len(easy_negatives): 5293
len(hard_positives): 274 , len(hard_negatives): 454
CUM Mean pos prob: 0.737, Mean neg prob: 0.253
CUM Mean pos logit: 1.553, Mean neg logit: -3.941

Epoch 9, Batch 620 | Val Acc: 0.8059 | Val PosAcc: 0.8348 | Val NegAcc: 0.7775
len(easy_positives): 4897 , len(easy_negatives): 5461
len(hard_positives): 281 , len(hard_negatives): 469
CUM Mean pos prob: 0.737, Mean neg prob: 0.253
CUM Mean pos logit: 1.555, Mean neg logit: -3.948

Epoch 9, Batch 640 | Val Acc: 0.8061 | Val PosAcc: 0.8349 | Val NegAcc: 0.7776
len(easy_positives): 5060 , len(easy_negatives): 5646
len(hard_positives): 292 , len(hard_negatives): 482
CUM Mean pos prob: 0.737, Mean neg prob: 0.253
CUM Mean pos logit: 1.554, Mean neg logit: -3.939

Epoch 9, Batch 660 | Val Acc: 0.8055 | Val PosAcc: 0.8346 | Val NegAcc: 0.7769
len(easy_positives): 5221 , len(easy_negatives): 5814
len(hard_positives): 302 , len(hard_negatives): 503
CUM Mean pos prob: 0.736, Mean neg prob: 0.253
CUM Mean pos logit: 1.553, Mean neg logit: -3.931

Epoch 9, Batch 680 | Val Acc: 0.8057 | Val PosAcc: 0.8350 | Val NegAcc: 0.7768
len(easy_positives): 5382 , len(easy_negatives): 5975
len(hard_positives): 315 , len(hard_negatives): 526
CUM Mean pos prob: 0.736, Mean neg prob: 0.254
CUM Mean pos logit: 1.554, Mean neg logit: -3.934

Epoch 9, Batch 700 | Val Acc: 0.8055 | Val PosAcc: 0.8353 | Val NegAcc: 0.7760
len(easy_positives): 5548 , len(easy_negatives): 6145
len(hard_positives): 324 , len(hard_negatives): 542
CUM Mean pos prob: 0.736, Mean neg prob: 0.254
CUM Mean pos logit: 1.552, Mean neg logit: -3.925

Epoch 9, Batch 720 | Val Acc: 0.8046 | Val PosAcc: 0.8353 | Val NegAcc: 0.7741
len(easy_positives): 5711 , len(easy_negatives): 6306
len(hard_positives): 329 , len(hard_negatives): 556
CUM Mean pos prob: 0.737, Mean neg prob: 0.255
CUM Mean pos logit: 1.552, Mean neg logit: -3.915

Epoch 9, Batch 740 | Val Acc: 0.8046 | Val PosAcc: 0.8354 | Val NegAcc: 0.7739
len(easy_positives): 5873 , len(easy_negatives): 6480
len(hard_positives): 342 , len(hard_negatives): 565
CUM Mean pos prob: 0.737, Mean neg prob: 0.255
CUM Mean pos logit: 1.553, Mean neg logit: -3.901

Epoch 9, Batch 760 | Val Acc: 0.8040 | Val PosAcc: 0.8344 | Val NegAcc: 0.7738
len(easy_positives): 6018 , len(easy_negatives): 6657
len(hard_positives): 355 , len(hard_negatives): 576
CUM Mean pos prob: 0.736, Mean neg prob: 0.255
CUM Mean pos logit: 1.547, Mean neg logit: -3.902

Epoch 9, Batch 780 | Val Acc: 0.8036 | Val PosAcc: 0.8340 | Val NegAcc: 0.7734
len(easy_positives): 6186 , len(easy_negatives): 6829
len(hard_positives): 369 , len(hard_negatives): 592
CUM Mean pos prob: 0.736, Mean neg prob: 0.255
CUM Mean pos logit: 1.550, Mean neg logit: -3.897

Epoch 9, Batch 800 | Val Acc: 0.8036 | Val PosAcc: 0.8340 | Val NegAcc: 0.7732
len(easy_positives): 6348 , len(easy_negatives): 7013
len(hard_positives): 381 , len(hard_negatives): 608
CUM Mean pos prob: 0.736, Mean neg prob: 0.255
CUM Mean pos logit: 1.549, Mean neg logit: -3.895

Epoch 9, Batch 820 | Val Acc: 0.8037 | Val PosAcc: 0.8344 | Val NegAcc: 0.7731
len(easy_positives): 6510 , len(easy_negatives): 7163
len(hard_positives): 389 , len(hard_negatives): 623
CUM Mean pos prob: 0.736, Mean neg prob: 0.256
CUM Mean pos logit: 1.548, Mean neg logit: -3.888

Epoch 9, Batch 840 | Val Acc: 0.8035 | Val PosAcc: 0.8340 | Val NegAcc: 0.7730
len(easy_positives): 6652 , len(easy_negatives): 7346
len(hard_positives): 403 , len(hard_negatives): 638
CUM Mean pos prob: 0.735, Mean neg prob: 0.255
CUM Mean pos logit: 1.545, Mean neg logit: -3.888

Epoch 9, Batch 860 | Val Acc: 0.8032 | Val PosAcc: 0.8343 | Val NegAcc: 0.7722
len(easy_positives): 6819 , len(easy_negatives): 7508
len(hard_positives): 412 , len(hard_negatives): 658
CUM Mean pos prob: 0.735, Mean neg prob: 0.256
CUM Mean pos logit: 1.545, Mean neg logit: -3.885

Epoch 9, Batch 880 | Val Acc: 0.8028 | Val PosAcc: 0.8340 | Val NegAcc: 0.7716
len(easy_positives): 6967 , len(easy_negatives): 7669
len(hard_positives): 426 , len(hard_negatives): 679
CUM Mean pos prob: 0.735, Mean neg prob: 0.256
CUM Mean pos logit: 1.543, Mean neg logit: -3.881

Epoch 9, Batch 900 | Val Acc: 0.8025 | Val PosAcc: 0.8333 | Val NegAcc: 0.7716
len(easy_positives): 7111 , len(easy_negatives): 7844
len(hard_positives): 440 , len(hard_negatives): 697
CUM Mean pos prob: 0.735, Mean neg prob: 0.256
CUM Mean pos logit: 1.539, Mean neg logit: -3.889

Epoch 9, Batch 920 | Val Acc: 0.8020 | Val PosAcc: 0.8326 | Val NegAcc: 0.7713
len(easy_positives): 7266 , len(easy_negatives): 8017
len(hard_positives): 455 , len(hard_negatives): 714
CUM Mean pos prob: 0.734, Mean neg prob: 0.257
CUM Mean pos logit: 1.539, Mean neg logit: -3.874

Epoch 9, Batch 940 | Val Acc: 0.8022 | Val PosAcc: 0.8323 | Val NegAcc: 0.7721
len(easy_positives): 7404 , len(easy_negatives): 8212
len(hard_positives): 466 , len(hard_negatives): 726
CUM Mean pos prob: 0.734, Mean neg prob: 0.256
CUM Mean pos logit: 1.534, Mean neg logit: -3.889

Epoch 9, Batch 960 | Val Acc: 0.8023 | Val PosAcc: 0.8320 | Val NegAcc: 0.7726
len(easy_positives): 7549 , len(easy_negatives): 8412
len(hard_positives): 476 , len(hard_negatives): 742
CUM Mean pos prob: 0.734, Mean neg prob: 0.255
CUM Mean pos logit: 1.535, Mean neg logit: -3.887

Epoch 9, Batch 980 | Val Acc: 0.8024 | Val PosAcc: 0.8316 | Val NegAcc: 0.7732
len(easy_positives): 7707 , len(easy_negatives): 8597
len(hard_positives): 485 , len(hard_negatives): 750
CUM Mean pos prob: 0.734, Mean neg prob: 0.255
CUM Mean pos logit: 1.536, Mean neg logit: -3.908

Epoch 9, Batch 1000 | Val Acc: 0.8022 | Val PosAcc: 0.8315 | Val NegAcc: 0.7729
len(easy_positives): 7868 , len(easy_negatives): 8769
len(hard_positives): 492 , len(hard_negatives): 765
CUM Mean pos prob: 0.734, Mean neg prob: 0.255
CUM Mean pos logit: 1.536, Mean neg logit: -3.900

Epoch 9, Batch 1020 | Val Acc: 0.8026 | Val PosAcc: 0.8320 | Val NegAcc: 0.7734
len(easy_positives): 8042 , len(easy_negatives): 8940
len(hard_positives): 501 , len(hard_negatives): 778
CUM Mean pos prob: 0.734, Mean neg prob: 0.255
CUM Mean pos logit: 1.539, Mean neg logit: -3.898

Epoch 9, Batch 1040 | Val Acc: 0.8027 | Val PosAcc: 0.8321 | Val NegAcc: 0.7733
len(easy_positives): 8200 , len(easy_negatives): 9120
len(hard_positives): 512 , len(hard_negatives): 795
CUM Mean pos prob: 0.734, Mean neg prob: 0.255
CUM Mean pos logit: 1.539, Mean neg logit: -3.906

Epoch 9, Batch 1060 | Val Acc: 0.8022 | Val PosAcc: 0.8310 | Val NegAcc: 0.7734
len(easy_positives): 8361 , len(easy_negatives): 9297
len(hard_positives): 531 , len(hard_negatives): 806
CUM Mean pos prob: 0.734, Mean neg prob: 0.255
CUM Mean pos logit: 1.536, Mean neg logit: -3.905

Epoch 9, Batch 1080 | Val Acc: 0.8019 | Val PosAcc: 0.8309 | Val NegAcc: 0.7730
len(easy_positives): 8512 , len(easy_negatives): 9469
len(hard_positives): 538 , len(hard_negatives): 825
CUM Mean pos prob: 0.734, Mean neg prob: 0.255
CUM Mean pos logit: 1.537, Mean neg logit: -3.905

Epoch 9, Batch 1100 | Val Acc: 0.8016 | Val PosAcc: 0.8307 | Val NegAcc: 0.7726
len(easy_positives): 8661 , len(easy_negatives): 9657
len(hard_positives): 551 , len(hard_negatives): 841
CUM Mean pos prob: 0.734, Mean neg prob: 0.255
CUM Mean pos logit: 1.535, Mean neg logit: -3.907

Epoch 9, Batch 1120 | Val Acc: 0.8014 | Val PosAcc: 0.8304 | Val NegAcc: 0.7725
len(easy_positives): 8815 , len(easy_negatives): 9833
len(hard_positives): 567 , len(hard_negatives): 862
CUM Mean pos prob: 0.734, Mean neg prob: 0.255
CUM Mean pos logit: 1.534, Mean neg logit: -3.900

Epoch 9, Batch 1140 | Val Acc: 0.8015 | Val PosAcc: 0.8302 | Val NegAcc: 0.7728
len(easy_positives): 8974 , len(easy_negatives): 10007
len(hard_positives): 578 , len(hard_negatives): 876
CUM Mean pos prob: 0.733, Mean neg prob: 0.255
CUM Mean pos logit: 1.531, Mean neg logit: -3.903

Epoch 9, Batch 1160 | Val Acc: 0.8015 | Val PosAcc: 0.8302 | Val NegAcc: 0.7727
len(easy_positives): 9136 , len(easy_negatives): 10176
len(hard_positives): 591 , len(hard_negatives): 891
CUM Mean pos prob: 0.733, Mean neg prob: 0.255
CUM Mean pos logit: 1.532, Mean neg logit: -3.905

Epoch 9, Batch 1180 | Val Acc: 0.8013 | Val PosAcc: 0.8301 | Val NegAcc: 0.7725
len(easy_positives): 9297 , len(easy_negatives): 10360
len(hard_positives): 602 , len(hard_negatives): 907
CUM Mean pos prob: 0.733, Mean neg prob: 0.255
CUM Mean pos logit: 1.531, Mean neg logit: -3.930

Epoch 9, Batch 1200 | Val Acc: 0.8009 | Val PosAcc: 0.8295 | Val NegAcc: 0.7723
len(easy_positives): 9450 , len(easy_negatives): 10529
len(hard_positives): 612 , len(hard_negatives): 924
CUM Mean pos prob: 0.733, Mean neg prob: 0.255
CUM Mean pos logit: 1.529, Mean neg logit: -3.927

Epoch 9, Batch 1220 | Val Acc: 0.8009 | Val PosAcc: 0.8295 | Val NegAcc: 0.7723
len(easy_positives): 9596 , len(easy_negatives): 10710
len(hard_positives): 627 , len(hard_negatives): 936
CUM Mean pos prob: 0.733, Mean neg prob: 0.255
CUM Mean pos logit: 1.527, Mean neg logit: -3.926

	val_accuracy: 0.8010131712259372
	pos val_accuracy: 0.8295845997973658
	neg val_accuracy: 0.7724417426545086
../Sim5/model9_FE2dis_inrWaterPHD2_5.pt
Epoch 10, Batch 20 | Acc: 0.8187 | PosAcc: 0.8676 | NegAcc: 0.7548
len(easy_positives): 157 , len(easy_negatives): 102
len(hard_positives): 5 , len(hard_negatives): 14

CUM Mean pos prob: 0.771, Mean neg prob: 0.287
CUM Mean pos logit: 1.856, Mean neg logit: -4.183

Epoch 10, Batch 40 | Acc: 0.8219 | PosAcc: 0.8504 | NegAcc: 0.7898
len(easy_positives): 271 , len(easy_negatives): 246
len(hard_positives): 9 , len(hard_negatives): 21

CUM Mean pos prob: 0.754, Mean neg prob: 0.254
CUM Mean pos logit: 1.683, Mean neg logit: -4.703

Epoch 10, Batch 60 | Acc: 0.8194 | PosAcc: 0.8554 | NegAcc: 0.7807
len(easy_positives): 417 , len(easy_negatives): 377
len(hard_positives): 18 , len(hard_negatives): 35

CUM Mean pos prob: 0.761, Mean neg prob: 0.256
CUM Mean pos logit: 1.732, Mean neg logit: -4.347

Epoch 10, Batch 80 | Acc: 0.8120 | PosAcc: 0.8516 | NegAcc: 0.7703
len(easy_positives): 531 , len(easy_negatives): 479
len(hard_positives): 23 , len(hard_negatives): 44

CUM Mean pos prob: 0.753, Mean neg prob: 0.271
CUM Mean pos logit: 1.648, Mean neg logit: -4.029

Epoch 10, Batch 100 | Acc: 0.8083 | PosAcc: 0.8350 | NegAcc: 0.7809
len(easy_positives): 628 , len(easy_negatives): 624
len(hard_positives): 32 , len(hard_negatives): 53

CUM Mean pos prob: 0.742, Mean neg prob: 0.263
CUM Mean pos logit: 1.557, Mean neg logit: -3.977

Epoch 10, Batch 120 | Acc: 0.8090 | PosAcc: 0.8352 | NegAcc: 0.7821
len(easy_positives): 750 , len(easy_negatives): 761
len(hard_positives): 37 , len(hard_negatives): 66

CUM Mean pos prob: 0.742, Mean neg prob: 0.260
CUM Mean pos logit: 1.570, Mean neg logit: -4.016

Epoch 10, Batch 140 | Acc: 0.8086 | PosAcc: 0.8366 | NegAcc: 0.7802
len(easy_positives): 872 , len(easy_negatives): 898
len(hard_positives): 42 , len(hard_negatives): 82

CUM Mean pos prob: 0.743, Mean neg prob: 0.261
CUM Mean pos logit: 1.595, Mean neg logit: -3.942

Epoch 10, Batch 160 | Acc: 0.8117 | PosAcc: 0.8449 | NegAcc: 0.7773
len(easy_positives): 1015 , len(easy_negatives): 1012
len(hard_positives): 43 , len(hard_negatives): 99

CUM Mean pos prob: 0.748, Mean neg prob: 0.262
CUM Mean pos logit: 1.627, Mean neg logit: -3.968

Epoch 10, Batch 180 | Acc: 0.8134 | PosAcc: 0.8484 | NegAcc: 0.7773
len(easy_positives): 1156 , len(easy_negatives): 1153
len(hard_positives): 47 , len(hard_negatives): 112

CUM Mean pos prob: 0.751, Mean neg prob: 0.260
CUM Mean pos logit: 1.669, Mean neg logit: -3.973

Epoch 10, Batch 200 | Acc: 0.8104 | PosAcc: 0.8437 | NegAcc: 0.7756
len(easy_positives): 1273 , len(easy_negatives): 1271
len(hard_positives): 56 , len(hard_negatives): 121

CUM Mean pos prob: 0.749, Mean neg prob: 0.260
CUM Mean pos logit: 1.652, Mean neg logit: -3.962

Epoch 10, Batch 220 | Acc: 0.8085 | PosAcc: 0.8452 | NegAcc: 0.7707
len(easy_positives): 1383 , len(easy_negatives): 1405
len(hard_positives): 61 , len(hard_negatives): 137

CUM Mean pos prob: 0.747, Mean neg prob: 0.261
CUM Mean pos logit: 1.629, Mean neg logit: -3.883

Epoch 10, Batch 240 | Acc: 0.8075 | PosAcc: 0.8455 | NegAcc: 0.7684
len(easy_positives): 1484 , len(easy_negatives): 1528
len(hard_positives): 65 , len(hard_negatives): 151

CUM Mean pos prob: 0.745, Mean neg prob: 0.263
CUM Mean pos logit: 1.601, Mean neg logit: -3.885

Epoch 10, Batch 260 | Acc: 0.8072 | PosAcc: 0.8472 | NegAcc: 0.7661
len(easy_positives): 1618 , len(easy_negatives): 1656
len(hard_positives): 71 , len(hard_negatives): 167

CUM Mean pos prob: 0.746, Mean neg prob: 0.264
CUM Mean pos logit: 1.601, Mean neg logit: -3.882

Epoch 10, Batch 280 | Acc: 0.8085 | PosAcc: 0.8479 | NegAcc: 0.7681
len(easy_positives): 1740 , len(easy_negatives): 1795
len(hard_positives): 78 , len(hard_negatives): 175

CUM Mean pos prob: 0.746, Mean neg prob: 0.262
CUM Mean pos logit: 1.591, Mean neg logit: -3.862

Epoch 10, Batch 300 | Acc: 0.8096 | PosAcc: 0.8508 | NegAcc: 0.7672
len(easy_positives): 1872 , len(easy_negatives): 1917
len(hard_positives): 82 , len(hard_negatives): 191

CUM Mean pos prob: 0.748, Mean neg prob: 0.263
CUM Mean pos logit: 1.609, Mean neg logit: -3.876

Epoch 10, Batch 320 | Acc: 0.8089 | PosAcc: 0.8489 | NegAcc: 0.7681
len(easy_positives): 1953 , len(easy_negatives): 2051
len(hard_positives): 87 , len(hard_negatives): 197

CUM Mean pos prob: 0.744, Mean neg prob: 0.262
CUM Mean pos logit: 1.580, Mean neg logit: -3.846

Epoch 10, Batch 340 | Acc: 0.8091 | PosAcc: 0.8502 | NegAcc: 0.7674
len(easy_positives): 2061 , len(easy_negatives): 2177
len(hard_positives): 91 , len(hard_negatives): 213

CUM Mean pos prob: 0.744, Mean neg prob: 0.263
CUM Mean pos logit: 1.574, Mean neg logit: -3.808

Epoch 10, Batch 360 | Acc: 0.8088 | PosAcc: 0.8478 | NegAcc: 0.7691
len(easy_positives): 2186 , len(easy_negatives): 2305
len(hard_positives): 102 , len(hard_negatives): 220

CUM Mean pos prob: 0.743, Mean neg prob: 0.262
CUM Mean pos logit: 1.570, Mean neg logit: -3.825

Epoch 10, Batch 380 | Acc: 0.8080 | PosAcc: 0.8467 | NegAcc: 0.7686
len(easy_positives): 2316 , len(easy_negatives): 2439
len(hard_positives): 108 , len(hard_negatives): 235

CUM Mean pos prob: 0.743, Mean neg prob: 0.262
CUM Mean pos logit: 1.581, Mean neg logit: -3.838

Epoch 10, Batch 400 | Acc: 0.8084 | PosAcc: 0.8481 | NegAcc: 0.7681
len(easy_positives): 2447 , len(easy_negatives): 2562
len(hard_positives): 111 , len(hard_negatives): 251

CUM Mean pos prob: 0.744, Mean neg prob: 0.263
CUM Mean pos logit: 1.586, Mean neg logit: -3.834

Epoch 10, Batch 420 | Acc: 0.8081 | PosAcc: 0.8477 | NegAcc: 0.7680
len(easy_positives): 2553 , len(easy_negatives): 2701
len(hard_positives): 120 , len(hard_negatives): 268

CUM Mean pos prob: 0.743, Mean neg prob: 0.263
CUM Mean pos logit: 1.579, Mean neg logit: -3.800

Epoch 10, Batch 440 | Acc: 0.8075 | PosAcc: 0.8474 | NegAcc: 0.7670
len(easy_positives): 2642 , len(easy_negatives): 2825
len(hard_positives): 125 , len(hard_negatives): 274

CUM Mean pos prob: 0.741, Mean neg prob: 0.263
CUM Mean pos logit: 1.559, Mean neg logit: -3.760

Epoch 10, Batch 460 | Acc: 0.8075 | PosAcc: 0.8480 | NegAcc: 0.7668
len(easy_positives): 2765 , len(easy_negatives): 2964
len(hard_positives): 129 , len(hard_negatives): 287

CUM Mean pos prob: 0.742, Mean neg prob: 0.262
CUM Mean pos logit: 1.567, Mean neg logit: -3.773

Epoch 10, Batch 480 | Acc: 0.8083 | PosAcc: 0.8487 | NegAcc: 0.7676
len(easy_positives): 2902 , len(easy_negatives): 3083
len(hard_positives): 134 , len(hard_negatives): 302

CUM Mean pos prob: 0.743, Mean neg prob: 0.262
CUM Mean pos logit: 1.579, Mean neg logit: -3.749

Epoch 10, Batch 500 | Acc: 0.8083 | PosAcc: 0.8478 | NegAcc: 0.7681
len(easy_positives): 3023 , len(easy_negatives): 3213
len(hard_positives): 145 , len(hard_negatives): 312

CUM Mean pos prob: 0.742, Mean neg prob: 0.262
CUM Mean pos logit: 1.572, Mean neg logit: -3.763

Epoch 10, Batch 520 | Acc: 0.8074 | PosAcc: 0.8486 | NegAcc: 0.7655
len(easy_positives): 3141 , len(easy_negatives): 3318
len(hard_positives): 149 , len(hard_negatives): 320

CUM Mean pos prob: 0.742, Mean neg prob: 0.264
CUM Mean pos logit: 1.570, Mean neg logit: -3.708

Epoch 10, Batch 540 | Acc: 0.8066 | PosAcc: 0.8477 | NegAcc: 0.7650
len(easy_positives): 3252 , len(easy_negatives): 3448
len(hard_positives): 160 , len(hard_negatives): 330

CUM Mean pos prob: 0.741, Mean neg prob: 0.264
CUM Mean pos logit: 1.561, Mean neg logit: -3.701

Epoch 10, Batch 560 | Acc: 0.8060 | PosAcc: 0.8486 | NegAcc: 0.7627
len(easy_positives): 3395 , len(easy_negatives): 3552
len(hard_positives): 166 , len(hard_negatives): 339

CUM Mean pos prob: 0.743, Mean neg prob: 0.265
CUM Mean pos logit: 1.572, Mean neg logit: -3.676

Epoch 10, Batch 580 | Acc: 0.8056 | PosAcc: 0.8479 | NegAcc: 0.7625
len(easy_positives): 3483 , len(easy_negatives): 3666
len(hard_positives): 173 , len(hard_negatives): 342

CUM Mean pos prob: 0.741, Mean neg prob: 0.266
CUM Mean pos logit: 1.559, Mean neg logit: -3.633

Epoch 10, Batch 600 | Acc: 0.8063 | PosAcc: 0.8495 | NegAcc: 0.7624
len(easy_positives): 3614 , len(easy_negatives): 3790
len(hard_positives): 178 , len(hard_negatives): 362

CUM Mean pos prob: 0.742, Mean neg prob: 0.266
CUM Mean pos logit: 1.567, Mean neg logit: -3.618

Epoch 10, Batch 620 | Acc: 0.8058 | PosAcc: 0.8464 | NegAcc: 0.7649
len(easy_positives): 3692 , len(easy_negatives): 3943
len(hard_positives): 189 , len(hard_negatives): 369

CUM Mean pos prob: 0.740, Mean neg prob: 0.264
CUM Mean pos logit: 1.549, Mean neg logit: -3.631

Epoch 10, Batch 640 | Acc: 0.8074 | PosAcc: 0.8488 | NegAcc: 0.7653
len(easy_positives): 3863 , len(easy_negatives): 4058
len(hard_positives): 194 , len(hard_negatives): 381

CUM Mean pos prob: 0.742, Mean neg prob: 0.264
CUM Mean pos logit: 1.570, Mean neg logit: -3.643

Epoch 10, Batch 660 | Acc: 0.8076 | PosAcc: 0.8494 | NegAcc: 0.7652
len(easy_positives): 3987 , len(easy_negatives): 4190
len(hard_positives): 198 , len(hard_negatives): 391

CUM Mean pos prob: 0.743, Mean neg prob: 0.264
CUM Mean pos logit: 1.580, Mean neg logit: -3.651

Epoch 10, Batch 680 | Acc: 0.8080 | PosAcc: 0.8495 | NegAcc: 0.7658
len(easy_positives): 4113 , len(easy_negatives): 4318
len(hard_positives): 207 , len(hard_negatives): 401

CUM Mean pos prob: 0.743, Mean neg prob: 0.264
CUM Mean pos logit: 1.581, Mean neg logit: -3.656

Epoch 10, Batch 700 | Acc: 0.8083 | PosAcc: 0.8491 | NegAcc: 0.7670
len(easy_positives): 4231 , len(easy_negatives): 4460
len(hard_positives): 214 , len(hard_negatives): 411

CUM Mean pos prob: 0.743, Mean neg prob: 0.263
CUM Mean pos logit: 1.581, Mean neg logit: -3.658

Epoch 10, Batch 720 | Acc: 0.8088 | PosAcc: 0.8495 | NegAcc: 0.7675
len(easy_positives): 4364 , len(easy_negatives): 4580
len(hard_positives): 219 , len(hard_negatives): 428

CUM Mean pos prob: 0.743, Mean neg prob: 0.263
CUM Mean pos logit: 1.583, Mean neg logit: -3.645

Epoch 10, Batch 740 | Acc: 0.8086 | PosAcc: 0.8496 | NegAcc: 0.7668
len(easy_positives): 4486 , len(easy_negatives): 4701
len(hard_positives): 224 , len(hard_negatives): 438

CUM Mean pos prob: 0.743, Mean neg prob: 0.264
CUM Mean pos logit: 1.582, Mean neg logit: -3.665

Epoch 10, Batch 760 | Acc: 0.8082 | PosAcc: 0.8492 | NegAcc: 0.7666
len(easy_positives): 4611 , len(easy_negatives): 4834
len(hard_positives): 232 , len(hard_negatives): 450

CUM Mean pos prob: 0.743, Mean neg prob: 0.263
CUM Mean pos logit: 1.584, Mean neg logit: -3.673

Epoch 10, Batch 780 | Acc: 0.8088 | PosAcc: 0.8495 | NegAcc: 0.7675
len(easy_positives): 4729 , len(easy_negatives): 4983
len(hard_positives): 240 , len(hard_negatives): 464

CUM Mean pos prob: 0.743, Mean neg prob: 0.262
CUM Mean pos logit: 1.587, Mean neg logit: -3.722

Epoch 10, Batch 800 | Acc: 0.8085 | PosAcc: 0.8496 | NegAcc: 0.7669
len(easy_positives): 4854 , len(easy_negatives): 5102
len(hard_positives): 246 , len(hard_negatives): 479

CUM Mean pos prob: 0.743, Mean neg prob: 0.263
CUM Mean pos logit: 1.589, Mean neg logit: -3.728

Epoch 10, Batch 820 | Acc: 0.8091 | PosAcc: 0.8497 | NegAcc: 0.7680
len(easy_positives): 4984 , len(easy_negatives): 5232
len(hard_positives): 251 , len(hard_negatives): 486

CUM Mean pos prob: 0.743, Mean neg prob: 0.262
CUM Mean pos logit: 1.588, Mean neg logit: -3.730

Epoch 10, Batch 840 | Acc: 0.8091 | PosAcc: 0.8488 | NegAcc: 0.7690
len(easy_positives): 5088 , len(easy_negatives): 5392
len(hard_positives): 259 , len(hard_negatives): 498

CUM Mean pos prob: 0.743, Mean neg prob: 0.261
CUM Mean pos logit: 1.588, Mean neg logit: -3.749

Epoch 10, Batch 860 | Acc: 0.8094 | PosAcc: 0.8489 | NegAcc: 0.7695
len(easy_positives): 5218 , len(easy_negatives): 5518
len(hard_positives): 263 , len(hard_negatives): 510

CUM Mean pos prob: 0.743, Mean neg prob: 0.261
CUM Mean pos logit: 1.590, Mean neg logit: -3.754

Epoch 10, Batch 880 | Acc: 0.8092 | PosAcc: 0.8490 | NegAcc: 0.7688
len(easy_positives): 5377 , len(easy_negatives): 5630
len(hard_positives): 272 , len(hard_negatives): 519

CUM Mean pos prob: 0.744, Mean neg prob: 0.262
CUM Mean pos logit: 1.597, Mean neg logit: -3.755

Epoch 10, Batch 900 | Acc: 0.8089 | PosAcc: 0.8488 | NegAcc: 0.7684
len(easy_positives): 5500 , len(easy_negatives): 5763
len(hard_positives): 274 , len(hard_negatives): 529

CUM Mean pos prob: 0.744, Mean neg prob: 0.262
CUM Mean pos logit: 1.598, Mean neg logit: -3.747

Epoch 10, Batch 920 | Acc: 0.8082 | PosAcc: 0.8476 | NegAcc: 0.7683
len(easy_positives): 5615 , len(easy_negatives): 5892
len(hard_positives): 285 , len(hard_negatives): 542

CUM Mean pos prob: 0.744, Mean neg prob: 0.262
CUM Mean pos logit: 1.593, Mean neg logit: -3.741

Epoch 10, Batch 940 | Acc: 0.8083 | PosAcc: 0.8472 | NegAcc: 0.7690
len(easy_positives): 5720 , len(easy_negatives): 6031
len(hard_positives): 295 , len(hard_negatives): 550

CUM Mean pos prob: 0.743, Mean neg prob: 0.262
CUM Mean pos logit: 1.586, Mean neg logit: -3.739

Epoch 10, Batch 960 | Acc: 0.8084 | PosAcc: 0.8477 | NegAcc: 0.7686
len(easy_positives): 5860 , len(easy_negatives): 6142
len(hard_positives): 300 , len(hard_negatives): 563

CUM Mean pos prob: 0.743, Mean neg prob: 0.262
CUM Mean pos logit: 1.585, Mean neg logit: -3.730

Epoch 10, Batch 980 | Acc: 0.8084 | PosAcc: 0.8479 | NegAcc: 0.7683
len(easy_positives): 5990 , len(easy_negatives): 6262
len(hard_positives): 304 , len(hard_negatives): 578

CUM Mean pos prob: 0.743, Mean neg prob: 0.262
CUM Mean pos logit: 1.585, Mean neg logit: -3.734

Epoch 10, Batch 1000 | Acc: 0.8091 | PosAcc: 0.8488 | NegAcc: 0.7686
len(easy_positives): 6138 , len(easy_negatives): 6384
len(hard_positives): 307 , len(hard_negatives): 590

CUM Mean pos prob: 0.744, Mean neg prob: 0.262
CUM Mean pos logit: 1.592, Mean neg logit: -3.731

Epoch 10, Batch 1020 | Acc: 0.8096 | PosAcc: 0.8497 | NegAcc: 0.7688
len(easy_positives): 6274 , len(easy_negatives): 6516
len(hard_positives): 316 , len(hard_negatives): 605

CUM Mean pos prob: 0.745, Mean neg prob: 0.262
CUM Mean pos logit: 1.597, Mean neg logit: -3.744

Epoch 10, Batch 1040 | Acc: 0.8096 | PosAcc: 0.8504 | NegAcc: 0.7679
len(easy_positives): 6415 , len(easy_negatives): 6649
len(hard_positives): 322 , len(hard_negatives): 622

CUM Mean pos prob: 0.745, Mean neg prob: 0.262
CUM Mean pos logit: 1.600, Mean neg logit: -3.747

Epoch 10, Batch 1060 | Acc: 0.8092 | PosAcc: 0.8497 | NegAcc: 0.7679
len(easy_positives): 6526 , len(easy_negatives): 6785
len(hard_positives): 327 , len(hard_negatives): 634

CUM Mean pos prob: 0.745, Mean neg prob: 0.262
CUM Mean pos logit: 1.598, Mean neg logit: -3.743

Epoch 10, Batch 1080 | Acc: 0.8094 | PosAcc: 0.8503 | NegAcc: 0.7677
len(easy_positives): 6661 , len(easy_negatives): 6922
len(hard_positives): 335 , len(hard_negatives): 647

CUM Mean pos prob: 0.745, Mean neg prob: 0.261
CUM Mean pos logit: 1.601, Mean neg logit: -3.759

Epoch 10, Batch 1100 | Acc: 0.8094 | PosAcc: 0.8503 | NegAcc: 0.7675
len(easy_positives): 6793 , len(easy_negatives): 7043
len(hard_positives): 342 , len(hard_negatives): 662

CUM Mean pos prob: 0.745, Mean neg prob: 0.262
CUM Mean pos logit: 1.603, Mean neg logit: -3.774

Epoch 10, Batch 1120 | Acc: 0.8095 | PosAcc: 0.8509 | NegAcc: 0.7673
len(easy_positives): 6890 , len(easy_negatives): 7175
len(hard_positives): 347 , len(hard_negatives): 674

CUM Mean pos prob: 0.745, Mean neg prob: 0.262
CUM Mean pos logit: 1.600, Mean neg logit: -3.762

Epoch 10, Batch 1140 | Acc: 0.8095 | PosAcc: 0.8507 | NegAcc: 0.7674
len(easy_positives): 7015 , len(easy_negatives): 7308
len(hard_positives): 352 , len(hard_negatives): 683

CUM Mean pos prob: 0.745, Mean neg prob: 0.262
CUM Mean pos logit: 1.601, Mean neg logit: -3.758

Epoch 10, Batch 1160 | Acc: 0.8098 | PosAcc: 0.8514 | NegAcc: 0.7674
len(easy_positives): 7148 , len(easy_negatives): 7437
len(hard_positives): 357 , len(hard_negatives): 690

CUM Mean pos prob: 0.746, Mean neg prob: 0.261
CUM Mean pos logit: 1.605, Mean neg logit: -3.761

Epoch 10, Batch 1180 | Acc: 0.8096 | PosAcc: 0.8516 | NegAcc: 0.7669
len(easy_positives): 7284 , len(easy_negatives): 7558
len(hard_positives): 367 , len(hard_negatives): 699

CUM Mean pos prob: 0.746, Mean neg prob: 0.262
CUM Mean pos logit: 1.606, Mean neg logit: -3.759

Epoch 10, Batch 1200 | Acc: 0.8100 | PosAcc: 0.8517 | NegAcc: 0.7676
len(easy_positives): 7401 , len(easy_negatives): 7703
len(hard_positives): 375 , len(hard_negatives): 709

CUM Mean pos prob: 0.746, Mean neg prob: 0.261
CUM Mean pos logit: 1.606, Mean neg logit: -3.765

Epoch 10, Batch 1220 | Acc: 0.8103 | PosAcc: 0.8515 | NegAcc: 0.7684
len(easy_positives): 7532 , len(easy_negatives): 7834
len(hard_positives): 381 , len(hard_negatives): 716

CUM Mean pos prob: 0.746, Mean neg prob: 0.261
CUM Mean pos logit: 1.608, Mean neg logit: -3.764

Epoch 10, Batch 1240 | Acc: 0.8100 | PosAcc: 0.8510 | NegAcc: 0.7683
len(easy_positives): 7660 , len(easy_negatives): 7973
len(hard_positives): 395 , len(hard_negatives): 730

CUM Mean pos prob: 0.746, Mean neg prob: 0.261
CUM Mean pos logit: 1.611, Mean neg logit: -3.764

Epoch 10, Batch 1260 | Acc: 0.8092 | PosAcc: 0.8501 | NegAcc: 0.7675
len(easy_positives): 7760 , len(easy_negatives): 8083
len(hard_positives): 405 , len(hard_negatives): 735

CUM Mean pos prob: 0.745, Mean neg prob: 0.261
CUM Mean pos logit: 1.604, Mean neg logit: -3.744

Epoch 10, Batch 1280 | Acc: 0.8087 | PosAcc: 0.8496 | NegAcc: 0.7672
len(easy_positives): 7852 , len(easy_negatives): 8219
len(hard_positives): 407 , len(hard_negatives): 746

CUM Mean pos prob: 0.745, Mean neg prob: 0.261
CUM Mean pos logit: 1.601, Mean neg logit: -3.728

Epoch 10, Batch 1300 | Acc: 0.8086 | PosAcc: 0.8496 | NegAcc: 0.7669
len(easy_positives): 7970 , len(easy_negatives): 8345
len(hard_positives): 415 , len(hard_negatives): 757

CUM Mean pos prob: 0.745, Mean neg prob: 0.262
CUM Mean pos logit: 1.601, Mean neg logit: -3.721

Epoch 10, Batch 1320 | Acc: 0.8089 | PosAcc: 0.8497 | NegAcc: 0.7675
len(easy_positives): 8083 , len(easy_negatives): 8478
len(hard_positives): 423 , len(hard_negatives): 762

CUM Mean pos prob: 0.745, Mean neg prob: 0.261
CUM Mean pos logit: 1.601, Mean neg logit: -3.731

Epoch 10, Batch 1340 | Acc: 0.8091 | PosAcc: 0.8499 | NegAcc: 0.7677
len(easy_positives): 8228 , len(easy_negatives): 8621
len(hard_positives): 427 , len(hard_negatives): 776

CUM Mean pos prob: 0.745, Mean neg prob: 0.261
CUM Mean pos logit: 1.608, Mean neg logit: -3.740

Epoch 10, Batch 1360 | Acc: 0.8091 | PosAcc: 0.8497 | NegAcc: 0.7680
len(easy_positives): 8345 , len(easy_negatives): 8760
len(hard_positives): 434 , len(hard_negatives): 794

CUM Mean pos prob: 0.745, Mean neg prob: 0.261
CUM Mean pos logit: 1.609, Mean neg logit: -3.741

Epoch 10, Batch 1380 | Acc: 0.8091 | PosAcc: 0.8494 | NegAcc: 0.7682
len(easy_positives): 8465 , len(easy_negatives): 8890
len(hard_positives): 440 , len(hard_negatives): 801

CUM Mean pos prob: 0.745, Mean neg prob: 0.261
CUM Mean pos logit: 1.606, Mean neg logit: -3.728

Epoch 10, Batch 1400 | Acc: 0.8091 | PosAcc: 0.8499 | NegAcc: 0.7677
len(easy_positives): 8591 , len(easy_negatives): 9010
len(hard_positives): 444 , len(hard_negatives): 817

CUM Mean pos prob: 0.745, Mean neg prob: 0.261
CUM Mean pos logit: 1.606, Mean neg logit: -3.720

Epoch 10, Batch 1420 | Acc: 0.8093 | PosAcc: 0.8498 | NegAcc: 0.7683
len(easy_positives): 8706 , len(easy_negatives): 9159
len(hard_positives): 449 , len(hard_negatives): 831

CUM Mean pos prob: 0.745, Mean neg prob: 0.261
CUM Mean pos logit: 1.605, Mean neg logit: -3.733

Epoch 10, Batch 1440 | Acc: 0.8091 | PosAcc: 0.8496 | NegAcc: 0.7682
len(easy_positives): 8820 , len(easy_negatives): 9283
len(hard_positives): 455 , len(hard_negatives): 839

CUM Mean pos prob: 0.745, Mean neg prob: 0.261
CUM Mean pos logit: 1.604, Mean neg logit: -3.731

Epoch 10, Batch 1460 | Acc: 0.8095 | PosAcc: 0.8494 | NegAcc: 0.7690
len(easy_positives): 8952 , len(easy_negatives): 9422
len(hard_positives): 461 , len(hard_negatives): 847

CUM Mean pos prob: 0.745, Mean neg prob: 0.260
CUM Mean pos logit: 1.605, Mean neg logit: -3.741

Epoch 10, Batch 1480 | Acc: 0.8093 | PosAcc: 0.8493 | NegAcc: 0.7689
len(easy_positives): 9064 , len(easy_negatives): 9548
len(hard_positives): 462 , len(hard_negatives): 858

CUM Mean pos prob: 0.745, Mean neg prob: 0.260
CUM Mean pos logit: 1.606, Mean neg logit: -3.736

Epoch 10, Batch 1500 | Acc: 0.8093 | PosAcc: 0.8497 | NegAcc: 0.7683
len(easy_positives): 9191 , len(easy_negatives): 9673
len(hard_positives): 465 , len(hard_negatives): 868

CUM Mean pos prob: 0.745, Mean neg prob: 0.261
CUM Mean pos logit: 1.606, Mean neg logit: -3.737

Epoch 10, Batch 1520 | Acc: 0.8095 | PosAcc: 0.8494 | NegAcc: 0.7692
len(easy_positives): 9300 , len(easy_negatives): 9821
len(hard_positives): 472 , len(hard_negatives): 876

CUM Mean pos prob: 0.745, Mean neg prob: 0.260
CUM Mean pos logit: 1.606, Mean neg logit: -3.751

Epoch 10, Batch 1540 | Acc: 0.8096 | PosAcc: 0.8499 | NegAcc: 0.7687
len(easy_positives): 9448 , len(easy_negatives): 9948
len(hard_positives): 478 , len(hard_negatives): 894

CUM Mean pos prob: 0.745, Mean neg prob: 0.260
CUM Mean pos logit: 1.610, Mean neg logit: -3.767

Epoch 10, Batch 1560 | Acc: 0.8097 | PosAcc: 0.8498 | NegAcc: 0.7692
len(easy_positives): 9565 , len(easy_negatives): 10105
len(hard_positives): 484 , len(hard_negatives): 906

CUM Mean pos prob: 0.745, Mean neg prob: 0.259
CUM Mean pos logit: 1.612, Mean neg logit: -3.779

Epoch 10, Batch 1580 | Acc: 0.8097 | PosAcc: 0.8501 | NegAcc: 0.7689
len(easy_positives): 9678 , len(easy_negatives): 10216
len(hard_positives): 490 , len(hard_negatives): 911

CUM Mean pos prob: 0.745, Mean neg prob: 0.260
CUM Mean pos logit: 1.610, Mean neg logit: -3.777

Epoch 10, Batch 1600 | Acc: 0.8101 | PosAcc: 0.8501 | NegAcc: 0.7696
len(easy_positives): 9785 , len(easy_negatives): 10361
len(hard_positives): 497 , len(hard_negatives): 922

CUM Mean pos prob: 0.745, Mean neg prob: 0.259
CUM Mean pos logit: 1.608, Mean neg logit: -3.778

Epoch 10, Batch 1620 | Acc: 0.8101 | PosAcc: 0.8497 | NegAcc: 0.7703
len(easy_positives): 9894 , len(easy_negatives): 10515
len(hard_positives): 507 , len(hard_negatives): 939

CUM Mean pos prob: 0.745, Mean neg prob: 0.259
CUM Mean pos logit: 1.608, Mean neg logit: -3.799

Epoch 10, Batch 1640 | Acc: 0.8101 | PosAcc: 0.8500 | NegAcc: 0.7700
len(easy_positives): 10027 , len(easy_negatives): 10642
len(hard_positives): 513 , len(hard_negatives): 951

CUM Mean pos prob: 0.745, Mean neg prob: 0.259
CUM Mean pos logit: 1.610, Mean neg logit: -3.792

Epoch 10, Batch 1660 | Acc: 0.8103 | PosAcc: 0.8503 | NegAcc: 0.7700
len(easy_positives): 10154 , len(easy_negatives): 10765
len(hard_positives): 523 , len(hard_negatives): 958

CUM Mean pos prob: 0.745, Mean neg prob: 0.259
CUM Mean pos logit: 1.609, Mean neg logit: -3.795

Epoch 10, Batch 1680 | Acc: 0.8106 | PosAcc: 0.8509 | NegAcc: 0.7700
len(easy_positives): 10290 , len(easy_negatives): 10888
len(hard_positives): 527 , len(hard_negatives): 974

CUM Mean pos prob: 0.746, Mean neg prob: 0.259
CUM Mean pos logit: 1.612, Mean neg logit: -3.791

Epoch 10, Batch 1700 | Acc: 0.8112 | PosAcc: 0.8508 | NegAcc: 0.7712
len(easy_positives): 10400 , len(easy_negatives): 11055
len(hard_positives): 532 , len(hard_negatives): 982

CUM Mean pos prob: 0.745, Mean neg prob: 0.258
CUM Mean pos logit: 1.610, Mean neg logit: -3.809

Epoch 10, Batch 1720 | Acc: 0.8110 | PosAcc: 0.8506 | NegAcc: 0.7711
len(easy_positives): 10506 , len(easy_negatives): 11194
len(hard_positives): 539 , len(hard_negatives): 996

CUM Mean pos prob: 0.745, Mean neg prob: 0.259
CUM Mean pos logit: 1.611, Mean neg logit: -3.807

Epoch 10, Batch 1740 | Acc: 0.8110 | PosAcc: 0.8502 | NegAcc: 0.7717
len(easy_positives): 10616 , len(easy_negatives): 11334
len(hard_positives): 548 , len(hard_negatives): 1002

CUM Mean pos prob: 0.745, Mean neg prob: 0.258
CUM Mean pos logit: 1.610, Mean neg logit: -3.811

Epoch 10, Batch 1760 | Acc: 0.8113 | PosAcc: 0.8505 | NegAcc: 0.7719
len(easy_positives): 10764 , len(easy_negatives): 11462
len(hard_positives): 552 , len(hard_negatives): 1014

CUM Mean pos prob: 0.745, Mean neg prob: 0.258
CUM Mean pos logit: 1.613, Mean neg logit: -3.814

Epoch 10, Batch 1780 | Acc: 0.8113 | PosAcc: 0.8508 | NegAcc: 0.7716
len(easy_positives): 10877 , len(easy_negatives): 11599
len(hard_positives): 556 , len(hard_negatives): 1029

CUM Mean pos prob: 0.746, Mean neg prob: 0.258
CUM Mean pos logit: 1.614, Mean neg logit: -3.821

Epoch 10, Batch 1800 | Acc: 0.8112 | PosAcc: 0.8504 | NegAcc: 0.7718
len(easy_positives): 10996 , len(easy_negatives): 11716
len(hard_positives): 568 , len(hard_negatives): 1039

CUM Mean pos prob: 0.745, Mean neg prob: 0.258
CUM Mean pos logit: 1.612, Mean neg logit: -3.811

Epoch 10, Batch 1820 | Acc: 0.8111 | PosAcc: 0.8506 | NegAcc: 0.7714
len(easy_positives): 11121 , len(easy_negatives): 11835
len(hard_positives): 575 , len(hard_negatives): 1054

CUM Mean pos prob: 0.745, Mean neg prob: 0.259
CUM Mean pos logit: 1.614, Mean neg logit: -3.807

Epoch 10, Batch 1840 | Acc: 0.8113 | PosAcc: 0.8509 | NegAcc: 0.7714
len(easy_positives): 11243 , len(easy_negatives): 11952
len(hard_positives): 577 , len(hard_negatives): 1067

CUM Mean pos prob: 0.745, Mean neg prob: 0.259
CUM Mean pos logit: 1.613, Mean neg logit: -3.803

Epoch 10, Batch 1860 | Acc: 0.8110 | PosAcc: 0.8508 | NegAcc: 0.7709
len(easy_positives): 11368 , len(easy_negatives): 12068
len(hard_positives): 585 , len(hard_negatives): 1085

CUM Mean pos prob: 0.745, Mean neg prob: 0.259
CUM Mean pos logit: 1.613, Mean neg logit: -3.800

Epoch 10, Batch 1880 | Acc: 0.8109 | PosAcc: 0.8507 | NegAcc: 0.7707
len(easy_positives): 11485 , len(easy_negatives): 12198
len(hard_positives): 591 , len(hard_negatives): 1095

CUM Mean pos prob: 0.745, Mean neg prob: 0.259
CUM Mean pos logit: 1.611, Mean neg logit: -3.793

Epoch 10, Batch 1900 | Acc: 0.8109 | PosAcc: 0.8512 | NegAcc: 0.7703
len(easy_positives): 11629 , len(easy_negatives): 12309
len(hard_positives): 594 , len(hard_negatives): 1107

CUM Mean pos prob: 0.745, Mean neg prob: 0.259
CUM Mean pos logit: 1.613, Mean neg logit: -3.795

Epoch 10, Batch 1920 | Acc: 0.8108 | PosAcc: 0.8508 | NegAcc: 0.7703
len(easy_positives): 11746 , len(easy_negatives): 12455
len(hard_positives): 603 , len(hard_negatives): 1121

CUM Mean pos prob: 0.745, Mean neg prob: 0.259
CUM Mean pos logit: 1.613, Mean neg logit: -3.814

Epoch 10, Batch 1940 | Acc: 0.8107 | PosAcc: 0.8509 | NegAcc: 0.7700
len(easy_positives): 11868 , len(easy_negatives): 12581
len(hard_positives): 607 , len(hard_negatives): 1140

CUM Mean pos prob: 0.745, Mean neg prob: 0.259
CUM Mean pos logit: 1.614, Mean neg logit: -3.811

Epoch 10, Batch 1960 | Acc: 0.8105 | PosAcc: 0.8508 | NegAcc: 0.7698
len(easy_positives): 11978 , len(easy_negatives): 12705
len(hard_positives): 612 , len(hard_negatives): 1145

CUM Mean pos prob: 0.745, Mean neg prob: 0.259
CUM Mean pos logit: 1.611, Mean neg logit: -3.810

Epoch 10, Batch 1980 | Acc: 0.8103 | PosAcc: 0.8506 | NegAcc: 0.7696
len(easy_positives): 12091 , len(easy_negatives): 12828
len(hard_positives): 621 , len(hard_negatives): 1156

CUM Mean pos prob: 0.745, Mean neg prob: 0.260
CUM Mean pos logit: 1.610, Mean neg logit: -3.807

Epoch 10, Batch 2000 | Acc: 0.8102 | PosAcc: 0.8505 | NegAcc: 0.7694
len(easy_positives): 12232 , len(easy_negatives): 12952
len(hard_positives): 630 , len(hard_negatives): 1172

CUM Mean pos prob: 0.745, Mean neg prob: 0.260
CUM Mean pos logit: 1.613, Mean neg logit: -3.811

Epoch 10, Batch 2020 | Acc: 0.8101 | PosAcc: 0.8506 | NegAcc: 0.7692
len(easy_positives): 12346 , len(easy_negatives): 13090
len(hard_positives): 639 , len(hard_negatives): 1182

CUM Mean pos prob: 0.745, Mean neg prob: 0.259
CUM Mean pos logit: 1.612, Mean neg logit: -3.817

Epoch 10, Batch 2040 | Acc: 0.8101 | PosAcc: 0.8506 | NegAcc: 0.7691
len(easy_positives): 12460 , len(easy_negatives): 13196
len(hard_positives): 646 , len(hard_negatives): 1191

CUM Mean pos prob: 0.745, Mean neg prob: 0.260
CUM Mean pos logit: 1.610, Mean neg logit: -3.806

Epoch 10, Batch 2060 | Acc: 0.8099 | PosAcc: 0.8506 | NegAcc: 0.7689
len(easy_positives): 12582 , len(easy_negatives): 13326
len(hard_positives): 654 , len(hard_negatives): 1204

CUM Mean pos prob: 0.745, Mean neg prob: 0.260
CUM Mean pos logit: 1.610, Mean neg logit: -3.813

Epoch 10, Batch 2080 | Acc: 0.8096 | PosAcc: 0.8499 | NegAcc: 0.7689
len(easy_positives): 12681 , len(easy_negatives): 13453
len(hard_positives): 663 , len(hard_negatives): 1213

CUM Mean pos prob: 0.745, Mean neg prob: 0.260
CUM Mean pos logit: 1.607, Mean neg logit: -3.813

Epoch 10, Batch 2100 | Acc: 0.8095 | PosAcc: 0.8496 | NegAcc: 0.7689
len(easy_positives): 12785 , len(easy_negatives): 13581
len(hard_positives): 669 , len(hard_negatives): 1223

CUM Mean pos prob: 0.744, Mean neg prob: 0.260
CUM Mean pos logit: 1.605, Mean neg logit: -3.800

Epoch 10, Batch 2120 | Acc: 0.8094 | PosAcc: 0.8493 | NegAcc: 0.7693
len(easy_positives): 12886 , len(easy_negatives): 13728
len(hard_positives): 676 , len(hard_negatives): 1228

CUM Mean pos prob: 0.744, Mean neg prob: 0.260
CUM Mean pos logit: 1.603, Mean neg logit: -3.793

Epoch 10, Batch 2140 | Acc: 0.8096 | PosAcc: 0.8496 | NegAcc: 0.7693
len(easy_positives): 13030 , len(easy_negatives): 13845
len(hard_positives): 681 , len(hard_negatives): 1240

CUM Mean pos prob: 0.744, Mean neg prob: 0.260
CUM Mean pos logit: 1.606, Mean neg logit: -3.784

Epoch 10, Batch 2160 | Acc: 0.8096 | PosAcc: 0.8495 | NegAcc: 0.7695
len(easy_positives): 13148 , len(easy_negatives): 13992
len(hard_positives): 687 , len(hard_negatives): 1248

CUM Mean pos prob: 0.744, Mean neg prob: 0.260
CUM Mean pos logit: 1.607, Mean neg logit: -3.790

Epoch 10, Batch 2180 | Acc: 0.8094 | PosAcc: 0.8492 | NegAcc: 0.7693
len(easy_positives): 13262 , len(easy_negatives): 14134
len(hard_positives): 697 , len(hard_negatives): 1261

CUM Mean pos prob: 0.744, Mean neg prob: 0.260
CUM Mean pos logit: 1.605, Mean neg logit: -3.795

Epoch 10, Batch 2200 | Acc: 0.8092 | PosAcc: 0.8491 | NegAcc: 0.7690
len(easy_positives): 13385 , len(easy_negatives): 14262
len(hard_positives): 702 , len(hard_negatives): 1274

CUM Mean pos prob: 0.744, Mean neg prob: 0.260
CUM Mean pos logit: 1.605, Mean neg logit: -3.787

Epoch 10, Batch 2220 | Acc: 0.8094 | PosAcc: 0.8492 | NegAcc: 0.7693
len(easy_positives): 13505 , len(easy_negatives): 14400
len(hard_positives): 706 , len(hard_negatives): 1284

CUM Mean pos prob: 0.744, Mean neg prob: 0.260
CUM Mean pos logit: 1.606, Mean neg logit: -3.782

Epoch 10, Batch 2240 | Acc: 0.8095 | PosAcc: 0.8492 | NegAcc: 0.7695
len(easy_positives): 13623 , len(easy_negatives): 14532
len(hard_positives): 711 , len(hard_negatives): 1297

CUM Mean pos prob: 0.744, Mean neg prob: 0.259
CUM Mean pos logit: 1.605, Mean neg logit: -3.775

Epoch 10, Batch 2260 | Acc: 0.8095 | PosAcc: 0.8492 | NegAcc: 0.7695
len(easy_positives): 13749 , len(easy_negatives): 14647
len(hard_positives): 719 , len(hard_negatives): 1310

CUM Mean pos prob: 0.744, Mean neg prob: 0.260
CUM Mean pos logit: 1.606, Mean neg logit: -3.771

Epoch 10, Batch 2280 | Acc: 0.8095 | PosAcc: 0.8491 | NegAcc: 0.7697
len(easy_positives): 13871 , len(easy_negatives): 14771
len(hard_positives): 725 , len(hard_negatives): 1325

CUM Mean pos prob: 0.744, Mean neg prob: 0.260
CUM Mean pos logit: 1.606, Mean neg logit: -3.770

Epoch 10, Batch 2300 | Acc: 0.8094 | PosAcc: 0.8489 | NegAcc: 0.7697
len(easy_positives): 13966 , len(easy_negatives): 14929
len(hard_positives): 730 , len(hard_negatives): 1333

CUM Mean pos prob: 0.744, Mean neg prob: 0.259
CUM Mean pos logit: 1.605, Mean neg logit: -3.771

Epoch 10, Batch 2320 | Acc: 0.8094 | PosAcc: 0.8487 | NegAcc: 0.7700
len(easy_positives): 14075 , len(easy_negatives): 15083
len(hard_positives): 739 , len(hard_negatives): 1342

CUM Mean pos prob: 0.744, Mean neg prob: 0.259
CUM Mean pos logit: 1.604, Mean neg logit: -3.778

Epoch 10, Batch 2340 | Acc: 0.8091 | PosAcc: 0.8483 | NegAcc: 0.7696
len(easy_positives): 14193 , len(easy_negatives): 15199
len(hard_positives): 741 , len(hard_negatives): 1354

CUM Mean pos prob: 0.744, Mean neg prob: 0.259
CUM Mean pos logit: 1.604, Mean neg logit: -3.768

Epoch 10, Batch 2360 | Acc: 0.8089 | PosAcc: 0.8479 | NegAcc: 0.7698
len(easy_positives): 14278 , len(easy_negatives): 15328
len(hard_positives): 749 , len(hard_negatives): 1362

CUM Mean pos prob: 0.744, Mean neg prob: 0.259
CUM Mean pos logit: 1.601, Mean neg logit: -3.762

Epoch 10, Batch 2380 | Acc: 0.8087 | PosAcc: 0.8475 | NegAcc: 0.7699
len(easy_positives): 14370 , len(easy_negatives): 15464
len(hard_positives): 757 , len(hard_negatives): 1371

CUM Mean pos prob: 0.743, Mean neg prob: 0.259
CUM Mean pos logit: 1.598, Mean neg logit: -3.756

Epoch 10, Batch 2400 | Acc: 0.8087 | PosAcc: 0.8475 | NegAcc: 0.7698
len(easy_positives): 14487 , len(easy_negatives): 15589
len(hard_positives): 759 , len(hard_negatives): 1381

CUM Mean pos prob: 0.743, Mean neg prob: 0.259
CUM Mean pos logit: 1.598, Mean neg logit: -3.753

Epoch 10, Batch 2420 | Acc: 0.8086 | PosAcc: 0.8475 | NegAcc: 0.7697
len(easy_positives): 14612 , len(easy_negatives): 15727
len(hard_positives): 765 , len(hard_negatives): 1395

CUM Mean pos prob: 0.743, Mean neg prob: 0.259
CUM Mean pos logit: 1.599, Mean neg logit: -3.758

Epoch 10, Batch 2440 | Acc: 0.8088 | PosAcc: 0.8477 | NegAcc: 0.7698
len(easy_positives): 14745 , len(easy_negatives): 15852
len(hard_positives): 771 , len(hard_negatives): 1407

CUM Mean pos prob: 0.743, Mean neg prob: 0.259
CUM Mean pos logit: 1.600, Mean neg logit: -3.768

Epoch 10, Batch 2460 | Acc: 0.8084 | PosAcc: 0.8472 | NegAcc: 0.7696
len(easy_positives): 14832 , len(easy_negatives): 15976
len(hard_positives): 777 , len(hard_negatives): 1423

CUM Mean pos prob: 0.743, Mean neg prob: 0.260
CUM Mean pos logit: 1.597, Mean neg logit: -3.763

Epoch 10, Batch 2480 | Acc: 0.8086 | PosAcc: 0.8477 | NegAcc: 0.7693
len(easy_positives): 14965 , len(easy_negatives): 16082
len(hard_positives): 780 , len(hard_negatives): 1431

CUM Mean pos prob: 0.743, Mean neg prob: 0.260
CUM Mean pos logit: 1.597, Mean neg logit: -3.754

Epoch 10, Batch 2500 | Acc: 0.8086 | PosAcc: 0.8477 | NegAcc: 0.7694
len(easy_positives): 15091 , len(easy_negatives): 16233
len(hard_positives): 788 , len(hard_negatives): 1441

CUM Mean pos prob: 0.743, Mean neg prob: 0.260
CUM Mean pos logit: 1.599, Mean neg logit: -3.770

Epoch 10, Batch 2520 | Acc: 0.8086 | PosAcc: 0.8478 | NegAcc: 0.7693
len(easy_positives): 15218 , len(easy_negatives): 16352
len(hard_positives): 794 , len(hard_negatives): 1455

CUM Mean pos prob: 0.743, Mean neg prob: 0.260
CUM Mean pos logit: 1.600, Mean neg logit: -3.768

Epoch 10, Batch 2540 | Acc: 0.8084 | PosAcc: 0.8477 | NegAcc: 0.7692
len(easy_positives): 15317 , len(easy_negatives): 16484
len(hard_positives): 798 , len(hard_negatives): 1468

CUM Mean pos prob: 0.743, Mean neg prob: 0.260
CUM Mean pos logit: 1.599, Mean neg logit: -3.763

Epoch 10, Batch 2560 | Acc: 0.8086 | PosAcc: 0.8476 | NegAcc: 0.7696
len(easy_positives): 15424 , len(easy_negatives): 16626
len(hard_positives): 806 , len(hard_negatives): 1478

CUM Mean pos prob: 0.743, Mean neg prob: 0.260
CUM Mean pos logit: 1.598, Mean neg logit: -3.760

Epoch 10, Batch 2580 | Acc: 0.8086 | PosAcc: 0.8476 | NegAcc: 0.7695
len(easy_positives): 15525 , len(easy_negatives): 16747
len(hard_positives): 812 , len(hard_negatives): 1487

CUM Mean pos prob: 0.743, Mean neg prob: 0.260
CUM Mean pos logit: 1.596, Mean neg logit: -3.754

Epoch 10, Batch 2600 | Acc: 0.8087 | PosAcc: 0.8477 | NegAcc: 0.7696
len(easy_positives): 15672 , len(easy_negatives): 16883
len(hard_positives): 818 , len(hard_negatives): 1502

CUM Mean pos prob: 0.743, Mean neg prob: 0.260
CUM Mean pos logit: 1.597, Mean neg logit: -3.759

Epoch 10, Batch 2620 | Acc: 0.8086 | PosAcc: 0.8474 | NegAcc: 0.7697
len(easy_positives): 15783 , len(easy_negatives): 17030
len(hard_positives): 824 , len(hard_negatives): 1513

CUM Mean pos prob: 0.743, Mean neg prob: 0.259
CUM Mean pos logit: 1.597, Mean neg logit: -3.763

Epoch 10, Batch 2640 | Acc: 0.8086 | PosAcc: 0.8474 | NegAcc: 0.7698
len(easy_positives): 15911 , len(easy_negatives): 17146
len(hard_positives): 827 , len(hard_negatives): 1519

CUM Mean pos prob: 0.743, Mean neg prob: 0.259
CUM Mean pos logit: 1.598, Mean neg logit: -3.760

Epoch 10, Batch 2660 | Acc: 0.8086 | PosAcc: 0.8476 | NegAcc: 0.7696
len(easy_positives): 16041 , len(easy_negatives): 17287
len(hard_positives): 833 , len(hard_negatives): 1532

CUM Mean pos prob: 0.743, Mean neg prob: 0.260
CUM Mean pos logit: 1.600, Mean neg logit: -3.761

Epoch 10, Batch 2680 | Acc: 0.8087 | PosAcc: 0.8479 | NegAcc: 0.7694
len(easy_positives): 16170 , len(easy_negatives): 17419
len(hard_positives): 836 , len(hard_negatives): 1545

CUM Mean pos prob: 0.743, Mean neg prob: 0.260
CUM Mean pos logit: 1.601, Mean neg logit: -3.759

Epoch 10, Batch 2700 | Acc: 0.8089 | PosAcc: 0.8480 | NegAcc: 0.7698
len(easy_positives): 16279 , len(easy_negatives): 17568
len(hard_positives): 842 , len(hard_negatives): 1554

CUM Mean pos prob: 0.743, Mean neg prob: 0.259
CUM Mean pos logit: 1.599, Mean neg logit: -3.767

Epoch 10, Batch 2720 | Acc: 0.8091 | PosAcc: 0.8482 | NegAcc: 0.7699
len(easy_positives): 16422 , len(easy_negatives): 17696
len(hard_positives): 850 , len(hard_negatives): 1567

CUM Mean pos prob: 0.743, Mean neg prob: 0.259
CUM Mean pos logit: 1.604, Mean neg logit: -3.774

Epoch 10, Batch 2740 | Acc: 0.8093 | PosAcc: 0.8483 | NegAcc: 0.7703
len(easy_positives): 16551 , len(easy_negatives): 17852
len(hard_positives): 859 , len(hard_negatives): 1577

CUM Mean pos prob: 0.743, Mean neg prob: 0.259
CUM Mean pos logit: 1.604, Mean neg logit: -3.781

Epoch 10, Batch 2760 | Acc: 0.8093 | PosAcc: 0.8484 | NegAcc: 0.7702
len(easy_positives): 16668 , len(easy_negatives): 17975
len(hard_positives): 867 , len(hard_negatives): 1592

CUM Mean pos prob: 0.743, Mean neg prob: 0.259
CUM Mean pos logit: 1.604, Mean neg logit: -3.775

Epoch 10, Batch 2780 | Acc: 0.8094 | PosAcc: 0.8485 | NegAcc: 0.7703
len(easy_positives): 16777 , len(easy_negatives): 18110
len(hard_positives): 876 , len(hard_negatives): 1600

CUM Mean pos prob: 0.743, Mean neg prob: 0.259
CUM Mean pos logit: 1.604, Mean neg logit: -3.778

Epoch 10, Batch 2800 | Acc: 0.8094 | PosAcc: 0.8486 | NegAcc: 0.7702
len(easy_positives): 16900 , len(easy_negatives): 18229
len(hard_positives): 880 , len(hard_negatives): 1614

CUM Mean pos prob: 0.743, Mean neg prob: 0.259
CUM Mean pos logit: 1.604, Mean neg logit: -3.779

Epoch 10, Batch 2820 | Acc: 0.8095 | PosAcc: 0.8490 | NegAcc: 0.7701
len(easy_positives): 17032 , len(easy_negatives): 18368
len(hard_positives): 884 , len(hard_negatives): 1625

CUM Mean pos prob: 0.744, Mean neg prob: 0.259
CUM Mean pos logit: 1.605, Mean neg logit: -3.783

Epoch 10, Batch 2840 | Acc: 0.8097 | PosAcc: 0.8490 | NegAcc: 0.7704
len(easy_positives): 17141 , len(easy_negatives): 18509
len(hard_positives): 894 , len(hard_negatives): 1641

CUM Mean pos prob: 0.743, Mean neg prob: 0.259
CUM Mean pos logit: 1.604, Mean neg logit: -3.794

Epoch 10, Batch 2860 | Acc: 0.8097 | PosAcc: 0.8489 | NegAcc: 0.7706
len(easy_positives): 17240 , len(easy_negatives): 18641
len(hard_positives): 899 , len(hard_negatives): 1657

CUM Mean pos prob: 0.743, Mean neg prob: 0.259
CUM Mean pos logit: 1.602, Mean neg logit: -3.799

Epoch 10, Batch 2880 | Acc: 0.8097 | PosAcc: 0.8489 | NegAcc: 0.7705
len(easy_positives): 17366 , len(easy_negatives): 18758
len(hard_positives): 904 , len(hard_negatives): 1669

CUM Mean pos prob: 0.743, Mean neg prob: 0.259
CUM Mean pos logit: 1.601, Mean neg logit: -3.799

Epoch 10, Batch 2900 | Acc: 0.8095 | PosAcc: 0.8490 | NegAcc: 0.7701
len(easy_positives): 17496 , len(easy_negatives): 18891
len(hard_positives): 911 , len(hard_negatives): 1687

CUM Mean pos prob: 0.743, Mean neg prob: 0.259
CUM Mean pos logit: 1.602, Mean neg logit: -3.801

Epoch 10, Batch 2920 | Acc: 0.8095 | PosAcc: 0.8490 | NegAcc: 0.7699
len(easy_positives): 17610 , len(easy_negatives): 19008
len(hard_positives): 918 , len(hard_negatives): 1704

CUM Mean pos prob: 0.743, Mean neg prob: 0.259
CUM Mean pos logit: 1.601, Mean neg logit: -3.797

Epoch 10, Batch 2940 | Acc: 0.8095 | PosAcc: 0.8489 | NegAcc: 0.7700
len(easy_positives): 17714 , len(easy_negatives): 19137
len(hard_positives): 925 , len(hard_negatives): 1713

CUM Mean pos prob: 0.743, Mean neg prob: 0.259
CUM Mean pos logit: 1.599, Mean neg logit: -3.797

Epoch 10, Batch 2960 | Acc: 0.8095 | PosAcc: 0.8488 | NegAcc: 0.7702
len(easy_positives): 17818 , len(easy_negatives): 19284
len(hard_positives): 931 , len(hard_negatives): 1727

CUM Mean pos prob: 0.743, Mean neg prob: 0.259
CUM Mean pos logit: 1.597, Mean neg logit: -3.794

Epoch 10, Batch 2980 | Acc: 0.8092 | PosAcc: 0.8485 | NegAcc: 0.7699
len(easy_positives): 17943 , len(easy_negatives): 19396
len(hard_positives): 935 , len(hard_negatives): 1736

CUM Mean pos prob: 0.743, Mean neg prob: 0.259
CUM Mean pos logit: 1.597, Mean neg logit: -3.788

Epoch 10, Batch 3000 | Acc: 0.8091 | PosAcc: 0.8485 | NegAcc: 0.7698
len(easy_positives): 18061 , len(easy_negatives): 19525
len(hard_positives): 938 , len(hard_negatives): 1746

CUM Mean pos prob: 0.743, Mean neg prob: 0.259
CUM Mean pos logit: 1.596, Mean neg logit: -3.786

Epoch 10, Batch 3020 | Acc: 0.8090 | PosAcc: 0.8485 | NegAcc: 0.7696
len(easy_positives): 18175 , len(easy_negatives): 19638
len(hard_positives): 944 , len(hard_negatives): 1755

CUM Mean pos prob: 0.743, Mean neg prob: 0.260
CUM Mean pos logit: 1.595, Mean neg logit: -3.782

Epoch 10, Batch 3040 | Acc: 0.8090 | PosAcc: 0.8484 | NegAcc: 0.7697
len(easy_positives): 18305 , len(easy_negatives): 19771
len(hard_positives): 949 , len(hard_negatives): 1766

CUM Mean pos prob: 0.743, Mean neg prob: 0.259
CUM Mean pos logit: 1.595, Mean neg logit: -3.780

Epoch 10, Batch 3060 | Acc: 0.8091 | PosAcc: 0.8483 | NegAcc: 0.7699
len(easy_positives): 18419 , len(easy_negatives): 19917
len(hard_positives): 958 , len(hard_negatives): 1782

CUM Mean pos prob: 0.743, Mean neg prob: 0.259
CUM Mean pos logit: 1.594, Mean neg logit: -3.785

Epoch 10, Batch 3080 | Acc: 0.8091 | PosAcc: 0.8486 | NegAcc: 0.7697
len(easy_positives): 18543 , len(easy_negatives): 20034
len(hard_positives): 963 , len(hard_negatives): 1793

CUM Mean pos prob: 0.743, Mean neg prob: 0.260
CUM Mean pos logit: 1.595, Mean neg logit: -3.781

Epoch 10, Batch 3100 | Acc: 0.8091 | PosAcc: 0.8482 | NegAcc: 0.7701
len(easy_positives): 18647 , len(easy_negatives): 20163
len(hard_positives): 976 , len(hard_negatives): 1803

CUM Mean pos prob: 0.743, Mean neg prob: 0.260
CUM Mean pos logit: 1.594, Mean neg logit: -3.776

Epoch 10, Batch 3120 | Acc: 0.8092 | PosAcc: 0.8483 | NegAcc: 0.7700
len(easy_positives): 18786 , len(easy_negatives): 20281
len(hard_positives): 979 , len(hard_negatives): 1810

CUM Mean pos prob: 0.743, Mean neg prob: 0.260
CUM Mean pos logit: 1.595, Mean neg logit: -3.774

Epoch 10, Batch 3140 | Acc: 0.8092 | PosAcc: 0.8482 | NegAcc: 0.7702
len(easy_positives): 18899 , len(easy_negatives): 20434
len(hard_positives): 989 , len(hard_negatives): 1822

CUM Mean pos prob: 0.743, Mean neg prob: 0.259
CUM Mean pos logit: 1.594, Mean neg logit: -3.778

Epoch 10, Batch 3160 | Acc: 0.8093 | PosAcc: 0.8484 | NegAcc: 0.7702
len(easy_positives): 19063 , len(easy_negatives): 20548
len(hard_positives): 994 , len(hard_negatives): 1836

CUM Mean pos prob: 0.743, Mean neg prob: 0.259
CUM Mean pos logit: 1.596, Mean neg logit: -3.779

Epoch 10, Batch 3180 | Acc: 0.8098 | PosAcc: 0.8487 | NegAcc: 0.7708
len(easy_positives): 19205 , len(easy_negatives): 20690
len(hard_positives): 1000 , len(hard_negatives): 1844

CUM Mean pos prob: 0.743, Mean neg prob: 0.259
CUM Mean pos logit: 1.598, Mean neg logit: -3.783

Epoch 10, Batch 3200 | Acc: 0.8098 | PosAcc: 0.8490 | NegAcc: 0.7706
len(easy_positives): 19339 , len(easy_negatives): 20813
len(hard_positives): 1005 , len(hard_negatives): 1864

CUM Mean pos prob: 0.743, Mean neg prob: 0.259
CUM Mean pos logit: 1.600, Mean neg logit: -3.779

Epoch 10, Batch 3220 | Acc: 0.8098 | PosAcc: 0.8491 | NegAcc: 0.7705
len(easy_positives): 19476 , len(easy_negatives): 20937
len(hard_positives): 1008 , len(hard_negatives): 1875

CUM Mean pos prob: 0.744, Mean neg prob: 0.259
CUM Mean pos logit: 1.601, Mean neg logit: -3.776

Epoch 10, Batch 3240 | Acc: 0.8097 | PosAcc: 0.8488 | NegAcc: 0.7705
len(easy_positives): 19569 , len(easy_negatives): 21084
len(hard_positives): 1018 , len(hard_negatives): 1886

CUM Mean pos prob: 0.743, Mean neg prob: 0.259
CUM Mean pos logit: 1.600, Mean neg logit: -3.776

Epoch 10, Batch 3260 | Acc: 0.8094 | PosAcc: 0.8487 | NegAcc: 0.7702
len(easy_positives): 19679 , len(easy_negatives): 21198
len(hard_positives): 1025 , len(hard_negatives): 1897

CUM Mean pos prob: 0.743, Mean neg prob: 0.259
CUM Mean pos logit: 1.599, Mean neg logit: -3.770

Epoch 10, Batch 3280 | Acc: 0.8094 | PosAcc: 0.8484 | NegAcc: 0.7705
len(easy_positives): 19789 , len(easy_negatives): 21341
len(hard_positives): 1035 , len(hard_negatives): 1908

CUM Mean pos prob: 0.743, Mean neg prob: 0.259
CUM Mean pos logit: 1.598, Mean neg logit: -3.770

Epoch 10, Batch 3300 | Acc: 0.8095 | PosAcc: 0.8484 | NegAcc: 0.7705
len(easy_positives): 19904 , len(easy_negatives): 21467
len(hard_positives): 1041 , len(hard_negatives): 1918

CUM Mean pos prob: 0.743, Mean neg prob: 0.259
CUM Mean pos logit: 1.597, Mean neg logit: -3.769

Epoch 10, Batch 3320 | Acc: 0.8095 | PosAcc: 0.8487 | NegAcc: 0.7702
len(easy_positives): 20040 , len(easy_negatives): 21581
len(hard_positives): 1044 , len(hard_negatives): 1930

CUM Mean pos prob: 0.743, Mean neg prob: 0.259
CUM Mean pos logit: 1.598, Mean neg logit: -3.767

Epoch 10, Batch 3340 | Acc: 0.8094 | PosAcc: 0.8485 | NegAcc: 0.7702
len(easy_positives): 20160 , len(easy_negatives): 21706
len(hard_positives): 1051 , len(hard_negatives): 1942

CUM Mean pos prob: 0.743, Mean neg prob: 0.259
CUM Mean pos logit: 1.598, Mean neg logit: -3.762

Epoch 10, Batch 3360 | Acc: 0.8093 | PosAcc: 0.8485 | NegAcc: 0.7702
len(easy_positives): 20262 , len(easy_negatives): 21826
len(hard_positives): 1060 , len(hard_negatives): 1951

CUM Mean pos prob: 0.743, Mean neg prob: 0.259
CUM Mean pos logit: 1.597, Mean neg logit: -3.760

Epoch 10, Batch 3380 | Acc: 0.8095 | PosAcc: 0.8486 | NegAcc: 0.7703
len(easy_positives): 20403 , len(easy_negatives): 21951
len(hard_positives): 1068 , len(hard_negatives): 1963

CUM Mean pos prob: 0.743, Mean neg prob: 0.259
CUM Mean pos logit: 1.598, Mean neg logit: -3.758

Epoch 10, Batch 3400 | Acc: 0.8095 | PosAcc: 0.8485 | NegAcc: 0.7704
len(easy_positives): 20527 , len(easy_negatives): 22094
len(hard_positives): 1075 , len(hard_negatives): 1973

CUM Mean pos prob: 0.743, Mean neg prob: 0.259
CUM Mean pos logit: 1.598, Mean neg logit: -3.763

Epoch 10, Batch 3420 | Acc: 0.8096 | PosAcc: 0.8489 | NegAcc: 0.7703
len(easy_positives): 20663 , len(easy_negatives): 22239
len(hard_positives): 1080 , len(hard_negatives): 1990

CUM Mean pos prob: 0.743, Mean neg prob: 0.259
CUM Mean pos logit: 1.600, Mean neg logit: -3.764

Epoch 10, Batch 3440 | Acc: 0.8096 | PosAcc: 0.8488 | NegAcc: 0.7703
len(easy_positives): 20762 , len(easy_negatives): 22368
len(hard_positives): 1085 , len(hard_negatives): 1998

CUM Mean pos prob: 0.743, Mean neg prob: 0.259
CUM Mean pos logit: 1.599, Mean neg logit: -3.762

Epoch 10, Batch 3460 | Acc: 0.8094 | PosAcc: 0.8487 | NegAcc: 0.7701
len(easy_positives): 20895 , len(easy_negatives): 22493
len(hard_positives): 1094 , len(hard_negatives): 2016

CUM Mean pos prob: 0.743, Mean neg prob: 0.259
CUM Mean pos logit: 1.599, Mean neg logit: -3.762

Epoch 10, Batch 3480 | Acc: 0.8095 | PosAcc: 0.8488 | NegAcc: 0.7702
len(easy_positives): 21027 , len(easy_negatives): 22619
len(hard_positives): 1098 , len(hard_negatives): 2022

CUM Mean pos prob: 0.743, Mean neg prob: 0.259
CUM Mean pos logit: 1.601, Mean neg logit: -3.761

Epoch 10, Batch 3500 | Acc: 0.8096 | PosAcc: 0.8488 | NegAcc: 0.7703
len(easy_positives): 21158 , len(easy_negatives): 22744
len(hard_positives): 1107 , len(hard_negatives): 2038

CUM Mean pos prob: 0.743, Mean neg prob: 0.259
CUM Mean pos logit: 1.601, Mean neg logit: -3.762

Epoch 10, Batch 3520 | Acc: 0.8094 | PosAcc: 0.8485 | NegAcc: 0.7701
len(easy_positives): 21268 , len(easy_negatives): 22861
len(hard_positives): 1114 , len(hard_negatives): 2048

CUM Mean pos prob: 0.743, Mean neg prob: 0.259
CUM Mean pos logit: 1.600, Mean neg logit: -3.759

Epoch 10, Batch 3540 | Acc: 0.8093 | PosAcc: 0.8486 | NegAcc: 0.7701
len(easy_positives): 21402 , len(easy_negatives): 22994
len(hard_positives): 1122 , len(hard_negatives): 2055

CUM Mean pos prob: 0.743, Mean neg prob: 0.259
CUM Mean pos logit: 1.601, Mean neg logit: -3.762

Epoch 10, Batch 3560 | Acc: 0.8094 | PosAcc: 0.8485 | NegAcc: 0.7703
len(easy_positives): 21516 , len(easy_negatives): 23145
len(hard_positives): 1131 , len(hard_negatives): 2069

CUM Mean pos prob: 0.743, Mean neg prob: 0.259
CUM Mean pos logit: 1.601, Mean neg logit: -3.772

Epoch 10, Batch 3580 | Acc: 0.8094 | PosAcc: 0.8486 | NegAcc: 0.7702
len(easy_positives): 21645 , len(easy_negatives): 23271
len(hard_positives): 1140 , len(hard_negatives): 2082

CUM Mean pos prob: 0.743, Mean neg prob: 0.259
CUM Mean pos logit: 1.602, Mean neg logit: -3.773

Epoch 10, Batch 3600 | Acc: 0.8094 | PosAcc: 0.8486 | NegAcc: 0.7701
len(easy_positives): 21763 , len(easy_negatives): 23379
len(hard_positives): 1146 , len(hard_negatives): 2091

CUM Mean pos prob: 0.743, Mean neg prob: 0.259
CUM Mean pos logit: 1.602, Mean neg logit: -3.773

Epoch 10, Batch 3620 | Acc: 0.8092 | PosAcc: 0.8486 | NegAcc: 0.7697
len(easy_positives): 21898 , len(easy_negatives): 23489
len(hard_positives): 1149 , len(hard_negatives): 2103

CUM Mean pos prob: 0.743, Mean neg prob: 0.260
CUM Mean pos logit: 1.602, Mean neg logit: -3.769

Epoch 10, Batch 3640 | Acc: 0.8092 | PosAcc: 0.8487 | NegAcc: 0.7697
len(easy_positives): 22009 , len(easy_negatives): 23614
len(hard_positives): 1156 , len(hard_negatives): 2116

CUM Mean pos prob: 0.743, Mean neg prob: 0.260
CUM Mean pos logit: 1.602, Mean neg logit: -3.763

Epoch 10, Batch 3660 | Acc: 0.8091 | PosAcc: 0.8485 | NegAcc: 0.7697
len(easy_positives): 22125 , len(easy_negatives): 23738
len(hard_positives): 1162 , len(hard_negatives): 2126

CUM Mean pos prob: 0.743, Mean neg prob: 0.260
CUM Mean pos logit: 1.602, Mean neg logit: -3.762

Epoch 10, Batch 3680 | Acc: 0.8091 | PosAcc: 0.8486 | NegAcc: 0.7696
len(easy_positives): 22242 , len(easy_negatives): 23872
len(hard_positives): 1166 , len(hard_negatives): 2141

CUM Mean pos prob: 0.743, Mean neg prob: 0.260
CUM Mean pos logit: 1.602, Mean neg logit: -3.761

Epoch 10, Batch 3700 | Acc: 0.8091 | PosAcc: 0.8485 | NegAcc: 0.7698
len(easy_positives): 22346 , len(easy_negatives): 24028
len(hard_positives): 1170 , len(hard_negatives): 2147

CUM Mean pos prob: 0.743, Mean neg prob: 0.259
CUM Mean pos logit: 1.601, Mean neg logit: -3.767

Epoch 10, Batch 3720 | Acc: 0.8090 | PosAcc: 0.8484 | NegAcc: 0.7696
len(easy_positives): 22479 , len(easy_negatives): 24157
len(hard_positives): 1177 , len(hard_negatives): 2163

CUM Mean pos prob: 0.743, Mean neg prob: 0.260
CUM Mean pos logit: 1.602, Mean neg logit: -3.768

Epoch 10, Batch 3740 | Acc: 0.8091 | PosAcc: 0.8485 | NegAcc: 0.7697
len(easy_positives): 22599 , len(easy_negatives): 24288
len(hard_positives): 1183 , len(hard_negatives): 2169

CUM Mean pos prob: 0.743, Mean neg prob: 0.259
CUM Mean pos logit: 1.602, Mean neg logit: -3.766

Epoch 10, Batch 3760 | Acc: 0.8093 | PosAcc: 0.8486 | NegAcc: 0.7699
len(easy_positives): 22707 , len(easy_negatives): 24431
len(hard_positives): 1191 , len(hard_negatives): 2179

CUM Mean pos prob: 0.743, Mean neg prob: 0.259
CUM Mean pos logit: 1.602, Mean neg logit: -3.770

Epoch 10, Batch 3780 | Acc: 0.8093 | PosAcc: 0.8487 | NegAcc: 0.7697
len(easy_positives): 22842 , len(easy_negatives): 24541
len(hard_positives): 1195 , len(hard_negatives): 2194

CUM Mean pos prob: 0.743, Mean neg prob: 0.259
CUM Mean pos logit: 1.603, Mean neg logit: -3.771

Epoch 10, Batch 3800 | Acc: 0.8095 | PosAcc: 0.8489 | NegAcc: 0.7700
len(easy_positives): 22981 , len(easy_negatives): 24679
len(hard_positives): 1203 , len(hard_negatives): 2203

CUM Mean pos prob: 0.743, Mean neg prob: 0.259
CUM Mean pos logit: 1.605, Mean neg logit: -3.773

Epoch 10, Batch 3820 | Acc: 0.8095 | PosAcc: 0.8492 | NegAcc: 0.7697
len(easy_positives): 23126 , len(easy_negatives): 24817
len(hard_positives): 1206 , len(hard_negatives): 2221

CUM Mean pos prob: 0.744, Mean neg prob: 0.259
CUM Mean pos logit: 1.606, Mean neg logit: -3.782

Epoch 10, Batch 3840 | Acc: 0.8094 | PosAcc: 0.8490 | NegAcc: 0.7697
len(easy_positives): 23234 , len(easy_negatives): 24951
len(hard_positives): 1212 , len(hard_negatives): 2232

CUM Mean pos prob: 0.744, Mean neg prob: 0.259
CUM Mean pos logit: 1.605, Mean neg logit: -3.790

Epoch 10, Batch 3860 | Acc: 0.8093 | PosAcc: 0.8489 | NegAcc: 0.7698
len(easy_positives): 23337 , len(easy_negatives): 25098
len(hard_positives): 1223 , len(hard_negatives): 2246

CUM Mean pos prob: 0.743, Mean neg prob: 0.259
CUM Mean pos logit: 1.605, Mean neg logit: -3.789

Epoch 10, Batch 3880 | Acc: 0.8094 | PosAcc: 0.8488 | NegAcc: 0.7699
len(easy_positives): 23447 , len(easy_negatives): 25221
len(hard_positives): 1229 , len(hard_negatives): 2256

CUM Mean pos prob: 0.743, Mean neg prob: 0.259
CUM Mean pos logit: 1.603, Mean neg logit: -3.787

Epoch 10, Batch 3900 | Acc: 0.8094 | PosAcc: 0.8489 | NegAcc: 0.7699
len(easy_positives): 23571 , len(easy_negatives): 25359
len(hard_positives): 1234 , len(hard_negatives): 2265

CUM Mean pos prob: 0.743, Mean neg prob: 0.259
CUM Mean pos logit: 1.603, Mean neg logit: -3.790

Epoch 10, Batch 3920 | Acc: 0.8094 | PosAcc: 0.8489 | NegAcc: 0.7699
len(easy_positives): 23702 , len(easy_negatives): 25488
len(hard_positives): 1241 , len(hard_negatives): 2279

CUM Mean pos prob: 0.743, Mean neg prob: 0.259
CUM Mean pos logit: 1.603, Mean neg logit: -3.790

Epoch 10, Batch 3940 | Acc: 0.8093 | PosAcc: 0.8488 | NegAcc: 0.7697
len(easy_positives): 23836 , len(easy_negatives): 25599
len(hard_positives): 1249 , len(hard_negatives): 2286

CUM Mean pos prob: 0.743, Mean neg prob: 0.259
CUM Mean pos logit: 1.603, Mean neg logit: -3.787

Epoch 10, Batch 3960 | Acc: 0.8093 | PosAcc: 0.8488 | NegAcc: 0.7698
len(easy_positives): 23943 , len(easy_negatives): 25736
len(hard_positives): 1249 , len(hard_negatives): 2294

CUM Mean pos prob: 0.743, Mean neg prob: 0.259
CUM Mean pos logit: 1.603, Mean neg logit: -3.787

Epoch 10, Batch 3980 | Acc: 0.8094 | PosAcc: 0.8487 | NegAcc: 0.7701
len(easy_positives): 24064 , len(easy_negatives): 25889
len(hard_positives): 1255 , len(hard_negatives): 2307

CUM Mean pos prob: 0.743, Mean neg prob: 0.259
CUM Mean pos logit: 1.605, Mean neg logit: -3.790

Epoch 10, Batch 4000 | Acc: 0.8094 | PosAcc: 0.8487 | NegAcc: 0.7701
len(easy_positives): 24179 , len(easy_negatives): 26013
len(hard_positives): 1263 , len(hard_negatives): 2315

CUM Mean pos prob: 0.743, Mean neg prob: 0.259
CUM Mean pos logit: 1.605, Mean neg logit: -3.789

Epoch 10, Batch 4020 | Acc: 0.8095 | PosAcc: 0.8488 | NegAcc: 0.7702
len(easy_positives): 24314 , len(easy_negatives): 26139
len(hard_positives): 1270 , len(hard_negatives): 2329

CUM Mean pos prob: 0.743, Mean neg prob: 0.259
CUM Mean pos logit: 1.605, Mean neg logit: -3.791

Epoch 10, Batch 4040 | Acc: 0.8095 | PosAcc: 0.8488 | NegAcc: 0.7701
len(easy_positives): 24447 , len(easy_negatives): 26272
len(hard_positives): 1275 , len(hard_negatives): 2347

CUM Mean pos prob: 0.744, Mean neg prob: 0.259
CUM Mean pos logit: 1.606, Mean neg logit: -3.794

Epoch 10, Batch 4060 | Acc: 0.8095 | PosAcc: 0.8489 | NegAcc: 0.7700
len(easy_positives): 24566 , len(easy_negatives): 26379
len(hard_positives): 1281 , len(hard_negatives): 2362

CUM Mean pos prob: 0.744, Mean neg prob: 0.259
CUM Mean pos logit: 1.606, Mean neg logit: -3.792

Epoch 10, Batch 4080 | Acc: 0.8094 | PosAcc: 0.8488 | NegAcc: 0.7700
len(easy_positives): 24671 , len(easy_negatives): 26502
len(hard_positives): 1293 , len(hard_negatives): 2368

CUM Mean pos prob: 0.743, Mean neg prob: 0.259
CUM Mean pos logit: 1.605, Mean neg logit: -3.791

Epoch 10, Batch 4100 | Acc: 0.8093 | PosAcc: 0.8488 | NegAcc: 0.7698
len(easy_positives): 24805 , len(easy_negatives): 26621
len(hard_positives): 1300 , len(hard_negatives): 2384

CUM Mean pos prob: 0.743, Mean neg prob: 0.259
CUM Mean pos logit: 1.606, Mean neg logit: -3.788

Epoch 10, Batch 4120 | Acc: 0.8095 | PosAcc: 0.8492 | NegAcc: 0.7698
len(easy_positives): 24954 , len(easy_negatives): 26730
len(hard_positives): 1304 , len(hard_negatives): 2396

CUM Mean pos prob: 0.744, Mean neg prob: 0.259
CUM Mean pos logit: 1.606, Mean neg logit: -3.789

Epoch 10, Batch 4140 | Acc: 0.8095 | PosAcc: 0.8492 | NegAcc: 0.7696
len(easy_positives): 25075 , len(easy_negatives): 26875
len(hard_positives): 1311 , len(hard_negatives): 2405

CUM Mean pos prob: 0.744, Mean neg prob: 0.259
CUM Mean pos logit: 1.607, Mean neg logit: -3.791

Epoch 10, Batch 4160 | Acc: 0.8095 | PosAcc: 0.8492 | NegAcc: 0.7696
len(easy_positives): 25209 , len(easy_negatives): 27006
len(hard_positives): 1318 , len(hard_negatives): 2419

CUM Mean pos prob: 0.744, Mean neg prob: 0.259
CUM Mean pos logit: 1.608, Mean neg logit: -3.791

Epoch 10, Batch 4180 | Acc: 0.8095 | PosAcc: 0.8492 | NegAcc: 0.7697
len(easy_positives): 25321 , len(easy_negatives): 27146
len(hard_positives): 1324 , len(hard_negatives): 2426

CUM Mean pos prob: 0.744, Mean neg prob: 0.259
CUM Mean pos logit: 1.608, Mean neg logit: -3.792

Epoch 10, Batch 4200 | Acc: 0.8096 | PosAcc: 0.8492 | NegAcc: 0.7700
len(easy_positives): 25431 , len(easy_negatives): 27285
len(hard_positives): 1332 , len(hard_negatives): 2437

CUM Mean pos prob: 0.744, Mean neg prob: 0.259
CUM Mean pos logit: 1.607, Mean neg logit: -3.798

Epoch 10, Batch 4220 | Acc: 0.8096 | PosAcc: 0.8492 | NegAcc: 0.7699
len(easy_positives): 25569 , len(easy_negatives): 27411
len(hard_positives): 1339 , len(hard_negatives): 2452

CUM Mean pos prob: 0.744, Mean neg prob: 0.259
CUM Mean pos logit: 1.608, Mean neg logit: -3.798

Epoch 10, Batch 4240 | Acc: 0.8096 | PosAcc: 0.8493 | NegAcc: 0.7699
len(easy_positives): 25666 , len(easy_negatives): 27538
len(hard_positives): 1343 , len(hard_negatives): 2462

CUM Mean pos prob: 0.744, Mean neg prob: 0.259
CUM Mean pos logit: 1.607, Mean neg logit: -3.794

Epoch 10, Batch 4260 | Acc: 0.8094 | PosAcc: 0.8490 | NegAcc: 0.7698
len(easy_positives): 25760 , len(easy_negatives): 27657
len(hard_positives): 1350 , len(hard_negatives): 2474

CUM Mean pos prob: 0.743, Mean neg prob: 0.259
CUM Mean pos logit: 1.605, Mean neg logit: -3.791

Epoch 10, Batch 4280 | Acc: 0.8093 | PosAcc: 0.8489 | NegAcc: 0.7696
len(easy_positives): 25871 , len(easy_negatives): 27762
len(hard_positives): 1357 , len(hard_negatives): 2484

CUM Mean pos prob: 0.743, Mean neg prob: 0.260
CUM Mean pos logit: 1.604, Mean neg logit: -3.786

Epoch 10, Batch 4300 | Acc: 0.8094 | PosAcc: 0.8491 | NegAcc: 0.7697
len(easy_positives): 25982 , len(easy_negatives): 27889
len(hard_positives): 1361 , len(hard_negatives): 2490

CUM Mean pos prob: 0.743, Mean neg prob: 0.260
CUM Mean pos logit: 1.603, Mean neg logit: -3.785

Epoch 10, Batch 4320 | Acc: 0.8094 | PosAcc: 0.8490 | NegAcc: 0.7697
len(easy_positives): 26090 , len(easy_negatives): 28014
len(hard_positives): 1368 , len(hard_negatives): 2499

CUM Mean pos prob: 0.743, Mean neg prob: 0.260
CUM Mean pos logit: 1.602, Mean neg logit: -3.782

Epoch 10, Batch 4340 | Acc: 0.8094 | PosAcc: 0.8492 | NegAcc: 0.7695
len(easy_positives): 26240 , len(easy_negatives): 28124
len(hard_positives): 1369 , len(hard_negatives): 2521

CUM Mean pos prob: 0.743, Mean neg prob: 0.260
CUM Mean pos logit: 1.603, Mean neg logit: -3.781

Epoch 10, Batch 4360 | Acc: 0.8094 | PosAcc: 0.8491 | NegAcc: 0.7695
len(easy_positives): 26339 , len(easy_negatives): 28263
len(hard_positives): 1375 , len(hard_negatives): 2531

CUM Mean pos prob: 0.743, Mean neg prob: 0.260
CUM Mean pos logit: 1.602, Mean neg logit: -3.779

Epoch 10, Batch 4380 | Acc: 0.8094 | PosAcc: 0.8492 | NegAcc: 0.7694
len(easy_positives): 26451 , len(easy_negatives): 28394
len(hard_positives): 1382 , len(hard_negatives): 2545

CUM Mean pos prob: 0.743, Mean neg prob: 0.260
CUM Mean pos logit: 1.601, Mean neg logit: -3.778

Epoch 10, Batch 4400 | Acc: 0.8095 | PosAcc: 0.8492 | NegAcc: 0.7696
len(easy_positives): 26586 , len(easy_negatives): 28539
len(hard_positives): 1388 , len(hard_negatives): 2554

CUM Mean pos prob: 0.743, Mean neg prob: 0.260
CUM Mean pos logit: 1.602, Mean neg logit: -3.786

Epoch 10, Batch 4420 | Acc: 0.8096 | PosAcc: 0.8493 | NegAcc: 0.7698
len(easy_positives): 26729 , len(easy_negatives): 28686
len(hard_positives): 1389 , len(hard_negatives): 2564

CUM Mean pos prob: 0.744, Mean neg prob: 0.260
CUM Mean pos logit: 1.604, Mean neg logit: -3.790

Epoch 10, Batch 4440 | Acc: 0.8097 | PosAcc: 0.8494 | NegAcc: 0.7699
len(easy_positives): 26871 , len(easy_negatives): 28821
len(hard_positives): 1397 , len(hard_negatives): 2587

CUM Mean pos prob: 0.744, Mean neg prob: 0.259
CUM Mean pos logit: 1.606, Mean neg logit: -3.796

Epoch 10, Batch 4460 | Acc: 0.8095 | PosAcc: 0.8491 | NegAcc: 0.7699
len(easy_positives): 26973 , len(easy_negatives): 28937
len(hard_positives): 1406 , len(hard_negatives): 2593

CUM Mean pos prob: 0.743, Mean neg prob: 0.260
CUM Mean pos logit: 1.604, Mean neg logit: -3.794

Epoch 10, Batch 4480 | Acc: 0.8096 | PosAcc: 0.8490 | NegAcc: 0.7702
len(easy_positives): 27065 , len(easy_negatives): 29094
len(hard_positives): 1411 , len(hard_negatives): 2604

CUM Mean pos prob: 0.743, Mean neg prob: 0.259
CUM Mean pos logit: 1.603, Mean neg logit: -3.792

Epoch 10, Batch 4500 | Acc: 0.8096 | PosAcc: 0.8490 | NegAcc: 0.7702
len(easy_positives): 27194 , len(easy_negatives): 29226
len(hard_positives): 1418 , len(hard_negatives): 2617

CUM Mean pos prob: 0.743, Mean neg prob: 0.259
CUM Mean pos logit: 1.602, Mean neg logit: -3.793

Epoch 10, Batch 4520 | Acc: 0.8096 | PosAcc: 0.8490 | NegAcc: 0.7701
len(easy_positives): 27327 , len(easy_negatives): 29359
len(hard_positives): 1424 , len(hard_negatives): 2625

CUM Mean pos prob: 0.743, Mean neg prob: 0.259
CUM Mean pos logit: 1.603, Mean neg logit: -3.790

Epoch 10, Batch 4540 | Acc: 0.8094 | PosAcc: 0.8489 | NegAcc: 0.7699
len(easy_positives): 27433 , len(easy_negatives): 29489
len(hard_positives): 1431 , len(hard_negatives): 2642

CUM Mean pos prob: 0.743, Mean neg prob: 0.260
CUM Mean pos logit: 1.602, Mean neg logit: -3.787

Epoch 10, Batch 4560 | Acc: 0.8095 | PosAcc: 0.8489 | NegAcc: 0.7701
len(easy_positives): 27549 , len(easy_negatives): 29630
len(hard_positives): 1435 , len(hard_negatives): 2651

CUM Mean pos prob: 0.743, Mean neg prob: 0.259
CUM Mean pos logit: 1.602, Mean neg logit: -3.788

Epoch 10, Batch 4580 | Acc: 0.8096 | PosAcc: 0.8490 | NegAcc: 0.7701
len(easy_positives): 27678 , len(easy_negatives): 29759
len(hard_positives): 1441 , len(hard_negatives): 2663

CUM Mean pos prob: 0.743, Mean neg prob: 0.259
CUM Mean pos logit: 1.603, Mean neg logit: -3.789

Epoch 10, Batch 4600 | Acc: 0.8096 | PosAcc: 0.8489 | NegAcc: 0.7702
len(easy_positives): 27792 , len(easy_negatives): 29907
len(hard_positives): 1453 , len(hard_negatives): 2670

CUM Mean pos prob: 0.743, Mean neg prob: 0.259
CUM Mean pos logit: 1.602, Mean neg logit: -3.795

Epoch 10, Batch 4620 | Acc: 0.8095 | PosAcc: 0.8488 | NegAcc: 0.7702
len(easy_positives): 27906 , len(easy_negatives): 30052
len(hard_positives): 1458 , len(hard_negatives): 2685

CUM Mean pos prob: 0.743, Mean neg prob: 0.259
CUM Mean pos logit: 1.602, Mean neg logit: -3.801

Epoch 10, Batch 4640 | Acc: 0.8095 | PosAcc: 0.8489 | NegAcc: 0.7701
len(easy_positives): 28013 , len(easy_negatives): 30174
len(hard_positives): 1464 , len(hard_negatives): 2700

CUM Mean pos prob: 0.743, Mean neg prob: 0.259
CUM Mean pos logit: 1.601, Mean neg logit: -3.799

Epoch 10, Batch 4660 | Acc: 0.8095 | PosAcc: 0.8487 | NegAcc: 0.7702
len(easy_positives): 28105 , len(easy_negatives): 30319
len(hard_positives): 1471 , len(hard_negatives): 2707

CUM Mean pos prob: 0.743, Mean neg prob: 0.259
CUM Mean pos logit: 1.599, Mean neg logit: -3.796

Epoch 10, Batch 4680 | Acc: 0.8094 | PosAcc: 0.8487 | NegAcc: 0.7702
len(easy_positives): 28213 , len(easy_negatives): 30456
len(hard_positives): 1477 , len(hard_negatives): 2718

CUM Mean pos prob: 0.743, Mean neg prob: 0.259
CUM Mean pos logit: 1.599, Mean neg logit: -3.798

Epoch 10, Batch 4700 | Acc: 0.8095 | PosAcc: 0.8487 | NegAcc: 0.7703
len(easy_positives): 28330 , len(easy_negatives): 30583
len(hard_positives): 1483 , len(hard_negatives): 2727

CUM Mean pos prob: 0.743, Mean neg prob: 0.259
CUM Mean pos logit: 1.598, Mean neg logit: -3.797

Epoch 10, Batch 4720 | Acc: 0.8096 | PosAcc: 0.8489 | NegAcc: 0.7704
len(easy_positives): 28468 , len(easy_negatives): 30712
len(hard_positives): 1491 , len(hard_negatives): 2742

CUM Mean pos prob: 0.743, Mean neg prob: 0.259
CUM Mean pos logit: 1.600, Mean neg logit: -3.802

Epoch 10, Batch 4740 | Acc: 0.8095 | PosAcc: 0.8487 | NegAcc: 0.7704
len(easy_positives): 28594 , len(easy_negatives): 30833
len(hard_positives): 1495 , len(hard_negatives): 2745

CUM Mean pos prob: 0.743, Mean neg prob: 0.259
CUM Mean pos logit: 1.600, Mean neg logit: -3.802

Epoch 10, Batch 4760 | Acc: 0.8096 | PosAcc: 0.8488 | NegAcc: 0.7704
len(easy_positives): 28724 , len(easy_negatives): 30965
len(hard_positives): 1500 , len(hard_negatives): 2759

CUM Mean pos prob: 0.743, Mean neg prob: 0.259
CUM Mean pos logit: 1.600, Mean neg logit: -3.807

Epoch 10, Batch 4780 | Acc: 0.8095 | PosAcc: 0.8486 | NegAcc: 0.7704
len(easy_positives): 28842 , len(easy_negatives): 31098
len(hard_positives): 1508 , len(hard_negatives): 2769

CUM Mean pos prob: 0.743, Mean neg prob: 0.259
CUM Mean pos logit: 1.600, Mean neg logit: -3.810

Epoch 10, Batch 4800 | Acc: 0.8094 | PosAcc: 0.8483 | NegAcc: 0.7705
len(easy_positives): 28938 , len(easy_negatives): 31239
len(hard_positives): 1513 , len(hard_negatives): 2780

CUM Mean pos prob: 0.743, Mean neg prob: 0.259
CUM Mean pos logit: 1.599, Mean neg logit: -3.811

Epoch 10, Batch 4820 | Acc: 0.8094 | PosAcc: 0.8483 | NegAcc: 0.7705
len(easy_positives): 29060 , len(easy_negatives): 31367
len(hard_positives): 1519 , len(hard_negatives): 2790

CUM Mean pos prob: 0.743, Mean neg prob: 0.259
CUM Mean pos logit: 1.599, Mean neg logit: -3.809

Epoch 10, Batch 4840 | Acc: 0.8094 | PosAcc: 0.8484 | NegAcc: 0.7705
len(easy_positives): 29204 , len(easy_negatives): 31488
len(hard_positives): 1526 , len(hard_negatives): 2800

CUM Mean pos prob: 0.743, Mean neg prob: 0.259
CUM Mean pos logit: 1.599, Mean neg logit: -3.807

Epoch 10, Batch 4860 | Acc: 0.8094 | PosAcc: 0.8483 | NegAcc: 0.7706
len(easy_positives): 29302 , len(easy_negatives): 31631
len(hard_positives): 1530 , len(hard_negatives): 2813

CUM Mean pos prob: 0.743, Mean neg prob: 0.259
CUM Mean pos logit: 1.598, Mean neg logit: -3.808

Epoch 10, Batch 4880 | Acc: 0.8094 | PosAcc: 0.8484 | NegAcc: 0.7705
len(easy_positives): 29453 , len(easy_negatives): 31758
len(hard_positives): 1537 , len(hard_negatives): 2823

CUM Mean pos prob: 0.743, Mean neg prob: 0.259
CUM Mean pos logit: 1.600, Mean neg logit: -3.806

Epoch 10, Batch 4900 | Acc: 0.8095 | PosAcc: 0.8484 | NegAcc: 0.7705
len(easy_positives): 29591 , len(easy_negatives): 31887
len(hard_positives): 1542 , len(hard_negatives): 2835

CUM Mean pos prob: 0.743, Mean neg prob: 0.259
CUM Mean pos logit: 1.601, Mean neg logit: -3.812

Epoch 10, Batch 4920 | Acc: 0.8094 | PosAcc: 0.8485 | NegAcc: 0.7703
len(easy_positives): 29725 , len(easy_negatives): 32018
len(hard_positives): 1545 , len(hard_negatives): 2847

CUM Mean pos prob: 0.743, Mean neg prob: 0.259
CUM Mean pos logit: 1.602, Mean neg logit: -3.815

	train_accuracy: 0.809371833839919
	pos train_accuracy: 0.8483620398514016
	neg train_accuracy: 0.7703816278284363
Epoch 10, Batch 20 | Val Acc: 0.8047 | Val PosAcc: 0.8939 | Val NegAcc: 0.7204
len(easy_positives): 194 , len(easy_negatives): 160
len(hard_positives): 4 , len(hard_negatives): 25
CUM Mean pos prob: 0.795, Mean neg prob: 0.295
CUM Mean pos logit: 2.085, Mean neg logit: -3.916

Epoch 10, Batch 40 | Val Acc: 0.7828 | Val PosAcc: 0.8859 | Val NegAcc: 0.6797
len(easy_positives): 391 , len(easy_negatives): 297
len(hard_positives): 12 , len(hard_negatives): 59
CUM Mean pos prob: 0.792, Mean neg prob: 0.317
CUM Mean pos logit: 2.103, Mean neg logit: -3.673

Epoch 10, Batch 60 | Val Acc: 0.7865 | Val PosAcc: 0.8779 | Val NegAcc: 0.6954
len(easy_positives): 572 , len(easy_negatives): 449
len(hard_positives): 17 , len(hard_negatives): 80
CUM Mean pos prob: 0.787, Mean neg prob: 0.314
CUM Mean pos logit: 2.064, Mean neg logit: -3.523

Epoch 10, Batch 80 | Val Acc: 0.7871 | Val PosAcc: 0.8814 | Val NegAcc: 0.6939
len(easy_positives): 759 , len(easy_negatives): 607
len(hard_positives): 19 , len(hard_negatives): 109
CUM Mean pos prob: 0.788, Mean neg prob: 0.313
CUM Mean pos logit: 2.048, Mean neg logit: -3.438

Epoch 10, Batch 100 | Val Acc: 0.7922 | Val PosAcc: 0.8835 | Val NegAcc: 0.7003
len(easy_positives): 964 , len(easy_negatives): 767
len(hard_positives): 25 , len(hard_negatives): 132
CUM Mean pos prob: 0.788, Mean neg prob: 0.308
CUM Mean pos logit: 2.062, Mean neg logit: -3.461

Epoch 10, Batch 120 | Val Acc: 0.7966 | Val PosAcc: 0.8875 | Val NegAcc: 0.7040
len(easy_positives): 1165 , len(easy_negatives): 925
len(hard_positives): 32 , len(hard_negatives): 154
CUM Mean pos prob: 0.790, Mean neg prob: 0.304
CUM Mean pos logit: 2.066, Mean neg logit: -3.515

Epoch 10, Batch 140 | Val Acc: 0.7953 | Val PosAcc: 0.8842 | Val NegAcc: 0.7054
len(easy_positives): 1376 , len(easy_negatives): 1088
len(hard_positives): 39 , len(hard_negatives): 175
CUM Mean pos prob: 0.790, Mean neg prob: 0.303
CUM Mean pos logit: 2.062, Mean neg logit: -3.551

Epoch 10, Batch 160 | Val Acc: 0.7973 | Val PosAcc: 0.8872 | Val NegAcc: 0.7072
len(easy_positives): 1570 , len(easy_negatives): 1255
len(hard_positives): 45 , len(hard_negatives): 200
CUM Mean pos prob: 0.791, Mean neg prob: 0.302
CUM Mean pos logit: 2.055, Mean neg logit: -3.453

Epoch 10, Batch 180 | Val Acc: 0.7950 | Val PosAcc: 0.8877 | Val NegAcc: 0.7026
len(easy_positives): 1766 , len(easy_negatives): 1406
len(hard_positives): 52 , len(hard_negatives): 241
CUM Mean pos prob: 0.792, Mean neg prob: 0.306
CUM Mean pos logit: 2.065, Mean neg logit: -3.380

Epoch 10, Batch 200 | Val Acc: 0.7941 | Val PosAcc: 0.8886 | Val NegAcc: 0.6993
len(easy_positives): 1972 , len(easy_negatives): 1549
len(hard_positives): 55 , len(hard_negatives): 278
CUM Mean pos prob: 0.793, Mean neg prob: 0.308
CUM Mean pos logit: 2.070, Mean neg logit: -3.349

Epoch 10, Batch 220 | Val Acc: 0.7925 | Val PosAcc: 0.8892 | Val NegAcc: 0.6961
len(easy_positives): 2157 , len(easy_negatives): 1700
len(hard_positives): 58 , len(hard_negatives): 306
CUM Mean pos prob: 0.793, Mean neg prob: 0.310
CUM Mean pos logit: 2.068, Mean neg logit: -3.351

Epoch 10, Batch 240 | Val Acc: 0.7936 | Val PosAcc: 0.8888 | Val NegAcc: 0.6985
len(easy_positives): 2361 , len(easy_negatives): 1852
len(hard_positives): 64 , len(hard_negatives): 327
CUM Mean pos prob: 0.792, Mean neg prob: 0.309
CUM Mean pos logit: 2.071, Mean neg logit: -3.378

Epoch 10, Batch 260 | Val Acc: 0.7952 | Val PosAcc: 0.8896 | Val NegAcc: 0.7010
len(easy_positives): 2540 , len(easy_negatives): 2007
len(hard_positives): 69 , len(hard_negatives): 352
CUM Mean pos prob: 0.792, Mean neg prob: 0.308
CUM Mean pos logit: 2.066, Mean neg logit: -3.380

Epoch 10, Batch 280 | Val Acc: 0.7958 | Val PosAcc: 0.8906 | Val NegAcc: 0.7011
len(easy_positives): 2740 , len(easy_negatives): 2157
len(hard_positives): 74 , len(hard_negatives): 380
CUM Mean pos prob: 0.792, Mean neg prob: 0.308
CUM Mean pos logit: 2.060, Mean neg logit: -3.386

Epoch 10, Batch 300 | Val Acc: 0.7963 | Val PosAcc: 0.8908 | Val NegAcc: 0.7017
len(easy_positives): 2941 , len(easy_negatives): 2304
len(hard_positives): 78 , len(hard_negatives): 402
CUM Mean pos prob: 0.792, Mean neg prob: 0.308
CUM Mean pos logit: 2.059, Mean neg logit: -3.354

Epoch 10, Batch 320 | Val Acc: 0.7960 | Val PosAcc: 0.8902 | Val NegAcc: 0.7023
len(easy_positives): 3128 , len(easy_negatives): 2463
len(hard_positives): 81 , len(hard_negatives): 434
CUM Mean pos prob: 0.792, Mean neg prob: 0.308
CUM Mean pos logit: 2.057, Mean neg logit: -3.334

Epoch 10, Batch 340 | Val Acc: 0.7976 | Val PosAcc: 0.8905 | Val NegAcc: 0.7047
len(easy_positives): 3339 , len(easy_negatives): 2628
len(hard_positives): 88 , len(hard_negatives): 454
CUM Mean pos prob: 0.792, Mean neg prob: 0.306
CUM Mean pos logit: 2.056, Mean neg logit: -3.356

Epoch 10, Batch 360 | Val Acc: 0.8001 | Val PosAcc: 0.8909 | Val NegAcc: 0.7094
len(easy_positives): 3543 , len(easy_negatives): 2807
len(hard_positives): 89 , len(hard_negatives): 478
CUM Mean pos prob: 0.793, Mean neg prob: 0.303
CUM Mean pos logit: 2.065, Mean neg logit: -3.380

Epoch 10, Batch 380 | Val Acc: 0.7991 | Val PosAcc: 0.8905 | Val NegAcc: 0.7084
len(easy_positives): 3726 , len(easy_negatives): 2980
len(hard_positives): 97 , len(hard_negatives): 508
CUM Mean pos prob: 0.793, Mean neg prob: 0.303
CUM Mean pos logit: 2.061, Mean neg logit: -3.382

Epoch 10, Batch 400 | Val Acc: 0.7990 | Val PosAcc: 0.8892 | Val NegAcc: 0.7094
len(easy_positives): 3916 , len(easy_negatives): 3136
len(hard_positives): 104 , len(hard_negatives): 532
CUM Mean pos prob: 0.792, Mean neg prob: 0.303
CUM Mean pos logit: 2.057, Mean neg logit: -3.423

Epoch 10, Batch 420 | Val Acc: 0.8003 | Val PosAcc: 0.8899 | Val NegAcc: 0.7112
len(easy_positives): 4107 , len(easy_negatives): 3287
len(hard_positives): 108 , len(hard_negatives): 548
CUM Mean pos prob: 0.792, Mean neg prob: 0.302
CUM Mean pos logit: 2.066, Mean neg logit: -3.432

Epoch 10, Batch 440 | Val Acc: 0.8008 | Val PosAcc: 0.8908 | Val NegAcc: 0.7115
len(easy_positives): 4302 , len(easy_negatives): 3453
len(hard_positives): 114 , len(hard_negatives): 569
CUM Mean pos prob: 0.793, Mean neg prob: 0.302
CUM Mean pos logit: 2.069, Mean neg logit: -3.435

Epoch 10, Batch 460 | Val Acc: 0.8020 | Val PosAcc: 0.8918 | Val NegAcc: 0.7127
len(easy_positives): 4495 , len(easy_negatives): 3611
len(hard_positives): 116 , len(hard_negatives): 586
CUM Mean pos prob: 0.793, Mean neg prob: 0.301
CUM Mean pos logit: 2.074, Mean neg logit: -3.440

Epoch 10, Batch 480 | Val Acc: 0.8013 | Val PosAcc: 0.8921 | Val NegAcc: 0.7113
len(easy_positives): 4697 , len(easy_negatives): 3762
len(hard_positives): 122 , len(hard_negatives): 619
CUM Mean pos prob: 0.793, Mean neg prob: 0.302
CUM Mean pos logit: 2.080, Mean neg logit: -3.420

Epoch 10, Batch 500 | Val Acc: 0.8019 | Val PosAcc: 0.8929 | Val NegAcc: 0.7121
len(easy_positives): 4889 , len(easy_negatives): 3929
len(hard_positives): 128 , len(hard_negatives): 637
CUM Mean pos prob: 0.794, Mean neg prob: 0.302
CUM Mean pos logit: 2.079, Mean neg logit: -3.422

Epoch 10, Batch 520 | Val Acc: 0.8008 | Val PosAcc: 0.8916 | Val NegAcc: 0.7114
len(easy_positives): 5067 , len(easy_negatives): 4085
len(hard_positives): 134 , len(hard_negatives): 667
CUM Mean pos prob: 0.793, Mean neg prob: 0.302
CUM Mean pos logit: 2.075, Mean neg logit: -3.411

Epoch 10, Batch 540 | Val Acc: 0.8008 | Val PosAcc: 0.8915 | Val NegAcc: 0.7112
len(easy_positives): 5263 , len(easy_negatives): 4239
len(hard_positives): 142 , len(hard_negatives): 694
CUM Mean pos prob: 0.793, Mean neg prob: 0.302
CUM Mean pos logit: 2.075, Mean neg logit: -3.416

Epoch 10, Batch 560 | Val Acc: 0.8003 | Val PosAcc: 0.8909 | Val NegAcc: 0.7111
len(easy_positives): 5430 , len(easy_negatives): 4421
len(hard_positives): 145 , len(hard_negatives): 707
CUM Mean pos prob: 0.792, Mean neg prob: 0.301
CUM Mean pos logit: 2.069, Mean neg logit: -3.421

Epoch 10, Batch 580 | Val Acc: 0.8003 | Val PosAcc: 0.8911 | Val NegAcc: 0.7109
len(easy_positives): 5620 , len(easy_negatives): 4567
len(hard_positives): 150 , len(hard_negatives): 728
CUM Mean pos prob: 0.792, Mean neg prob: 0.301
CUM Mean pos logit: 2.070, Mean neg logit: -3.421

Epoch 10, Batch 600 | Val Acc: 0.8005 | Val PosAcc: 0.8913 | Val NegAcc: 0.7109
len(easy_positives): 5821 , len(easy_negatives): 4731
len(hard_positives): 155 , len(hard_negatives): 748
CUM Mean pos prob: 0.792, Mean neg prob: 0.301
CUM Mean pos logit: 2.067, Mean neg logit: -3.447

Epoch 10, Batch 620 | Val Acc: 0.8005 | Val PosAcc: 0.8919 | Val NegAcc: 0.7101
len(easy_positives): 6019 , len(easy_negatives): 4882
len(hard_positives): 159 , len(hard_negatives): 774
CUM Mean pos prob: 0.792, Mean neg prob: 0.301
CUM Mean pos logit: 2.068, Mean neg logit: -3.452

Epoch 10, Batch 640 | Val Acc: 0.8007 | Val PosAcc: 0.8919 | Val NegAcc: 0.7108
len(easy_positives): 6212 , len(easy_negatives): 5042
len(hard_positives): 166 , len(hard_negatives): 795
CUM Mean pos prob: 0.792, Mean neg prob: 0.301
CUM Mean pos logit: 2.068, Mean neg logit: -3.440

Epoch 10, Batch 660 | Val Acc: 0.8004 | Val PosAcc: 0.8914 | Val NegAcc: 0.7105
len(easy_positives): 6402 , len(easy_negatives): 5192
len(hard_positives): 170 , len(hard_negatives): 821
CUM Mean pos prob: 0.792, Mean neg prob: 0.301
CUM Mean pos logit: 2.068, Mean neg logit: -3.431

Epoch 10, Batch 680 | Val Acc: 0.8007 | Val PosAcc: 0.8917 | Val NegAcc: 0.7105
len(easy_positives): 6604 , len(easy_negatives): 5339
len(hard_positives): 177 , len(hard_negatives): 856
CUM Mean pos prob: 0.792, Mean neg prob: 0.301
CUM Mean pos logit: 2.067, Mean neg logit: -3.435

Epoch 10, Batch 700 | Val Acc: 0.8006 | Val PosAcc: 0.8923 | Val NegAcc: 0.7098
len(easy_positives): 6793 , len(easy_negatives): 5490
len(hard_positives): 180 , len(hard_negatives): 880
CUM Mean pos prob: 0.792, Mean neg prob: 0.302
CUM Mean pos logit: 2.065, Mean neg logit: -3.430

Epoch 10, Batch 720 | Val Acc: 0.7999 | Val PosAcc: 0.8927 | Val NegAcc: 0.7078
len(easy_positives): 6985 , len(easy_negatives): 5631
len(hard_positives): 184 , len(hard_negatives): 911
CUM Mean pos prob: 0.792, Mean neg prob: 0.303
CUM Mean pos logit: 2.065, Mean neg logit: -3.421

Epoch 10, Batch 740 | Val Acc: 0.8000 | Val PosAcc: 0.8925 | Val NegAcc: 0.7082
len(easy_positives): 7166 , len(easy_negatives): 5779
len(hard_positives): 187 , len(hard_negatives): 929
CUM Mean pos prob: 0.792, Mean neg prob: 0.303
CUM Mean pos logit: 2.066, Mean neg logit: -3.406

Epoch 10, Batch 760 | Val Acc: 0.7995 | Val PosAcc: 0.8917 | Val NegAcc: 0.7080
len(easy_positives): 7352 , len(easy_negatives): 5939
len(hard_positives): 193 , len(hard_negatives): 954
CUM Mean pos prob: 0.792, Mean neg prob: 0.303
CUM Mean pos logit: 2.061, Mean neg logit: -3.405

Epoch 10, Batch 780 | Val Acc: 0.7993 | Val PosAcc: 0.8911 | Val NegAcc: 0.7079
len(easy_positives): 7548 , len(easy_negatives): 6093
len(hard_positives): 197 , len(hard_negatives): 983
CUM Mean pos prob: 0.792, Mean neg prob: 0.303
CUM Mean pos logit: 2.065, Mean neg logit: -3.402

Epoch 10, Batch 800 | Val Acc: 0.7992 | Val PosAcc: 0.8908 | Val NegAcc: 0.7079
len(easy_positives): 7738 , len(easy_negatives): 6256
len(hard_positives): 201 , len(hard_negatives): 1012
CUM Mean pos prob: 0.791, Mean neg prob: 0.303
CUM Mean pos logit: 2.063, Mean neg logit: -3.397

Epoch 10, Batch 820 | Val Acc: 0.7994 | Val PosAcc: 0.8915 | Val NegAcc: 0.7073
len(easy_positives): 7945 , len(easy_negatives): 6393
len(hard_positives): 205 , len(hard_negatives): 1043
CUM Mean pos prob: 0.792, Mean neg prob: 0.304
CUM Mean pos logit: 2.062, Mean neg logit: -3.391

Epoch 10, Batch 840 | Val Acc: 0.7993 | Val PosAcc: 0.8909 | Val NegAcc: 0.7080
len(easy_positives): 8117 , len(easy_negatives): 6556
len(hard_positives): 214 , len(hard_negatives): 1073
CUM Mean pos prob: 0.791, Mean neg prob: 0.303
CUM Mean pos logit: 2.059, Mean neg logit: -3.391

Epoch 10, Batch 860 | Val Acc: 0.7990 | Val PosAcc: 0.8910 | Val NegAcc: 0.7071
len(easy_positives): 8320 , len(easy_negatives): 6700
len(hard_positives): 216 , len(hard_negatives): 1106
CUM Mean pos prob: 0.791, Mean neg prob: 0.304
CUM Mean pos logit: 2.059, Mean neg logit: -3.386

Epoch 10, Batch 880 | Val Acc: 0.7988 | Val PosAcc: 0.8909 | Val NegAcc: 0.7065
len(easy_positives): 8510 , len(easy_negatives): 6849
len(hard_positives): 222 , len(hard_negatives): 1139
CUM Mean pos prob: 0.791, Mean neg prob: 0.304
CUM Mean pos logit: 2.056, Mean neg logit: -3.383

Epoch 10, Batch 900 | Val Acc: 0.7987 | Val PosAcc: 0.8905 | Val NegAcc: 0.7068
len(easy_positives): 8692 , len(easy_negatives): 6997
len(hard_positives): 225 , len(hard_negatives): 1165
CUM Mean pos prob: 0.791, Mean neg prob: 0.304
CUM Mean pos logit: 2.052, Mean neg logit: -3.390

Epoch 10, Batch 920 | Val Acc: 0.7982 | Val PosAcc: 0.8902 | Val NegAcc: 0.7062
len(easy_positives): 8881 , len(easy_negatives): 7150
len(hard_positives): 234 , len(hard_negatives): 1192
CUM Mean pos prob: 0.790, Mean neg prob: 0.305
CUM Mean pos logit: 2.053, Mean neg logit: -3.377

Epoch 10, Batch 940 | Val Acc: 0.7988 | Val PosAcc: 0.8902 | Val NegAcc: 0.7074
len(easy_positives): 9054 , len(easy_negatives): 7326
len(hard_positives): 244 , len(hard_negatives): 1214
CUM Mean pos prob: 0.790, Mean neg prob: 0.304
CUM Mean pos logit: 2.049, Mean neg logit: -3.394

Epoch 10, Batch 960 | Val Acc: 0.7992 | Val PosAcc: 0.8905 | Val NegAcc: 0.7081
len(easy_positives): 9227 , len(easy_negatives): 7505
len(hard_positives): 246 , len(hard_negatives): 1241
CUM Mean pos prob: 0.790, Mean neg prob: 0.303
CUM Mean pos logit: 2.049, Mean neg logit: -3.392

Epoch 10, Batch 980 | Val Acc: 0.7996 | Val PosAcc: 0.8909 | Val NegAcc: 0.7084
len(easy_positives): 9426 , len(easy_negatives): 7670
len(hard_positives): 251 , len(hard_negatives): 1260
CUM Mean pos prob: 0.790, Mean neg prob: 0.303
CUM Mean pos logit: 2.052, Mean neg logit: -3.410

Epoch 10, Batch 1000 | Val Acc: 0.7992 | Val PosAcc: 0.8906 | Val NegAcc: 0.7079
len(easy_positives): 9612 , len(easy_negatives): 7825
len(hard_positives): 253 , len(hard_negatives): 1287
CUM Mean pos prob: 0.790, Mean neg prob: 0.303
CUM Mean pos logit: 2.052, Mean neg logit: -3.402

Epoch 10, Batch 1020 | Val Acc: 0.7994 | Val PosAcc: 0.8907 | Val NegAcc: 0.7083
len(easy_positives): 9817 , len(easy_negatives): 7982
len(hard_positives): 260 , len(hard_negatives): 1314
CUM Mean pos prob: 0.790, Mean neg prob: 0.303
CUM Mean pos logit: 2.054, Mean neg logit: -3.400

Epoch 10, Batch 1040 | Val Acc: 0.7996 | Val PosAcc: 0.8910 | Val NegAcc: 0.7086
len(easy_positives): 10005 , len(easy_negatives): 8144
len(hard_positives): 266 , len(hard_negatives): 1341
CUM Mean pos prob: 0.790, Mean neg prob: 0.303
CUM Mean pos logit: 2.055, Mean neg logit: -3.407

Epoch 10, Batch 1060 | Val Acc: 0.7994 | Val PosAcc: 0.8898 | Val NegAcc: 0.7091
len(easy_positives): 10206 , len(easy_negatives): 8304
len(hard_positives): 280 , len(hard_negatives): 1362
CUM Mean pos prob: 0.790, Mean neg prob: 0.302
CUM Mean pos logit: 2.051, Mean neg logit: -3.406

Epoch 10, Batch 1080 | Val Acc: 0.7992 | Val PosAcc: 0.8901 | Val NegAcc: 0.7084
len(easy_positives): 10391 , len(easy_negatives): 8463
len(hard_positives): 285 , len(hard_negatives): 1400
CUM Mean pos prob: 0.790, Mean neg prob: 0.303
CUM Mean pos logit: 2.052, Mean neg logit: -3.408

Epoch 10, Batch 1100 | Val Acc: 0.7991 | Val PosAcc: 0.8901 | Val NegAcc: 0.7083
len(easy_positives): 10579 , len(easy_negatives): 8626
len(hard_positives): 291 , len(hard_negatives): 1431
CUM Mean pos prob: 0.790, Mean neg prob: 0.303
CUM Mean pos logit: 2.050, Mean neg logit: -3.409

Epoch 10, Batch 1120 | Val Acc: 0.7985 | Val PosAcc: 0.8897 | Val NegAcc: 0.7077
len(easy_positives): 10765 , len(easy_negatives): 8787
len(hard_positives): 298 , len(hard_negatives): 1460
CUM Mean pos prob: 0.790, Mean neg prob: 0.303
CUM Mean pos logit: 2.048, Mean neg logit: -3.404

Epoch 10, Batch 1140 | Val Acc: 0.7987 | Val PosAcc: 0.8895 | Val NegAcc: 0.7080
len(easy_positives): 10962 , len(easy_negatives): 8950
len(hard_positives): 304 , len(hard_negatives): 1483
CUM Mean pos prob: 0.790, Mean neg prob: 0.303
CUM Mean pos logit: 2.045, Mean neg logit: -3.405

Epoch 10, Batch 1160 | Val Acc: 0.7986 | Val PosAcc: 0.8895 | Val NegAcc: 0.7078
len(easy_positives): 11162 , len(easy_negatives): 9100
len(hard_positives): 313 , len(hard_negatives): 1509
CUM Mean pos prob: 0.790, Mean neg prob: 0.303
CUM Mean pos logit: 2.047, Mean neg logit: -3.406

Epoch 10, Batch 1180 | Val Acc: 0.7985 | Val PosAcc: 0.8893 | Val NegAcc: 0.7077
len(easy_positives): 11354 , len(easy_negatives): 9269
len(hard_positives): 318 , len(hard_negatives): 1544
CUM Mean pos prob: 0.789, Mean neg prob: 0.303
CUM Mean pos logit: 2.047, Mean neg logit: -3.432

Epoch 10, Batch 1200 | Val Acc: 0.7982 | Val PosAcc: 0.8891 | Val NegAcc: 0.7073
len(easy_positives): 11542 , len(easy_negatives): 9419
len(hard_positives): 326 , len(hard_negatives): 1575
CUM Mean pos prob: 0.789, Mean neg prob: 0.303
CUM Mean pos logit: 2.045, Mean neg logit: -3.428

Epoch 10, Batch 1220 | Val Acc: 0.7984 | Val PosAcc: 0.8891 | Val NegAcc: 0.7076
len(easy_positives): 11727 , len(easy_negatives): 9584
len(hard_positives): 333 , len(hard_negatives): 1594
CUM Mean pos prob: 0.789, Mean neg prob: 0.303
CUM Mean pos logit: 2.042, Mean neg logit: -3.425

	val_accuracy: 0.7983535967578521
	pos val_accuracy: 0.8892603850050659
	neg val_accuracy: 0.7074468085106383
../Sim5/model10_FE2dis_inrWaterPHD2_5.pt
Epoch 11, Batch 20 | Acc: 0.8479 | PosAcc: 0.8760 | NegAcc: 0.8193
len(easy_positives): 137 , len(easy_negatives): 129
len(hard_positives): 3 , len(hard_negatives): 13

CUM Mean pos prob: 0.773, Mean neg prob: 0.241
CUM Mean pos logit: 1.980, Mean neg logit: -3.767

Epoch 11, Batch 40 | Acc: 0.8333 | PosAcc: 0.8724 | NegAcc: 0.7932
len(easy_positives): 263 , len(easy_negatives): 267
len(hard_positives): 7 , len(hard_negatives): 25

CUM Mean pos prob: 0.763, Mean neg prob: 0.242
CUM Mean pos logit: 1.829, Mean neg logit: -4.133

Epoch 11, Batch 60 | Acc: 0.8250 | PosAcc: 0.8753 | NegAcc: 0.7721
len(easy_positives): 386 , len(easy_negatives): 379
len(hard_positives): 10 , len(hard_negatives): 38

CUM Mean pos prob: 0.760, Mean neg prob: 0.258
CUM Mean pos logit: 1.764, Mean neg logit: -3.896

Epoch 11, Batch 80 | Acc: 0.8198 | PosAcc: 0.8655 | NegAcc: 0.7727
len(easy_positives): 501 , len(easy_negatives): 514
len(hard_positives): 18 , len(hard_negatives): 46

CUM Mean pos prob: 0.754, Mean neg prob: 0.256
CUM Mean pos logit: 1.741, Mean neg logit: -3.816

Epoch 11, Batch 100 | Acc: 0.8225 | PosAcc: 0.8717 | NegAcc: 0.7693
len(easy_positives): 669 , len(easy_negatives): 621
len(hard_positives): 22 , len(hard_negatives): 58

CUM Mean pos prob: 0.763, Mean neg prob: 0.259
CUM Mean pos logit: 1.798, Mean neg logit: -3.830

Epoch 11, Batch 120 | Acc: 0.8167 | PosAcc: 0.8658 | NegAcc: 0.7645
len(easy_positives): 788 , len(easy_negatives): 751
len(hard_positives): 31 , len(hard_negatives): 74

CUM Mean pos prob: 0.759, Mean neg prob: 0.262
CUM Mean pos logit: 1.765, Mean neg logit: -3.953

Epoch 11, Batch 140 | Acc: 0.8146 | PosAcc: 0.8605 | NegAcc: 0.7661
len(easy_positives): 888 , len(easy_negatives): 868
len(hard_positives): 36 , len(hard_negatives): 82

CUM Mean pos prob: 0.753, Mean neg prob: 0.264
CUM Mean pos logit: 1.693, Mean neg logit: -3.806

Epoch 11, Batch 160 | Acc: 0.8143 | PosAcc: 0.8549 | NegAcc: 0.7728
len(easy_positives): 1002 , len(easy_negatives): 1034
len(hard_positives): 43 , len(hard_negatives): 91

CUM Mean pos prob: 0.750, Mean neg prob: 0.257
CUM Mean pos logit: 1.676, Mean neg logit: -3.893

Epoch 11, Batch 180 | Acc: 0.8141 | PosAcc: 0.8583 | NegAcc: 0.7689
len(easy_positives): 1131 , len(easy_negatives): 1159
len(hard_positives): 51 , len(hard_negatives): 105

CUM Mean pos prob: 0.752, Mean neg prob: 0.258
CUM Mean pos logit: 1.682, Mean neg logit: -3.840

Epoch 11, Batch 200 | Acc: 0.8121 | PosAcc: 0.8556 | NegAcc: 0.7677
len(easy_positives): 1225 , len(easy_negatives): 1273
len(hard_positives): 56 , len(hard_negatives): 120

CUM Mean pos prob: 0.748, Mean neg prob: 0.261
CUM Mean pos logit: 1.649, Mean neg logit: -3.762

Epoch 11, Batch 220 | Acc: 0.8140 | PosAcc: 0.8558 | NegAcc: 0.7715
len(easy_positives): 1332 , len(easy_negatives): 1403
len(hard_positives): 62 , len(hard_negatives): 129

CUM Mean pos prob: 0.746, Mean neg prob: 0.259
CUM Mean pos logit: 1.630, Mean neg logit: -3.759

Epoch 11, Batch 240 | Acc: 0.8135 | PosAcc: 0.8582 | NegAcc: 0.7685
len(easy_positives): 1479 , len(easy_negatives): 1545
len(hard_positives): 67 , len(hard_negatives): 146

CUM Mean pos prob: 0.750, Mean neg prob: 0.260
CUM Mean pos logit: 1.667, Mean neg logit: -3.751

Epoch 11, Batch 260 | Acc: 0.8133 | PosAcc: 0.8542 | NegAcc: 0.7719
len(easy_positives): 1596 , len(easy_negatives): 1671
len(hard_positives): 73 , len(hard_negatives): 154

CUM Mean pos prob: 0.747, Mean neg prob: 0.259
CUM Mean pos logit: 1.651, Mean neg logit: -3.700

Epoch 11, Batch 280 | Acc: 0.8146 | PosAcc: 0.8539 | NegAcc: 0.7745
len(easy_positives): 1735 , len(easy_negatives): 1816
len(hard_positives): 82 , len(hard_negatives): 167

CUM Mean pos prob: 0.749, Mean neg prob: 0.256
CUM Mean pos logit: 1.669, Mean neg logit: -3.740

Epoch 11, Batch 300 | Acc: 0.8169 | PosAcc: 0.8573 | NegAcc: 0.7763
len(easy_positives): 1865 , len(easy_negatives): 1963
len(hard_positives): 87 , len(hard_negatives): 181

CUM Mean pos prob: 0.751, Mean neg prob: 0.255
CUM Mean pos logit: 1.682, Mean neg logit: -3.786

Epoch 11, Batch 320 | Acc: 0.8176 | PosAcc: 0.8566 | NegAcc: 0.7780
len(easy_positives): 2004 , len(easy_negatives): 2096
len(hard_positives): 94 , len(hard_negatives): 192

CUM Mean pos prob: 0.751, Mean neg prob: 0.254
CUM Mean pos logit: 1.693, Mean neg logit: -3.818

Epoch 11, Batch 340 | Acc: 0.8170 | PosAcc: 0.8556 | NegAcc: 0.7778
len(easy_positives): 2152 , len(easy_negatives): 2233
len(hard_positives): 101 , len(hard_negatives): 204

CUM Mean pos prob: 0.752, Mean neg prob: 0.254
CUM Mean pos logit: 1.705, Mean neg logit: -3.865

Epoch 11, Batch 360 | Acc: 0.8164 | PosAcc: 0.8544 | NegAcc: 0.7780
len(easy_positives): 2264 , len(easy_negatives): 2365
len(hard_positives): 106 , len(hard_negatives): 209

CUM Mean pos prob: 0.751, Mean neg prob: 0.254
CUM Mean pos logit: 1.687, Mean neg logit: -3.876

Epoch 11, Batch 380 | Acc: 0.8164 | PosAcc: 0.8549 | NegAcc: 0.7775
len(easy_positives): 2387 , len(easy_negatives): 2494
len(hard_positives): 110 , len(hard_negatives): 226

CUM Mean pos prob: 0.751, Mean neg prob: 0.254
CUM Mean pos logit: 1.686, Mean neg logit: -3.878

Epoch 11, Batch 400 | Acc: 0.8156 | PosAcc: 0.8530 | NegAcc: 0.7778
len(easy_positives): 2519 , len(easy_negatives): 2631
len(hard_positives): 112 , len(hard_negatives): 236

CUM Mean pos prob: 0.751, Mean neg prob: 0.253
CUM Mean pos logit: 1.685, Mean neg logit: -3.899

Epoch 11, Batch 420 | Acc: 0.8148 | PosAcc: 0.8542 | NegAcc: 0.7750
len(easy_positives): 2632 , len(easy_negatives): 2763
len(hard_positives): 116 , len(hard_negatives): 256

CUM Mean pos prob: 0.751, Mean neg prob: 0.255
CUM Mean pos logit: 1.672, Mean neg logit: -3.915

Epoch 11, Batch 440 | Acc: 0.8138 | PosAcc: 0.8550 | NegAcc: 0.7720
len(easy_positives): 2761 , len(easy_negatives): 2869
len(hard_positives): 118 , len(hard_negatives): 268

CUM Mean pos prob: 0.751, Mean neg prob: 0.257
CUM Mean pos logit: 1.669, Mean neg logit: -3.856

Epoch 11, Batch 460 | Acc: 0.8149 | PosAcc: 0.8545 | NegAcc: 0.7747
len(easy_positives): 2892 , len(easy_negatives): 3005
len(hard_positives): 125 , len(hard_negatives): 273

CUM Mean pos prob: 0.751, Mean neg prob: 0.255
CUM Mean pos logit: 1.668, Mean neg logit: -3.865

Epoch 11, Batch 480 | Acc: 0.8152 | PosAcc: 0.8542 | NegAcc: 0.7759
len(easy_positives): 3018 , len(easy_negatives): 3147
len(hard_positives): 132 , len(hard_negatives): 288

CUM Mean pos prob: 0.751, Mean neg prob: 0.255
CUM Mean pos logit: 1.669, Mean neg logit: -3.920

Epoch 11, Batch 500 | Acc: 0.8157 | PosAcc: 0.8538 | NegAcc: 0.7774
len(easy_positives): 3144 , len(easy_negatives): 3282
len(hard_positives): 139 , len(hard_negatives): 297

CUM Mean pos prob: 0.751, Mean neg prob: 0.254
CUM Mean pos logit: 1.668, Mean neg logit: -3.932

Epoch 11, Batch 520 | Acc: 0.8148 | PosAcc: 0.8534 | NegAcc: 0.7758
len(easy_positives): 3281 , len(easy_negatives): 3401
len(hard_positives): 143 , len(hard_negatives): 314

CUM Mean pos prob: 0.752, Mean neg prob: 0.255
CUM Mean pos logit: 1.670, Mean neg logit: -3.926

Epoch 11, Batch 540 | Acc: 0.8147 | PosAcc: 0.8547 | NegAcc: 0.7741
len(easy_positives): 3412 , len(easy_negatives): 3515
len(hard_positives): 148 , len(hard_negatives): 326

CUM Mean pos prob: 0.752, Mean neg prob: 0.256
CUM Mean pos logit: 1.665, Mean neg logit: -3.901

Epoch 11, Batch 560 | Acc: 0.8147 | PosAcc: 0.8546 | NegAcc: 0.7741
len(easy_positives): 3548 , len(easy_negatives): 3637
len(hard_positives): 153 , len(hard_negatives): 330

CUM Mean pos prob: 0.752, Mean neg prob: 0.256
CUM Mean pos logit: 1.668, Mean neg logit: -3.918

Epoch 11, Batch 580 | Acc: 0.8152 | PosAcc: 0.8555 | NegAcc: 0.7740
len(easy_positives): 3689 , len(easy_negatives): 3772
len(hard_positives): 161 , len(hard_negatives): 344

CUM Mean pos prob: 0.753, Mean neg prob: 0.256
CUM Mean pos logit: 1.677, Mean neg logit: -3.948

Epoch 11, Batch 600 | Acc: 0.8154 | PosAcc: 0.8558 | NegAcc: 0.7742
len(easy_positives): 3810 , len(easy_negatives): 3913
len(hard_positives): 168 , len(hard_negatives): 357

CUM Mean pos prob: 0.752, Mean neg prob: 0.255
CUM Mean pos logit: 1.673, Mean neg logit: -3.984

Epoch 11, Batch 620 | Acc: 0.8146 | PosAcc: 0.8549 | NegAcc: 0.7737
len(easy_positives): 3908 , len(easy_negatives): 4058
len(hard_positives): 179 , len(hard_negatives): 374

CUM Mean pos prob: 0.751, Mean neg prob: 0.255
CUM Mean pos logit: 1.665, Mean neg logit: -3.996

Epoch 11, Batch 640 | Acc: 0.8150 | PosAcc: 0.8555 | NegAcc: 0.7740
len(easy_positives): 4021 , len(easy_negatives): 4193
len(hard_positives): 188 , len(hard_negatives): 386

CUM Mean pos prob: 0.751, Mean neg prob: 0.255
CUM Mean pos logit: 1.661, Mean neg logit: -4.005

Epoch 11, Batch 660 | Acc: 0.8150 | PosAcc: 0.8555 | NegAcc: 0.7741
len(easy_positives): 4151 , len(easy_negatives): 4326
len(hard_positives): 194 , len(hard_negatives): 394

CUM Mean pos prob: 0.751, Mean neg prob: 0.255
CUM Mean pos logit: 1.665, Mean neg logit: -4.008

Epoch 11, Batch 680 | Acc: 0.8148 | PosAcc: 0.8560 | NegAcc: 0.7730
len(easy_positives): 4277 , len(easy_negatives): 4452
len(hard_positives): 198 , len(hard_negatives): 406

CUM Mean pos prob: 0.751, Mean neg prob: 0.255
CUM Mean pos logit: 1.663, Mean neg logit: -4.014

Epoch 11, Batch 700 | Acc: 0.8141 | PosAcc: 0.8547 | NegAcc: 0.7729
len(easy_positives): 4389 , len(easy_negatives): 4580
len(hard_positives): 206 , len(hard_negatives): 416

CUM Mean pos prob: 0.751, Mean neg prob: 0.255
CUM Mean pos logit: 1.658, Mean neg logit: -4.020

Epoch 11, Batch 720 | Acc: 0.8142 | PosAcc: 0.8553 | NegAcc: 0.7727
len(easy_positives): 4525 , len(easy_negatives): 4709
len(hard_positives): 213 , len(hard_negatives): 432

CUM Mean pos prob: 0.751, Mean neg prob: 0.255
CUM Mean pos logit: 1.656, Mean neg logit: -4.021

Epoch 11, Batch 740 | Acc: 0.8143 | PosAcc: 0.8549 | NegAcc: 0.7731
len(easy_positives): 4650 , len(easy_negatives): 4826
len(hard_positives): 216 , len(hard_negatives): 441

CUM Mean pos prob: 0.751, Mean neg prob: 0.256
CUM Mean pos logit: 1.656, Mean neg logit: -4.003

Epoch 11, Batch 760 | Acc: 0.8150 | PosAcc: 0.8555 | NegAcc: 0.7738
len(easy_positives): 4787 , len(easy_negatives): 4954
len(hard_positives): 225 , len(hard_negatives): 459

CUM Mean pos prob: 0.751, Mean neg prob: 0.256
CUM Mean pos logit: 1.662, Mean neg logit: -4.045

Epoch 11, Batch 780 | Acc: 0.8158 | PosAcc: 0.8557 | NegAcc: 0.7753
len(easy_positives): 4900 , len(easy_negatives): 5107
len(hard_positives): 230 , len(hard_negatives): 466

CUM Mean pos prob: 0.751, Mean neg prob: 0.255
CUM Mean pos logit: 1.660, Mean neg logit: -4.067

Epoch 11, Batch 800 | Acc: 0.8159 | PosAcc: 0.8555 | NegAcc: 0.7758
len(easy_positives): 5026 , len(easy_negatives): 5258
len(hard_positives): 237 , len(hard_negatives): 482

CUM Mean pos prob: 0.751, Mean neg prob: 0.254
CUM Mean pos logit: 1.662, Mean neg logit: -4.096

Epoch 11, Batch 820 | Acc: 0.8167 | PosAcc: 0.8555 | NegAcc: 0.7774
len(easy_positives): 5161 , len(easy_negatives): 5395
len(hard_positives): 241 , len(hard_negatives): 489

CUM Mean pos prob: 0.751, Mean neg prob: 0.253
CUM Mean pos logit: 1.664, Mean neg logit: -4.118

Epoch 11, Batch 840 | Acc: 0.8162 | PosAcc: 0.8561 | NegAcc: 0.7758
len(easy_positives): 5308 , len(easy_negatives): 5511
len(hard_positives): 245 , len(hard_negatives): 503

CUM Mean pos prob: 0.752, Mean neg prob: 0.254
CUM Mean pos logit: 1.669, Mean neg logit: -4.103

Epoch 11, Batch 860 | Acc: 0.8157 | PosAcc: 0.8550 | NegAcc: 0.7762
len(easy_positives): 5425 , len(easy_negatives): 5651
len(hard_positives): 252 , len(hard_negatives): 517

CUM Mean pos prob: 0.752, Mean neg prob: 0.254
CUM Mean pos logit: 1.664, Mean neg logit: -4.106

Epoch 11, Batch 880 | Acc: 0.8155 | PosAcc: 0.8532 | NegAcc: 0.7775
len(easy_positives): 5544 , len(easy_negatives): 5800
len(hard_positives): 261 , len(hard_negatives): 525

CUM Mean pos prob: 0.751, Mean neg prob: 0.253
CUM Mean pos logit: 1.661, Mean neg logit: -4.127

Epoch 11, Batch 900 | Acc: 0.8159 | PosAcc: 0.8539 | NegAcc: 0.7776
len(easy_positives): 5684 , len(easy_negatives): 5936
len(hard_positives): 265 , len(hard_negatives): 536

CUM Mean pos prob: 0.752, Mean neg prob: 0.253
CUM Mean pos logit: 1.664, Mean neg logit: -4.122

Epoch 11, Batch 920 | Acc: 0.8163 | PosAcc: 0.8540 | NegAcc: 0.7782
len(easy_positives): 5829 , len(easy_negatives): 6071
len(hard_positives): 271 , len(hard_negatives): 549

CUM Mean pos prob: 0.752, Mean neg prob: 0.252
CUM Mean pos logit: 1.671, Mean neg logit: -4.141

Epoch 11, Batch 940 | Acc: 0.8158 | PosAcc: 0.8535 | NegAcc: 0.7777
len(easy_positives): 5946 , len(easy_negatives): 6210
len(hard_positives): 280 , len(hard_negatives): 563

CUM Mean pos prob: 0.752, Mean neg prob: 0.252
CUM Mean pos logit: 1.669, Mean neg logit: -4.148

Epoch 11, Batch 960 | Acc: 0.8159 | PosAcc: 0.8539 | NegAcc: 0.7776
len(easy_positives): 6086 , len(easy_negatives): 6326
len(hard_positives): 287 , len(hard_negatives): 576

CUM Mean pos prob: 0.752, Mean neg prob: 0.253
CUM Mean pos logit: 1.671, Mean neg logit: -4.141

Epoch 11, Batch 980 | Acc: 0.8160 | PosAcc: 0.8541 | NegAcc: 0.7775
len(easy_positives): 6223 , len(easy_negatives): 6446
len(hard_positives): 294 , len(hard_negatives): 586

CUM Mean pos prob: 0.752, Mean neg prob: 0.253
CUM Mean pos logit: 1.674, Mean neg logit: -4.133

Epoch 11, Batch 1000 | Acc: 0.8159 | PosAcc: 0.8536 | NegAcc: 0.7779
len(easy_positives): 6343 , len(easy_negatives): 6584
len(hard_positives): 301 , len(hard_negatives): 596

CUM Mean pos prob: 0.752, Mean neg prob: 0.253
CUM Mean pos logit: 1.672, Mean neg logit: -4.149

Epoch 11, Batch 1020 | Acc: 0.8165 | PosAcc: 0.8547 | NegAcc: 0.7781
len(easy_positives): 6484 , len(easy_negatives): 6733
len(hard_positives): 306 , len(hard_negatives): 607

CUM Mean pos prob: 0.753, Mean neg prob: 0.252
CUM Mean pos logit: 1.681, Mean neg logit: -4.150

Epoch 11, Batch 1040 | Acc: 0.8163 | PosAcc: 0.8545 | NegAcc: 0.7778
len(easy_positives): 6624 , len(easy_negatives): 6860
len(hard_positives): 312 , len(hard_negatives): 619

CUM Mean pos prob: 0.753, Mean neg prob: 0.252
CUM Mean pos logit: 1.685, Mean neg logit: -4.172

Epoch 11, Batch 1060 | Acc: 0.8167 | PosAcc: 0.8554 | NegAcc: 0.7774
len(easy_positives): 6765 , len(easy_negatives): 6988
len(hard_positives): 316 , len(hard_negatives): 633

CUM Mean pos prob: 0.753, Mean neg prob: 0.252
CUM Mean pos logit: 1.686, Mean neg logit: -4.166

Epoch 11, Batch 1080 | Acc: 0.8170 | PosAcc: 0.8557 | NegAcc: 0.7778
len(easy_positives): 6888 , len(easy_negatives): 7137
len(hard_positives): 319 , len(hard_negatives): 646

CUM Mean pos prob: 0.753, Mean neg prob: 0.252
CUM Mean pos logit: 1.687, Mean neg logit: -4.206

Epoch 11, Batch 1100 | Acc: 0.8166 | PosAcc: 0.8556 | NegAcc: 0.7770
len(easy_positives): 7028 , len(easy_negatives): 7247
len(hard_positives): 325 , len(hard_negatives): 661

CUM Mean pos prob: 0.754, Mean neg prob: 0.253
CUM Mean pos logit: 1.692, Mean neg logit: -4.190

Epoch 11, Batch 1120 | Acc: 0.8163 | PosAcc: 0.8559 | NegAcc: 0.7760
len(easy_positives): 7163 , len(easy_negatives): 7362
len(hard_positives): 331 , len(hard_negatives): 673

CUM Mean pos prob: 0.754, Mean neg prob: 0.253
CUM Mean pos logit: 1.693, Mean neg logit: -4.173

Epoch 11, Batch 1140 | Acc: 0.8163 | PosAcc: 0.8557 | NegAcc: 0.7763
len(easy_positives): 7281 , len(easy_negatives): 7495
len(hard_positives): 338 , len(hard_negatives): 683

CUM Mean pos prob: 0.754, Mean neg prob: 0.253
CUM Mean pos logit: 1.693, Mean neg logit: -4.157

Epoch 11, Batch 1160 | Acc: 0.8161 | PosAcc: 0.8555 | NegAcc: 0.7762
len(easy_positives): 7414 , len(easy_negatives): 7625
len(hard_positives): 345 , len(hard_negatives): 701

CUM Mean pos prob: 0.753, Mean neg prob: 0.253
CUM Mean pos logit: 1.693, Mean neg logit: -4.152

Epoch 11, Batch 1180 | Acc: 0.8156 | PosAcc: 0.8550 | NegAcc: 0.7757
len(easy_positives): 7517 , len(easy_negatives): 7768
len(hard_positives): 348 , len(hard_negatives): 709

CUM Mean pos prob: 0.753, Mean neg prob: 0.253
CUM Mean pos logit: 1.689, Mean neg logit: -4.158

Epoch 11, Batch 1200 | Acc: 0.8157 | PosAcc: 0.8552 | NegAcc: 0.7756
len(easy_positives): 7660 , len(easy_negatives): 7890
len(hard_positives): 356 , len(hard_negatives): 723

CUM Mean pos prob: 0.753, Mean neg prob: 0.253
CUM Mean pos logit: 1.691, Mean neg logit: -4.147

Epoch 11, Batch 1220 | Acc: 0.8159 | PosAcc: 0.8552 | NegAcc: 0.7761
len(easy_positives): 7786 , len(easy_negatives): 8025
len(hard_positives): 362 , len(hard_negatives): 734

CUM Mean pos prob: 0.753, Mean neg prob: 0.253
CUM Mean pos logit: 1.690, Mean neg logit: -4.141

Epoch 11, Batch 1240 | Acc: 0.8162 | PosAcc: 0.8555 | NegAcc: 0.7763
len(easy_positives): 7901 , len(easy_negatives): 8159
len(hard_positives): 366 , len(hard_negatives): 744

CUM Mean pos prob: 0.753, Mean neg prob: 0.253
CUM Mean pos logit: 1.689, Mean neg logit: -4.139

Epoch 11, Batch 1260 | Acc: 0.8158 | PosAcc: 0.8547 | NegAcc: 0.7764
len(easy_positives): 8015 , len(easy_negatives): 8291
len(hard_positives): 375 , len(hard_negatives): 755

CUM Mean pos prob: 0.753, Mean neg prob: 0.253
CUM Mean pos logit: 1.686, Mean neg logit: -4.144

Epoch 11, Batch 1280 | Acc: 0.8158 | PosAcc: 0.8550 | NegAcc: 0.7761
len(easy_positives): 8130 , len(easy_negatives): 8422
len(hard_positives): 378 , len(hard_negatives): 765

CUM Mean pos prob: 0.753, Mean neg prob: 0.253
CUM Mean pos logit: 1.683, Mean neg logit: -4.140

Epoch 11, Batch 1300 | Acc: 0.8157 | PosAcc: 0.8549 | NegAcc: 0.7760
len(easy_positives): 8271 , len(easy_negatives): 8548
len(hard_positives): 383 , len(hard_negatives): 774

CUM Mean pos prob: 0.753, Mean neg prob: 0.253
CUM Mean pos logit: 1.689, Mean neg logit: -4.146

Epoch 11, Batch 1320 | Acc: 0.8158 | PosAcc: 0.8548 | NegAcc: 0.7762
len(easy_positives): 8423 , len(easy_negatives): 8676
len(hard_positives): 394 , len(hard_negatives): 787

CUM Mean pos prob: 0.753, Mean neg prob: 0.253
CUM Mean pos logit: 1.693, Mean neg logit: -4.144

Epoch 11, Batch 1340 | Acc: 0.8157 | PosAcc: 0.8550 | NegAcc: 0.7758
len(easy_positives): 8574 , len(easy_negatives): 8799
len(hard_positives): 397 , len(hard_negatives): 800

CUM Mean pos prob: 0.754, Mean neg prob: 0.253
CUM Mean pos logit: 1.699, Mean neg logit: -4.142

Epoch 11, Batch 1360 | Acc: 0.8152 | PosAcc: 0.8536 | NegAcc: 0.7762
len(easy_positives): 8679 , len(easy_negatives): 8925
len(hard_positives): 404 , len(hard_negatives): 810

CUM Mean pos prob: 0.753, Mean neg prob: 0.253
CUM Mean pos logit: 1.694, Mean neg logit: -4.128

Epoch 11, Batch 1380 | Acc: 0.8150 | PosAcc: 0.8539 | NegAcc: 0.7756
len(easy_positives): 8804 , len(easy_negatives): 9048
len(hard_positives): 406 , len(hard_negatives): 827

CUM Mean pos prob: 0.753, Mean neg prob: 0.254
CUM Mean pos logit: 1.695, Mean neg logit: -4.113

Epoch 11, Batch 1400 | Acc: 0.8146 | PosAcc: 0.8531 | NegAcc: 0.7756
len(easy_positives): 8909 , len(easy_negatives): 9189
len(hard_positives): 414 , len(hard_negatives): 835

CUM Mean pos prob: 0.752, Mean neg prob: 0.254
CUM Mean pos logit: 1.689, Mean neg logit: -4.114

Epoch 11, Batch 1420 | Acc: 0.8144 | PosAcc: 0.8527 | NegAcc: 0.7757
len(easy_positives): 9009 , len(easy_negatives): 9308
len(hard_positives): 423 , len(hard_negatives): 844

CUM Mean pos prob: 0.752, Mean neg prob: 0.254
CUM Mean pos logit: 1.685, Mean neg logit: -4.102

Epoch 11, Batch 1440 | Acc: 0.8142 | PosAcc: 0.8524 | NegAcc: 0.7756
len(easy_positives): 9119 , len(easy_negatives): 9439
len(hard_positives): 430 , len(hard_negatives): 854

CUM Mean pos prob: 0.752, Mean neg prob: 0.254
CUM Mean pos logit: 1.682, Mean neg logit: -4.110

Epoch 11, Batch 1460 | Acc: 0.8142 | PosAcc: 0.8523 | NegAcc: 0.7756
len(easy_positives): 9233 , len(easy_negatives): 9563
len(hard_positives): 435 , len(hard_negatives): 867

CUM Mean pos prob: 0.751, Mean neg prob: 0.254
CUM Mean pos logit: 1.680, Mean neg logit: -4.110

Epoch 11, Batch 1480 | Acc: 0.8143 | PosAcc: 0.8529 | NegAcc: 0.7752
len(easy_positives): 9388 , len(easy_negatives): 9682
len(hard_positives): 439 , len(hard_negatives): 878

CUM Mean pos prob: 0.752, Mean neg prob: 0.254
CUM Mean pos logit: 1.683, Mean neg logit: -4.109

Epoch 11, Batch 1500 | Acc: 0.8142 | PosAcc: 0.8529 | NegAcc: 0.7751
len(easy_positives): 9509 , len(easy_negatives): 9803
len(hard_positives): 445 , len(hard_negatives): 886

CUM Mean pos prob: 0.752, Mean neg prob: 0.254
CUM Mean pos logit: 1.682, Mean neg logit: -4.101

Epoch 11, Batch 1520 | Acc: 0.8142 | PosAcc: 0.8522 | NegAcc: 0.7757
len(easy_positives): 9624 , len(easy_negatives): 9936
len(hard_positives): 456 , len(hard_negatives): 890

CUM Mean pos prob: 0.751, Mean neg prob: 0.254
CUM Mean pos logit: 1.678, Mean neg logit: -4.101

Epoch 11, Batch 1540 | Acc: 0.8142 | PosAcc: 0.8523 | NegAcc: 0.7756
len(easy_positives): 9741 , len(easy_negatives): 10060
len(hard_positives): 456 , len(hard_negatives): 904

CUM Mean pos prob: 0.751, Mean neg prob: 0.255
CUM Mean pos logit: 1.679, Mean neg logit: -4.094

Epoch 11, Batch 1560 | Acc: 0.8139 | PosAcc: 0.8518 | NegAcc: 0.7756
len(easy_positives): 9859 , len(easy_negatives): 10205
len(hard_positives): 463 , len(hard_negatives): 914

CUM Mean pos prob: 0.751, Mean neg prob: 0.254
CUM Mean pos logit: 1.677, Mean neg logit: -4.105

Epoch 11, Batch 1580 | Acc: 0.8135 | PosAcc: 0.8517 | NegAcc: 0.7749
len(easy_positives): 9991 , len(easy_negatives): 10324
len(hard_positives): 466 , len(hard_negatives): 926

CUM Mean pos prob: 0.751, Mean neg prob: 0.255
CUM Mean pos logit: 1.678, Mean neg logit: -4.097

Epoch 11, Batch 1600 | Acc: 0.8135 | PosAcc: 0.8518 | NegAcc: 0.7748
len(easy_positives): 10116 , len(easy_negatives): 10463
len(hard_positives): 472 , len(hard_negatives): 943

CUM Mean pos prob: 0.751, Mean neg prob: 0.255
CUM Mean pos logit: 1.678, Mean neg logit: -4.095

Epoch 11, Batch 1620 | Acc: 0.8134 | PosAcc: 0.8514 | NegAcc: 0.7750
len(easy_positives): 10234 , len(easy_negatives): 10616
len(hard_positives): 478 , len(hard_negatives): 953

CUM Mean pos prob: 0.751, Mean neg prob: 0.254
CUM Mean pos logit: 1.675, Mean neg logit: -4.103

Epoch 11, Batch 1640 | Acc: 0.8138 | PosAcc: 0.8523 | NegAcc: 0.7748
len(easy_positives): 10388 , len(easy_negatives): 10746
len(hard_positives): 486 , len(hard_negatives): 962

CUM Mean pos prob: 0.751, Mean neg prob: 0.254
CUM Mean pos logit: 1.680, Mean neg logit: -4.099

Epoch 11, Batch 1660 | Acc: 0.8141 | PosAcc: 0.8531 | NegAcc: 0.7744
len(easy_positives): 10560 , len(easy_negatives): 10871
len(hard_positives): 490 , len(hard_negatives): 980

CUM Mean pos prob: 0.752, Mean neg prob: 0.254
CUM Mean pos logit: 1.687, Mean neg logit: -4.106

Epoch 11, Batch 1680 | Acc: 0.8144 | PosAcc: 0.8533 | NegAcc: 0.7750
len(easy_positives): 10687 , len(easy_negatives): 11014
len(hard_positives): 497 , len(hard_negatives): 988

CUM Mean pos prob: 0.752, Mean neg prob: 0.254
CUM Mean pos logit: 1.687, Mean neg logit: -4.110

Epoch 11, Batch 1700 | Acc: 0.8145 | PosAcc: 0.8532 | NegAcc: 0.7752
len(easy_positives): 10806 , len(easy_negatives): 11149
len(hard_positives): 502 , len(hard_negatives): 997

CUM Mean pos prob: 0.752, Mean neg prob: 0.254
CUM Mean pos logit: 1.689, Mean neg logit: -4.117

Epoch 11, Batch 1720 | Acc: 0.8138 | PosAcc: 0.8530 | NegAcc: 0.7741
len(easy_positives): 10913 , len(easy_negatives): 11264
len(hard_positives): 509 , len(hard_negatives): 1009

CUM Mean pos prob: 0.752, Mean neg prob: 0.254
CUM Mean pos logit: 1.687, Mean neg logit: -4.105

Epoch 11, Batch 1740 | Acc: 0.8137 | PosAcc: 0.8525 | NegAcc: 0.7745
len(easy_positives): 11018 , len(easy_negatives): 11385
len(hard_positives): 514 , len(hard_negatives): 1020

CUM Mean pos prob: 0.751, Mean neg prob: 0.254
CUM Mean pos logit: 1.683, Mean neg logit: -4.093

Epoch 11, Batch 1760 | Acc: 0.8138 | PosAcc: 0.8524 | NegAcc: 0.7746
len(easy_positives): 11145 , len(easy_negatives): 11522
len(hard_positives): 523 , len(hard_negatives): 1033

CUM Mean pos prob: 0.752, Mean neg prob: 0.254
CUM Mean pos logit: 1.686, Mean neg logit: -4.096

Epoch 11, Batch 1780 | Acc: 0.8136 | PosAcc: 0.8523 | NegAcc: 0.7745
len(easy_positives): 11256 , len(easy_negatives): 11652
len(hard_positives): 530 , len(hard_negatives): 1043

CUM Mean pos prob: 0.751, Mean neg prob: 0.254
CUM Mean pos logit: 1.685, Mean neg logit: -4.092

Epoch 11, Batch 1800 | Acc: 0.8136 | PosAcc: 0.8525 | NegAcc: 0.7742
len(easy_positives): 11381 , len(easy_negatives): 11779
len(hard_positives): 538 , len(hard_negatives): 1055

CUM Mean pos prob: 0.751, Mean neg prob: 0.255
CUM Mean pos logit: 1.686, Mean neg logit: -4.086

Epoch 11, Batch 1820 | Acc: 0.8138 | PosAcc: 0.8524 | NegAcc: 0.7747
len(easy_positives): 11492 , len(easy_negatives): 11922
len(hard_positives): 543 , len(hard_negatives): 1062

CUM Mean pos prob: 0.751, Mean neg prob: 0.254
CUM Mean pos logit: 1.686, Mean neg logit: -4.086

Epoch 11, Batch 1840 | Acc: 0.8138 | PosAcc: 0.8522 | NegAcc: 0.7749
len(easy_positives): 11618 , len(easy_negatives): 12079
len(hard_positives): 547 , len(hard_negatives): 1072

CUM Mean pos prob: 0.751, Mean neg prob: 0.254
CUM Mean pos logit: 1.687, Mean neg logit: -4.098

Epoch 11, Batch 1860 | Acc: 0.8139 | PosAcc: 0.8519 | NegAcc: 0.7754
len(easy_positives): 11709 , len(easy_negatives): 12240
len(hard_positives): 556 , len(hard_negatives): 1082

CUM Mean pos prob: 0.751, Mean neg prob: 0.253
CUM Mean pos logit: 1.684, Mean neg logit: -4.098

Epoch 11, Batch 1880 | Acc: 0.8137 | PosAcc: 0.8517 | NegAcc: 0.7754
len(easy_positives): 11819 , len(easy_negatives): 12378
len(hard_positives): 563 , len(hard_negatives): 1093

CUM Mean pos prob: 0.751, Mean neg prob: 0.253
CUM Mean pos logit: 1.683, Mean neg logit: -4.094

Epoch 11, Batch 1900 | Acc: 0.8138 | PosAcc: 0.8518 | NegAcc: 0.7756
len(easy_positives): 11952 , len(easy_negatives): 12510
len(hard_positives): 568 , len(hard_negatives): 1105

CUM Mean pos prob: 0.751, Mean neg prob: 0.253
CUM Mean pos logit: 1.683, Mean neg logit: -4.097

Epoch 11, Batch 1920 | Acc: 0.8140 | PosAcc: 0.8519 | NegAcc: 0.7757
len(easy_positives): 12107 , len(easy_negatives): 12656
len(hard_positives): 575 , len(hard_negatives): 1121

CUM Mean pos prob: 0.751, Mean neg prob: 0.253
CUM Mean pos logit: 1.688, Mean neg logit: -4.105

Epoch 11, Batch 1940 | Acc: 0.8140 | PosAcc: 0.8523 | NegAcc: 0.7754
len(easy_positives): 12259 , len(easy_negatives): 12763
len(hard_positives): 578 , len(hard_negatives): 1134

CUM Mean pos prob: 0.752, Mean neg prob: 0.253
CUM Mean pos logit: 1.689, Mean neg logit: -4.097

Epoch 11, Batch 1960 | Acc: 0.8140 | PosAcc: 0.8523 | NegAcc: 0.7754
len(easy_positives): 12384 , len(easy_negatives): 12904
len(hard_positives): 591 , len(hard_negatives): 1144

CUM Mean pos prob: 0.752, Mean neg prob: 0.253
CUM Mean pos logit: 1.690, Mean neg logit: -4.094

Epoch 11, Batch 1980 | Acc: 0.8141 | PosAcc: 0.8521 | NegAcc: 0.7758
len(easy_positives): 12499 , len(easy_negatives): 13049
len(hard_positives): 600 , len(hard_negatives): 1153

CUM Mean pos prob: 0.751, Mean neg prob: 0.253
CUM Mean pos logit: 1.688, Mean neg logit: -4.102

Epoch 11, Batch 2000 | Acc: 0.8139 | PosAcc: 0.8515 | NegAcc: 0.7761
len(easy_positives): 12608 , len(easy_negatives): 13188
len(hard_positives): 612 , len(hard_negatives): 1163

CUM Mean pos prob: 0.751, Mean neg prob: 0.253
CUM Mean pos logit: 1.685, Mean neg logit: -4.102

Epoch 11, Batch 2020 | Acc: 0.8139 | PosAcc: 0.8517 | NegAcc: 0.7760
len(easy_positives): 12723 , len(easy_negatives): 13336
len(hard_positives): 618 , len(hard_negatives): 1177

CUM Mean pos prob: 0.751, Mean neg prob: 0.253
CUM Mean pos logit: 1.684, Mean neg logit: -4.108

Epoch 11, Batch 2040 | Acc: 0.8138 | PosAcc: 0.8513 | NegAcc: 0.7760
len(easy_positives): 12835 , len(easy_negatives): 13465
len(hard_positives): 630 , len(hard_negatives): 1189

CUM Mean pos prob: 0.751, Mean neg prob: 0.253
CUM Mean pos logit: 1.681, Mean neg logit: -4.100

Epoch 11, Batch 2060 | Acc: 0.8136 | PosAcc: 0.8511 | NegAcc: 0.7758
len(easy_positives): 12937 , len(easy_negatives): 13579
len(hard_positives): 636 , len(hard_negatives): 1199

CUM Mean pos prob: 0.750, Mean neg prob: 0.253
CUM Mean pos logit: 1.677, Mean neg logit: -4.094

Epoch 11, Batch 2080 | Acc: 0.8134 | PosAcc: 0.8510 | NegAcc: 0.7756
len(easy_positives): 13060 , len(easy_negatives): 13715
len(hard_positives): 644 , len(hard_negatives): 1214

CUM Mean pos prob: 0.750, Mean neg prob: 0.254
CUM Mean pos logit: 1.676, Mean neg logit: -4.092

Epoch 11, Batch 2100 | Acc: 0.8133 | PosAcc: 0.8507 | NegAcc: 0.7756
len(easy_positives): 13168 , len(easy_negatives): 13840
len(hard_positives): 648 , len(hard_negatives): 1224

CUM Mean pos prob: 0.750, Mean neg prob: 0.254
CUM Mean pos logit: 1.673, Mean neg logit: -4.089

Epoch 11, Batch 2120 | Acc: 0.8131 | PosAcc: 0.8511 | NegAcc: 0.7749
len(easy_positives): 13298 , len(easy_negatives): 13934
len(hard_positives): 651 , len(hard_negatives): 1239

CUM Mean pos prob: 0.750, Mean neg prob: 0.254
CUM Mean pos logit: 1.673, Mean neg logit: -4.075

Epoch 11, Batch 2140 | Acc: 0.8134 | PosAcc: 0.8515 | NegAcc: 0.7750
len(easy_positives): 13441 , len(easy_negatives): 14062
len(hard_positives): 655 , len(hard_negatives): 1255

CUM Mean pos prob: 0.750, Mean neg prob: 0.254
CUM Mean pos logit: 1.675, Mean neg logit: -4.072

Epoch 11, Batch 2160 | Acc: 0.8133 | PosAcc: 0.8511 | NegAcc: 0.7751
len(easy_positives): 13539 , len(easy_negatives): 14206
len(hard_positives): 659 , len(hard_negatives): 1263

CUM Mean pos prob: 0.750, Mean neg prob: 0.254
CUM Mean pos logit: 1.672, Mean neg logit: -4.077

Epoch 11, Batch 2180 | Acc: 0.8131 | PosAcc: 0.8511 | NegAcc: 0.7748
len(easy_positives): 13640 , len(easy_negatives): 14325
len(hard_positives): 665 , len(hard_negatives): 1274

CUM Mean pos prob: 0.750, Mean neg prob: 0.254
CUM Mean pos logit: 1.669, Mean neg logit: -4.069

Epoch 11, Batch 2200 | Acc: 0.8130 | PosAcc: 0.8512 | NegAcc: 0.7746
len(easy_positives): 13770 , len(easy_negatives): 14459
len(hard_positives): 671 , len(hard_negatives): 1286

CUM Mean pos prob: 0.750, Mean neg prob: 0.254
CUM Mean pos logit: 1.670, Mean neg logit: -4.061

Epoch 11, Batch 2220 | Acc: 0.8133 | PosAcc: 0.8513 | NegAcc: 0.7750
len(easy_positives): 13880 , len(easy_negatives): 14605
len(hard_positives): 679 , len(hard_negatives): 1293

CUM Mean pos prob: 0.750, Mean neg prob: 0.254
CUM Mean pos logit: 1.669, Mean neg logit: -4.062

Epoch 11, Batch 2240 | Acc: 0.8134 | PosAcc: 0.8514 | NegAcc: 0.7751
len(easy_positives): 14009 , len(easy_negatives): 14754
len(hard_positives): 686 , len(hard_negatives): 1307

CUM Mean pos prob: 0.750, Mean neg prob: 0.254
CUM Mean pos logit: 1.670, Mean neg logit: -4.066

Epoch 11, Batch 2260 | Acc: 0.8136 | PosAcc: 0.8517 | NegAcc: 0.7753
len(easy_positives): 14120 , len(easy_negatives): 14888
len(hard_positives): 692 , len(hard_negatives): 1319

CUM Mean pos prob: 0.750, Mean neg prob: 0.254
CUM Mean pos logit: 1.670, Mean neg logit: -4.059

Epoch 11, Batch 2280 | Acc: 0.8137 | PosAcc: 0.8520 | NegAcc: 0.7751
len(easy_positives): 14266 , len(easy_negatives): 15012
len(hard_positives): 696 , len(hard_negatives): 1332

CUM Mean pos prob: 0.750, Mean neg prob: 0.254
CUM Mean pos logit: 1.672, Mean neg logit: -4.059

Epoch 11, Batch 2300 | Acc: 0.8137 | PosAcc: 0.8520 | NegAcc: 0.7752
len(easy_positives): 14385 , len(easy_negatives): 15154
len(hard_positives): 702 , len(hard_negatives): 1348

CUM Mean pos prob: 0.750, Mean neg prob: 0.254
CUM Mean pos logit: 1.671, Mean neg logit: -4.069

Epoch 11, Batch 2320 | Acc: 0.8137 | PosAcc: 0.8523 | NegAcc: 0.7748
len(easy_positives): 14532 , len(easy_negatives): 15272
len(hard_positives): 706 , len(hard_negatives): 1367

CUM Mean pos prob: 0.750, Mean neg prob: 0.254
CUM Mean pos logit: 1.671, Mean neg logit: -4.061

Epoch 11, Batch 2340 | Acc: 0.8136 | PosAcc: 0.8523 | NegAcc: 0.7745
len(easy_positives): 14632 , len(easy_negatives): 15399
len(hard_positives): 709 , len(hard_negatives): 1376

CUM Mean pos prob: 0.750, Mean neg prob: 0.254
CUM Mean pos logit: 1.668, Mean neg logit: -4.055

Epoch 11, Batch 2360 | Acc: 0.8134 | PosAcc: 0.8522 | NegAcc: 0.7744
len(easy_positives): 14762 , len(easy_negatives): 15534
len(hard_positives): 715 , len(hard_negatives): 1389

CUM Mean pos prob: 0.750, Mean neg prob: 0.254
CUM Mean pos logit: 1.668, Mean neg logit: -4.064

Epoch 11, Batch 2380 | Acc: 0.8134 | PosAcc: 0.8519 | NegAcc: 0.7746
len(easy_positives): 14864 , len(easy_negatives): 15676
len(hard_positives): 726 , len(hard_negatives): 1397

CUM Mean pos prob: 0.750, Mean neg prob: 0.254
CUM Mean pos logit: 1.665, Mean neg logit: -4.072

Epoch 11, Batch 2400 | Acc: 0.8134 | PosAcc: 0.8522 | NegAcc: 0.7742
len(easy_positives): 15004 , len(easy_negatives): 15777
len(hard_positives): 737 , len(hard_negatives): 1404

CUM Mean pos prob: 0.750, Mean neg prob: 0.254
CUM Mean pos logit: 1.666, Mean neg logit: -4.070

Epoch 11, Batch 2420 | Acc: 0.8133 | PosAcc: 0.8525 | NegAcc: 0.7739
len(easy_positives): 15106 , len(easy_negatives): 15913
len(hard_positives): 740 , len(hard_negatives): 1417

CUM Mean pos prob: 0.750, Mean neg prob: 0.254
CUM Mean pos logit: 1.664, Mean neg logit: -4.067

Epoch 11, Batch 2440 | Acc: 0.8132 | PosAcc: 0.8524 | NegAcc: 0.7737
len(easy_positives): 15207 , len(easy_negatives): 16044
len(hard_positives): 744 , len(hard_negatives): 1424

CUM Mean pos prob: 0.749, Mean neg prob: 0.255
CUM Mean pos logit: 1.662, Mean neg logit: -4.075

Epoch 11, Batch 2460 | Acc: 0.8131 | PosAcc: 0.8523 | NegAcc: 0.7737
len(easy_positives): 15325 , len(easy_negatives): 16173
len(hard_positives): 750 , len(hard_negatives): 1435

CUM Mean pos prob: 0.749, Mean neg prob: 0.255
CUM Mean pos logit: 1.661, Mean neg logit: -4.070

Epoch 11, Batch 2480 | Acc: 0.8130 | PosAcc: 0.8519 | NegAcc: 0.7739
len(easy_positives): 15439 , len(easy_negatives): 16307
len(hard_positives): 757 , len(hard_negatives): 1443

CUM Mean pos prob: 0.749, Mean neg prob: 0.254
CUM Mean pos logit: 1.660, Mean neg logit: -4.076

Epoch 11, Batch 2500 | Acc: 0.8130 | PosAcc: 0.8519 | NegAcc: 0.7739
len(easy_positives): 15580 , len(easy_negatives): 16440
len(hard_positives): 761 , len(hard_negatives): 1454

CUM Mean pos prob: 0.749, Mean neg prob: 0.254
CUM Mean pos logit: 1.661, Mean neg logit: -4.076

Epoch 11, Batch 2520 | Acc: 0.8132 | PosAcc: 0.8522 | NegAcc: 0.7740
len(easy_positives): 15699 , len(easy_negatives): 16587
len(hard_positives): 764 , len(hard_negatives): 1464

CUM Mean pos prob: 0.749, Mean neg prob: 0.254
CUM Mean pos logit: 1.662, Mean neg logit: -4.078

Epoch 11, Batch 2540 | Acc: 0.8134 | PosAcc: 0.8521 | NegAcc: 0.7744
len(easy_positives): 15830 , len(easy_negatives): 16726
len(hard_positives): 772 , len(hard_negatives): 1474

CUM Mean pos prob: 0.749, Mean neg prob: 0.254
CUM Mean pos logit: 1.663, Mean neg logit: -4.086

Epoch 11, Batch 2560 | Acc: 0.8132 | PosAcc: 0.8519 | NegAcc: 0.7742
len(easy_positives): 15957 , len(easy_negatives): 16859
len(hard_positives): 779 , len(hard_negatives): 1488

CUM Mean pos prob: 0.749, Mean neg prob: 0.254
CUM Mean pos logit: 1.664, Mean neg logit: -4.081

Epoch 11, Batch 2580 | Acc: 0.8132 | PosAcc: 0.8520 | NegAcc: 0.7743
len(easy_positives): 16085 , len(easy_negatives): 16993
len(hard_positives): 784 , len(hard_negatives): 1501

CUM Mean pos prob: 0.750, Mean neg prob: 0.254
CUM Mean pos logit: 1.665, Mean neg logit: -4.075

Epoch 11, Batch 2600 | Acc: 0.8132 | PosAcc: 0.8516 | NegAcc: 0.7746
len(easy_positives): 16217 , len(easy_negatives): 17126
len(hard_positives): 794 , len(hard_negatives): 1510

CUM Mean pos prob: 0.749, Mean neg prob: 0.254
CUM Mean pos logit: 1.665, Mean neg logit: -4.079

Epoch 11, Batch 2620 | Acc: 0.8130 | PosAcc: 0.8516 | NegAcc: 0.7742
len(easy_positives): 16308 , len(easy_negatives): 17247
len(hard_positives): 799 , len(hard_negatives): 1524

CUM Mean pos prob: 0.749, Mean neg prob: 0.254
CUM Mean pos logit: 1.663, Mean neg logit: -4.073

Epoch 11, Batch 2640 | Acc: 0.8131 | PosAcc: 0.8517 | NegAcc: 0.7744
len(easy_positives): 16416 , len(easy_negatives): 17370
len(hard_positives): 806 , len(hard_negatives): 1536

CUM Mean pos prob: 0.749, Mean neg prob: 0.254
CUM Mean pos logit: 1.661, Mean neg logit: -4.070

Epoch 11, Batch 2660 | Acc: 0.8130 | PosAcc: 0.8516 | NegAcc: 0.7744
len(easy_positives): 16550 , len(easy_negatives): 17502
len(hard_positives): 812 , len(hard_negatives): 1546

CUM Mean pos prob: 0.749, Mean neg prob: 0.254
CUM Mean pos logit: 1.661, Mean neg logit: -4.068

Epoch 11, Batch 2680 | Acc: 0.8131 | PosAcc: 0.8517 | NegAcc: 0.7744
len(easy_positives): 16658 , len(easy_negatives): 17645
len(hard_positives): 819 , len(hard_negatives): 1556

CUM Mean pos prob: 0.749, Mean neg prob: 0.254
CUM Mean pos logit: 1.659, Mean neg logit: -4.072

Epoch 11, Batch 2700 | Acc: 0.8131 | PosAcc: 0.8516 | NegAcc: 0.7745
len(easy_positives): 16764 , len(easy_negatives): 17784
len(hard_positives): 827 , len(hard_negatives): 1567

CUM Mean pos prob: 0.749, Mean neg prob: 0.254
CUM Mean pos logit: 1.658, Mean neg logit: -4.068

Epoch 11, Batch 2720 | Acc: 0.8131 | PosAcc: 0.8515 | NegAcc: 0.7746
len(easy_positives): 16882 , len(easy_negatives): 17905
len(hard_positives): 835 , len(hard_negatives): 1581

CUM Mean pos prob: 0.749, Mean neg prob: 0.254
CUM Mean pos logit: 1.657, Mean neg logit: -4.065

Epoch 11, Batch 2740 | Acc: 0.8131 | PosAcc: 0.8513 | NegAcc: 0.7748
len(easy_positives): 17002 , len(easy_negatives): 18053
len(hard_positives): 843 , len(hard_negatives): 1589

CUM Mean pos prob: 0.749, Mean neg prob: 0.254
CUM Mean pos logit: 1.657, Mean neg logit: -4.063

Epoch 11, Batch 2760 | Acc: 0.8131 | PosAcc: 0.8512 | NegAcc: 0.7750
len(easy_positives): 17097 , len(easy_negatives): 18193
len(hard_positives): 850 , len(hard_negatives): 1595

CUM Mean pos prob: 0.749, Mean neg prob: 0.254
CUM Mean pos logit: 1.655, Mean neg logit: -4.069

Epoch 11, Batch 2780 | Acc: 0.8132 | PosAcc: 0.8515 | NegAcc: 0.7748
len(easy_positives): 17264 , len(easy_negatives): 18323
len(hard_positives): 854 , len(hard_negatives): 1607

CUM Mean pos prob: 0.749, Mean neg prob: 0.254
CUM Mean pos logit: 1.660, Mean neg logit: -4.071

Epoch 11, Batch 2800 | Acc: 0.8132 | PosAcc: 0.8515 | NegAcc: 0.7749
len(easy_positives): 17392 , len(easy_negatives): 18460
len(hard_positives): 862 , len(hard_negatives): 1620

CUM Mean pos prob: 0.749, Mean neg prob: 0.254
CUM Mean pos logit: 1.662, Mean neg logit: -4.074

Epoch 11, Batch 2820 | Acc: 0.8133 | PosAcc: 0.8514 | NegAcc: 0.7752
len(easy_positives): 17505 , len(easy_negatives): 18616
len(hard_positives): 864 , len(hard_negatives): 1627

CUM Mean pos prob: 0.749, Mean neg prob: 0.254
CUM Mean pos logit: 1.662, Mean neg logit: -4.076

Epoch 11, Batch 2840 | Acc: 0.8133 | PosAcc: 0.8514 | NegAcc: 0.7752
len(easy_positives): 17615 , len(easy_negatives): 18758
len(hard_positives): 872 , len(hard_negatives): 1636

CUM Mean pos prob: 0.749, Mean neg prob: 0.254
CUM Mean pos logit: 1.661, Mean neg logit: -4.082

Epoch 11, Batch 2860 | Acc: 0.8132 | PosAcc: 0.8515 | NegAcc: 0.7748
len(easy_positives): 17738 , len(easy_negatives): 18883
len(hard_positives): 879 , len(hard_negatives): 1646

CUM Mean pos prob: 0.749, Mean neg prob: 0.254
CUM Mean pos logit: 1.660, Mean neg logit: -4.087

Epoch 11, Batch 2880 | Acc: 0.8131 | PosAcc: 0.8515 | NegAcc: 0.7746
len(easy_positives): 17856 , len(easy_negatives): 19007
len(hard_positives): 886 , len(hard_negatives): 1653

CUM Mean pos prob: 0.749, Mean neg prob: 0.254
CUM Mean pos logit: 1.659, Mean neg logit: -4.080

Epoch 11, Batch 2900 | Acc: 0.8130 | PosAcc: 0.8515 | NegAcc: 0.7745
len(easy_positives): 17965 , len(easy_negatives): 19140
len(hard_positives): 891 , len(hard_negatives): 1667

CUM Mean pos prob: 0.749, Mean neg prob: 0.254
CUM Mean pos logit: 1.658, Mean neg logit: -4.076

Epoch 11, Batch 2920 | Acc: 0.8129 | PosAcc: 0.8513 | NegAcc: 0.7745
len(easy_positives): 18077 , len(easy_negatives): 19288
len(hard_positives): 898 , len(hard_negatives): 1678

CUM Mean pos prob: 0.749, Mean neg prob: 0.254
CUM Mean pos logit: 1.657, Mean neg logit: -4.079

Epoch 11, Batch 2940 | Acc: 0.8131 | PosAcc: 0.8513 | NegAcc: 0.7748
len(easy_positives): 18194 , len(easy_negatives): 19434
len(hard_positives): 901 , len(hard_negatives): 1684

CUM Mean pos prob: 0.749, Mean neg prob: 0.254
CUM Mean pos logit: 1.658, Mean neg logit: -4.080

Epoch 11, Batch 2960 | Acc: 0.8130 | PosAcc: 0.8513 | NegAcc: 0.7748
len(easy_positives): 18338 , len(easy_negatives): 19566
len(hard_positives): 910 , len(hard_negatives): 1699

CUM Mean pos prob: 0.749, Mean neg prob: 0.254
CUM Mean pos logit: 1.660, Mean neg logit: -4.084

Epoch 11, Batch 2980 | Acc: 0.8131 | PosAcc: 0.8512 | NegAcc: 0.7751
len(easy_positives): 18449 , len(easy_negatives): 19735
len(hard_positives): 918 , len(hard_negatives): 1710

CUM Mean pos prob: 0.749, Mean neg prob: 0.254
CUM Mean pos logit: 1.660, Mean neg logit: -4.098

Epoch 11, Batch 3000 | Acc: 0.8133 | PosAcc: 0.8515 | NegAcc: 0.7751
len(easy_positives): 18595 , len(easy_negatives): 19848
len(hard_positives): 925 , len(hard_negatives): 1722

CUM Mean pos prob: 0.749, Mean neg prob: 0.254
CUM Mean pos logit: 1.661, Mean neg logit: -4.097

Epoch 11, Batch 3020 | Acc: 0.8132 | PosAcc: 0.8513 | NegAcc: 0.7750
len(easy_positives): 18719 , len(easy_negatives): 19987
len(hard_positives): 933 , len(hard_negatives): 1734

CUM Mean pos prob: 0.749, Mean neg prob: 0.254
CUM Mean pos logit: 1.661, Mean neg logit: -4.101

Epoch 11, Batch 3040 | Acc: 0.8132 | PosAcc: 0.8514 | NegAcc: 0.7751
len(easy_positives): 18835 , len(easy_negatives): 20115
len(hard_positives): 938 , len(hard_negatives): 1745

CUM Mean pos prob: 0.749, Mean neg prob: 0.254
CUM Mean pos logit: 1.661, Mean neg logit: -4.100

Epoch 11, Batch 3060 | Acc: 0.8132 | PosAcc: 0.8514 | NegAcc: 0.7750
len(easy_positives): 18968 , len(easy_negatives): 20233
len(hard_positives): 946 , len(hard_negatives): 1758

CUM Mean pos prob: 0.749, Mean neg prob: 0.254
CUM Mean pos logit: 1.661, Mean neg logit: -4.097

Epoch 11, Batch 3080 | Acc: 0.8131 | PosAcc: 0.8511 | NegAcc: 0.7751
len(easy_positives): 19080 , len(easy_negatives): 20377
len(hard_positives): 952 , len(hard_negatives): 1768

CUM Mean pos prob: 0.749, Mean neg prob: 0.254
CUM Mean pos logit: 1.661, Mean neg logit: -4.100

Epoch 11, Batch 3100 | Acc: 0.8132 | PosAcc: 0.8512 | NegAcc: 0.7753
len(easy_positives): 19192 , len(easy_negatives): 20516
len(hard_positives): 958 , len(hard_negatives): 1777

CUM Mean pos prob: 0.749, Mean neg prob: 0.254
CUM Mean pos logit: 1.661, Mean neg logit: -4.103

Epoch 11, Batch 3120 | Acc: 0.8132 | PosAcc: 0.8511 | NegAcc: 0.7753
len(easy_positives): 19338 , len(easy_negatives): 20641
len(hard_positives): 965 , len(hard_negatives): 1788

CUM Mean pos prob: 0.749, Mean neg prob: 0.254
CUM Mean pos logit: 1.663, Mean neg logit: -4.101

Epoch 11, Batch 3140 | Acc: 0.8131 | PosAcc: 0.8510 | NegAcc: 0.7751
len(easy_positives): 19480 , len(easy_negatives): 20763
len(hard_positives): 970 , len(hard_negatives): 1801

CUM Mean pos prob: 0.749, Mean neg prob: 0.254
CUM Mean pos logit: 1.664, Mean neg logit: -4.102

Epoch 11, Batch 3160 | Acc: 0.8130 | PosAcc: 0.8511 | NegAcc: 0.7747
len(easy_positives): 19638 , len(easy_negatives): 20881
len(hard_positives): 979 , len(hard_negatives): 1813

CUM Mean pos prob: 0.749, Mean neg prob: 0.254
CUM Mean pos logit: 1.665, Mean neg logit: -4.103

Epoch 11, Batch 3180 | Acc: 0.8130 | PosAcc: 0.8512 | NegAcc: 0.7747
len(easy_positives): 19746 , len(easy_negatives): 21011
len(hard_positives): 985 , len(hard_negatives): 1824

CUM Mean pos prob: 0.749, Mean neg prob: 0.254
CUM Mean pos logit: 1.664, Mean neg logit: -4.099

Epoch 11, Batch 3200 | Acc: 0.8129 | PosAcc: 0.8510 | NegAcc: 0.7746
len(easy_positives): 19876 , len(easy_negatives): 21123
len(hard_positives): 993 , len(hard_negatives): 1837

CUM Mean pos prob: 0.749, Mean neg prob: 0.254
CUM Mean pos logit: 1.664, Mean neg logit: -4.096

Epoch 11, Batch 3220 | Acc: 0.8130 | PosAcc: 0.8512 | NegAcc: 0.7747
len(easy_positives): 20017 , len(easy_negatives): 21271
len(hard_positives): 1002 , len(hard_negatives): 1848

CUM Mean pos prob: 0.749, Mean neg prob: 0.254
CUM Mean pos logit: 1.665, Mean neg logit: -4.100

Epoch 11, Batch 3240 | Acc: 0.8129 | PosAcc: 0.8511 | NegAcc: 0.7746
len(easy_positives): 20117 , len(easy_negatives): 21422
len(hard_positives): 1012 , len(hard_negatives): 1859

CUM Mean pos prob: 0.749, Mean neg prob: 0.254
CUM Mean pos logit: 1.664, Mean neg logit: -4.100

Epoch 11, Batch 3260 | Acc: 0.8127 | PosAcc: 0.8512 | NegAcc: 0.7742
len(easy_positives): 20258 , len(easy_negatives): 21535
len(hard_positives): 1020 , len(hard_negatives): 1872

CUM Mean pos prob: 0.749, Mean neg prob: 0.254
CUM Mean pos logit: 1.663, Mean neg logit: -4.094

Epoch 11, Batch 3280 | Acc: 0.8128 | PosAcc: 0.8512 | NegAcc: 0.7743
len(easy_positives): 20382 , len(easy_negatives): 21678
len(hard_positives): 1025 , len(hard_negatives): 1883

CUM Mean pos prob: 0.749, Mean neg prob: 0.254
CUM Mean pos logit: 1.664, Mean neg logit: -4.097

Epoch 11, Batch 3300 | Acc: 0.8129 | PosAcc: 0.8513 | NegAcc: 0.7744
len(easy_positives): 20495 , len(easy_negatives): 21842
len(hard_positives): 1030 , len(hard_negatives): 1891

CUM Mean pos prob: 0.749, Mean neg prob: 0.254
CUM Mean pos logit: 1.665, Mean neg logit: -4.102

Epoch 11, Batch 3320 | Acc: 0.8128 | PosAcc: 0.8512 | NegAcc: 0.7743
len(easy_positives): 20630 , len(easy_negatives): 21969
len(hard_positives): 1038 , len(hard_negatives): 1911

CUM Mean pos prob: 0.749, Mean neg prob: 0.254
CUM Mean pos logit: 1.664, Mean neg logit: -4.102

Epoch 11, Batch 3340 | Acc: 0.8128 | PosAcc: 0.8512 | NegAcc: 0.7745
len(easy_positives): 20740 , len(easy_negatives): 22111
len(hard_positives): 1044 , len(hard_negatives): 1912

CUM Mean pos prob: 0.749, Mean neg prob: 0.253
CUM Mean pos logit: 1.664, Mean neg logit: -4.101

Epoch 11, Batch 3360 | Acc: 0.8127 | PosAcc: 0.8510 | NegAcc: 0.7743
len(easy_positives): 20871 , len(easy_negatives): 22253
len(hard_positives): 1051 , len(hard_negatives): 1930

CUM Mean pos prob: 0.749, Mean neg prob: 0.253
CUM Mean pos logit: 1.664, Mean neg logit: -4.103

Epoch 11, Batch 3380 | Acc: 0.8127 | PosAcc: 0.8510 | NegAcc: 0.7743
len(easy_positives): 21006 , len(easy_negatives): 22380
len(hard_positives): 1056 , len(hard_negatives): 1943

CUM Mean pos prob: 0.749, Mean neg prob: 0.253
CUM Mean pos logit: 1.665, Mean neg logit: -4.105

Epoch 11, Batch 3400 | Acc: 0.8128 | PosAcc: 0.8512 | NegAcc: 0.7743
len(easy_positives): 21140 , len(easy_negatives): 22505
len(hard_positives): 1061 , len(hard_negatives): 1953

CUM Mean pos prob: 0.749, Mean neg prob: 0.253
CUM Mean pos logit: 1.665, Mean neg logit: -4.107

Epoch 11, Batch 3420 | Acc: 0.8127 | PosAcc: 0.8512 | NegAcc: 0.7742
len(easy_positives): 21258 , len(easy_negatives): 22636
len(hard_positives): 1066 , len(hard_negatives): 1964

CUM Mean pos prob: 0.749, Mean neg prob: 0.253
CUM Mean pos logit: 1.664, Mean neg logit: -4.102

Epoch 11, Batch 3440 | Acc: 0.8128 | PosAcc: 0.8513 | NegAcc: 0.7743
len(easy_positives): 21390 , len(easy_negatives): 22763
len(hard_positives): 1070 , len(hard_negatives): 1978

CUM Mean pos prob: 0.749, Mean neg prob: 0.253
CUM Mean pos logit: 1.665, Mean neg logit: -4.102

Epoch 11, Batch 3460 | Acc: 0.8129 | PosAcc: 0.8514 | NegAcc: 0.7744
len(easy_positives): 21522 , len(easy_negatives): 22890
len(hard_positives): 1079 , len(hard_negatives): 1990

CUM Mean pos prob: 0.749, Mean neg prob: 0.254
CUM Mean pos logit: 1.666, Mean neg logit: -4.102

Epoch 11, Batch 3480 | Acc: 0.8131 | PosAcc: 0.8513 | NegAcc: 0.7748
len(easy_positives): 21640 , len(easy_negatives): 23042
len(hard_positives): 1083 , len(hard_negatives): 1999

CUM Mean pos prob: 0.749, Mean neg prob: 0.253
CUM Mean pos logit: 1.667, Mean neg logit: -4.103

Epoch 11, Batch 3500 | Acc: 0.8128 | PosAcc: 0.8510 | NegAcc: 0.7746
len(easy_positives): 21766 , len(easy_negatives): 23172
len(hard_positives): 1091 , len(hard_negatives): 2017

CUM Mean pos prob: 0.749, Mean neg prob: 0.253
CUM Mean pos logit: 1.667, Mean neg logit: -4.109

Epoch 11, Batch 3520 | Acc: 0.8129 | PosAcc: 0.8511 | NegAcc: 0.7745
len(easy_positives): 21898 , len(easy_negatives): 23306
len(hard_positives): 1096 , len(hard_negatives): 2032

CUM Mean pos prob: 0.749, Mean neg prob: 0.253
CUM Mean pos logit: 1.667, Mean neg logit: -4.105

Epoch 11, Batch 3540 | Acc: 0.8128 | PosAcc: 0.8514 | NegAcc: 0.7742
len(easy_positives): 22035 , len(easy_negatives): 23434
len(hard_positives): 1102 , len(hard_negatives): 2045

CUM Mean pos prob: 0.749, Mean neg prob: 0.253
CUM Mean pos logit: 1.667, Mean neg logit: -4.104

Epoch 11, Batch 3560 | Acc: 0.8128 | PosAcc: 0.8512 | NegAcc: 0.7743
len(easy_positives): 22152 , len(easy_negatives): 23555
len(hard_positives): 1109 , len(hard_negatives): 2054

CUM Mean pos prob: 0.749, Mean neg prob: 0.253
CUM Mean pos logit: 1.666, Mean neg logit: -4.103

Epoch 11, Batch 3580 | Acc: 0.8130 | PosAcc: 0.8516 | NegAcc: 0.7742
len(easy_positives): 22290 , len(easy_negatives): 23685
len(hard_positives): 1112 , len(hard_negatives): 2067

CUM Mean pos prob: 0.750, Mean neg prob: 0.254
CUM Mean pos logit: 1.668, Mean neg logit: -4.099

Epoch 11, Batch 3600 | Acc: 0.8131 | PosAcc: 0.8514 | NegAcc: 0.7747
len(easy_positives): 22398 , len(easy_negatives): 23843
len(hard_positives): 1123 , len(hard_negatives): 2070

CUM Mean pos prob: 0.749, Mean neg prob: 0.253
CUM Mean pos logit: 1.667, Mean neg logit: -4.101

Epoch 11, Batch 3620 | Acc: 0.8132 | PosAcc: 0.8514 | NegAcc: 0.7750
len(easy_positives): 22546 , len(easy_negatives): 23983
len(hard_positives): 1129 , len(hard_negatives): 2079

CUM Mean pos prob: 0.749, Mean neg prob: 0.253
CUM Mean pos logit: 1.668, Mean neg logit: -4.101

Epoch 11, Batch 3640 | Acc: 0.8132 | PosAcc: 0.8514 | NegAcc: 0.7749
len(easy_positives): 22697 , len(easy_negatives): 24110
len(hard_positives): 1141 , len(hard_negatives): 2099

CUM Mean pos prob: 0.750, Mean neg prob: 0.253
CUM Mean pos logit: 1.670, Mean neg logit: -4.099

Epoch 11, Batch 3660 | Acc: 0.8132 | PosAcc: 0.8514 | NegAcc: 0.7750
len(easy_positives): 22813 , len(easy_negatives): 24254
len(hard_positives): 1148 , len(hard_negatives): 2106

CUM Mean pos prob: 0.750, Mean neg prob: 0.253
CUM Mean pos logit: 1.669, Mean neg logit: -4.097

Epoch 11, Batch 3680 | Acc: 0.8133 | PosAcc: 0.8517 | NegAcc: 0.7749
len(easy_positives): 22945 , len(easy_negatives): 24372
len(hard_positives): 1151 , len(hard_negatives): 2123

CUM Mean pos prob: 0.750, Mean neg prob: 0.253
CUM Mean pos logit: 1.670, Mean neg logit: -4.093

Epoch 11, Batch 3700 | Acc: 0.8132 | PosAcc: 0.8516 | NegAcc: 0.7748
len(easy_positives): 23052 , len(easy_negatives): 24496
len(hard_positives): 1159 , len(hard_negatives): 2133

CUM Mean pos prob: 0.750, Mean neg prob: 0.253
CUM Mean pos logit: 1.669, Mean neg logit: -4.091

Epoch 11, Batch 3720 | Acc: 0.8132 | PosAcc: 0.8514 | NegAcc: 0.7749
len(easy_positives): 23164 , len(easy_negatives): 24614
len(hard_positives): 1163 , len(hard_negatives): 2141

CUM Mean pos prob: 0.749, Mean neg prob: 0.253
CUM Mean pos logit: 1.668, Mean neg logit: -4.089

Epoch 11, Batch 3740 | Acc: 0.8131 | PosAcc: 0.8515 | NegAcc: 0.7747
len(easy_positives): 23272 , len(easy_negatives): 24732
len(hard_positives): 1169 , len(hard_negatives): 2157

CUM Mean pos prob: 0.749, Mean neg prob: 0.253
CUM Mean pos logit: 1.666, Mean neg logit: -4.085

Epoch 11, Batch 3760 | Acc: 0.8133 | PosAcc: 0.8514 | NegAcc: 0.7751
len(easy_positives): 23403 , len(easy_negatives): 24877
len(hard_positives): 1173 , len(hard_negatives): 2169

CUM Mean pos prob: 0.749, Mean neg prob: 0.253
CUM Mean pos logit: 1.667, Mean neg logit: -4.088

Epoch 11, Batch 3780 | Acc: 0.8135 | PosAcc: 0.8518 | NegAcc: 0.7751
len(easy_positives): 23541 , len(easy_negatives): 25025
len(hard_positives): 1179 , len(hard_negatives): 2179

CUM Mean pos prob: 0.750, Mean neg prob: 0.253
CUM Mean pos logit: 1.668, Mean neg logit: -4.091

Epoch 11, Batch 3800 | Acc: 0.8135 | PosAcc: 0.8516 | NegAcc: 0.7753
len(easy_positives): 23645 , len(easy_negatives): 25153
len(hard_positives): 1185 , len(hard_negatives): 2186

CUM Mean pos prob: 0.749, Mean neg prob: 0.253
CUM Mean pos logit: 1.666, Mean neg logit: -4.088

Epoch 11, Batch 3820 | Acc: 0.8133 | PosAcc: 0.8515 | NegAcc: 0.7751
len(easy_positives): 23778 , len(easy_negatives): 25281
len(hard_positives): 1188 , len(hard_negatives): 2203

CUM Mean pos prob: 0.750, Mean neg prob: 0.253
CUM Mean pos logit: 1.667, Mean neg logit: -4.088

Epoch 11, Batch 3840 | Acc: 0.8132 | PosAcc: 0.8514 | NegAcc: 0.7751
len(easy_positives): 23867 , len(easy_negatives): 25420
len(hard_positives): 1192 , len(hard_negatives): 2217

CUM Mean pos prob: 0.749, Mean neg prob: 0.253
CUM Mean pos logit: 1.665, Mean neg logit: -4.083

Epoch 11, Batch 3860 | Acc: 0.8133 | PosAcc: 0.8515 | NegAcc: 0.7750
len(easy_positives): 23983 , len(easy_negatives): 25550
len(hard_positives): 1198 , len(hard_negatives): 2225

CUM Mean pos prob: 0.749, Mean neg prob: 0.253
CUM Mean pos logit: 1.665, Mean neg logit: -4.085

Epoch 11, Batch 3880 | Acc: 0.8132 | PosAcc: 0.8515 | NegAcc: 0.7749
len(easy_positives): 24103 , len(easy_negatives): 25682
len(hard_positives): 1206 , len(hard_negatives): 2234

CUM Mean pos prob: 0.749, Mean neg prob: 0.253
CUM Mean pos logit: 1.665, Mean neg logit: -4.083

Epoch 11, Batch 3900 | Acc: 0.8134 | PosAcc: 0.8517 | NegAcc: 0.7750
len(easy_positives): 24252 , len(easy_negatives): 25819
len(hard_positives): 1212 , len(hard_negatives): 2246

CUM Mean pos prob: 0.749, Mean neg prob: 0.253
CUM Mean pos logit: 1.666, Mean neg logit: -4.089

Epoch 11, Batch 3920 | Acc: 0.8135 | PosAcc: 0.8517 | NegAcc: 0.7753
len(easy_positives): 24388 , len(easy_negatives): 25949
len(hard_positives): 1215 , len(hard_negatives): 2256

CUM Mean pos prob: 0.749, Mean neg prob: 0.253
CUM Mean pos logit: 1.665, Mean neg logit: -4.087

Epoch 11, Batch 3940 | Acc: 0.8135 | PosAcc: 0.8519 | NegAcc: 0.7751
len(easy_positives): 24533 , len(easy_negatives): 26074
len(hard_positives): 1221 , len(hard_negatives): 2271

CUM Mean pos prob: 0.750, Mean neg prob: 0.253
CUM Mean pos logit: 1.667, Mean neg logit: -4.091

Epoch 11, Batch 3960 | Acc: 0.8136 | PosAcc: 0.8520 | NegAcc: 0.7750
len(easy_positives): 24657 , len(easy_negatives): 26201
len(hard_positives): 1228 , len(hard_negatives): 2281

CUM Mean pos prob: 0.750, Mean neg prob: 0.253
CUM Mean pos logit: 1.666, Mean neg logit: -4.087

Epoch 11, Batch 3980 | Acc: 0.8137 | PosAcc: 0.8522 | NegAcc: 0.7752
len(easy_positives): 24770 , len(easy_negatives): 26351
len(hard_positives): 1233 , len(hard_negatives): 2290

CUM Mean pos prob: 0.750, Mean neg prob: 0.253
CUM Mean pos logit: 1.666, Mean neg logit: -4.089

Epoch 11, Batch 4000 | Acc: 0.8137 | PosAcc: 0.8521 | NegAcc: 0.7753
len(easy_positives): 24892 , len(easy_negatives): 26505
len(hard_positives): 1246 , len(hard_negatives): 2305

CUM Mean pos prob: 0.750, Mean neg prob: 0.253
CUM Mean pos logit: 1.666, Mean neg logit: -4.090

Epoch 11, Batch 4020 | Acc: 0.8138 | PosAcc: 0.8523 | NegAcc: 0.7754
len(easy_positives): 25033 , len(easy_negatives): 26632
len(hard_positives): 1246 , len(hard_negatives): 2315

CUM Mean pos prob: 0.750, Mean neg prob: 0.253
CUM Mean pos logit: 1.667, Mean neg logit: -4.091

Epoch 11, Batch 4040 | Acc: 0.8140 | PosAcc: 0.8524 | NegAcc: 0.7755
len(easy_positives): 25195 , len(easy_negatives): 26770
len(hard_positives): 1250 , len(hard_negatives): 2325

CUM Mean pos prob: 0.750, Mean neg prob: 0.253
CUM Mean pos logit: 1.669, Mean neg logit: -4.102

Epoch 11, Batch 4060 | Acc: 0.8141 | PosAcc: 0.8525 | NegAcc: 0.7756
len(easy_positives): 25326 , len(easy_negatives): 26912
len(hard_positives): 1257 , len(hard_negatives): 2340

CUM Mean pos prob: 0.750, Mean neg prob: 0.253
CUM Mean pos logit: 1.670, Mean neg logit: -4.103

Epoch 11, Batch 4080 | Acc: 0.8140 | PosAcc: 0.8525 | NegAcc: 0.7755
len(easy_positives): 25447 , len(easy_negatives): 27047
len(hard_positives): 1265 , len(hard_negatives): 2358

CUM Mean pos prob: 0.750, Mean neg prob: 0.253
CUM Mean pos logit: 1.670, Mean neg logit: -4.106

Epoch 11, Batch 4100 | Acc: 0.8141 | PosAcc: 0.8526 | NegAcc: 0.7754
len(easy_positives): 25570 , len(easy_negatives): 27177
len(hard_positives): 1272 , len(hard_negatives): 2365

CUM Mean pos prob: 0.750, Mean neg prob: 0.253
CUM Mean pos logit: 1.669, Mean neg logit: -4.103

Epoch 11, Batch 4120 | Acc: 0.8141 | PosAcc: 0.8526 | NegAcc: 0.7755
len(easy_positives): 25696 , len(easy_negatives): 27312
len(hard_positives): 1284 , len(hard_negatives): 2372

CUM Mean pos prob: 0.750, Mean neg prob: 0.253
CUM Mean pos logit: 1.669, Mean neg logit: -4.101

Epoch 11, Batch 4140 | Acc: 0.8140 | PosAcc: 0.8526 | NegAcc: 0.7753
len(easy_positives): 25815 , len(easy_negatives): 27451
len(hard_positives): 1289 , len(hard_negatives): 2391

CUM Mean pos prob: 0.750, Mean neg prob: 0.253
CUM Mean pos logit: 1.669, Mean neg logit: -4.101

Epoch 11, Batch 4160 | Acc: 0.8140 | PosAcc: 0.8526 | NegAcc: 0.7754
len(easy_positives): 25926 , len(easy_negatives): 27581
len(hard_positives): 1294 , len(hard_negatives): 2401

CUM Mean pos prob: 0.750, Mean neg prob: 0.253
CUM Mean pos logit: 1.669, Mean neg logit: -4.097

Epoch 11, Batch 4180 | Acc: 0.8141 | PosAcc: 0.8526 | NegAcc: 0.7755
len(easy_positives): 26029 , len(easy_negatives): 27724
len(hard_positives): 1302 , len(hard_negatives): 2414

CUM Mean pos prob: 0.750, Mean neg prob: 0.253
CUM Mean pos logit: 1.668, Mean neg logit: -4.097

Epoch 11, Batch 4200 | Acc: 0.8140 | PosAcc: 0.8526 | NegAcc: 0.7755
len(easy_positives): 26137 , len(easy_negatives): 27855
len(hard_positives): 1309 , len(hard_negatives): 2422

CUM Mean pos prob: 0.750, Mean neg prob: 0.253
CUM Mean pos logit: 1.667, Mean neg logit: -4.095

Epoch 11, Batch 4220 | Acc: 0.8140 | PosAcc: 0.8527 | NegAcc: 0.7753
len(easy_positives): 26280 , len(easy_negatives): 27966
len(hard_positives): 1314 , len(hard_negatives): 2434

CUM Mean pos prob: 0.750, Mean neg prob: 0.253
CUM Mean pos logit: 1.667, Mean neg logit: -4.095

Epoch 11, Batch 4240 | Acc: 0.8141 | PosAcc: 0.8527 | NegAcc: 0.7755
len(easy_positives): 26384 , len(easy_negatives): 28093
len(hard_positives): 1323 , len(hard_negatives): 2447

CUM Mean pos prob: 0.750, Mean neg prob: 0.253
CUM Mean pos logit: 1.666, Mean neg logit: -4.094

Epoch 11, Batch 4260 | Acc: 0.8141 | PosAcc: 0.8526 | NegAcc: 0.7755
len(easy_positives): 26492 , len(easy_negatives): 28232
len(hard_positives): 1328 , len(hard_negatives): 2458

CUM Mean pos prob: 0.750, Mean neg prob: 0.253
CUM Mean pos logit: 1.665, Mean neg logit: -4.094

Epoch 11, Batch 4280 | Acc: 0.8142 | PosAcc: 0.8527 | NegAcc: 0.7757
len(easy_positives): 26631 , len(easy_negatives): 28381
len(hard_positives): 1335 , len(hard_negatives): 2469

CUM Mean pos prob: 0.750, Mean neg prob: 0.253
CUM Mean pos logit: 1.667, Mean neg logit: -4.097

Epoch 11, Batch 4300 | Acc: 0.8142 | PosAcc: 0.8527 | NegAcc: 0.7757
len(easy_positives): 26774 , len(easy_negatives): 28520
len(hard_positives): 1344 , len(hard_negatives): 2482

CUM Mean pos prob: 0.750, Mean neg prob: 0.253
CUM Mean pos logit: 1.667, Mean neg logit: -4.101

Epoch 11, Batch 4320 | Acc: 0.8143 | PosAcc: 0.8528 | NegAcc: 0.7757
len(easy_positives): 26905 , len(easy_negatives): 28649
len(hard_positives): 1350 , len(hard_negatives): 2497

CUM Mean pos prob: 0.750, Mean neg prob: 0.253
CUM Mean pos logit: 1.667, Mean neg logit: -4.099

Epoch 11, Batch 4340 | Acc: 0.8142 | PosAcc: 0.8526 | NegAcc: 0.7758
len(easy_positives): 26996 , len(easy_negatives): 28779
len(hard_positives): 1360 , len(hard_negatives): 2506

CUM Mean pos prob: 0.750, Mean neg prob: 0.253
CUM Mean pos logit: 1.665, Mean neg logit: -4.099

Epoch 11, Batch 4360 | Acc: 0.8141 | PosAcc: 0.8526 | NegAcc: 0.7757
len(easy_positives): 27131 , len(easy_negatives): 28910
len(hard_positives): 1365 , len(hard_negatives): 2516

CUM Mean pos prob: 0.750, Mean neg prob: 0.253
CUM Mean pos logit: 1.666, Mean neg logit: -4.098

Epoch 11, Batch 4380 | Acc: 0.8140 | PosAcc: 0.8523 | NegAcc: 0.7757
len(easy_positives): 27221 , len(easy_negatives): 29043
len(hard_positives): 1378 , len(hard_negatives): 2525

CUM Mean pos prob: 0.749, Mean neg prob: 0.253
CUM Mean pos logit: 1.665, Mean neg logit: -4.092

Epoch 11, Batch 4400 | Acc: 0.8140 | PosAcc: 0.8524 | NegAcc: 0.7756
len(easy_positives): 27333 , len(easy_negatives): 29151
len(hard_positives): 1382 , len(hard_negatives): 2533

CUM Mean pos prob: 0.749, Mean neg prob: 0.253
CUM Mean pos logit: 1.664, Mean neg logit: -4.088

Epoch 11, Batch 4420 | Acc: 0.8141 | PosAcc: 0.8524 | NegAcc: 0.7758
len(easy_positives): 27442 , len(easy_negatives): 29300
len(hard_positives): 1389 , len(hard_negatives): 2543

CUM Mean pos prob: 0.749, Mean neg prob: 0.253
CUM Mean pos logit: 1.665, Mean neg logit: -4.092

Epoch 11, Batch 4440 | Acc: 0.8142 | PosAcc: 0.8526 | NegAcc: 0.7759
len(easy_positives): 27575 , len(easy_negatives): 29434
len(hard_positives): 1395 , len(hard_negatives): 2554

CUM Mean pos prob: 0.749, Mean neg prob: 0.253
CUM Mean pos logit: 1.666, Mean neg logit: -4.092

Epoch 11, Batch 4460 | Acc: 0.8141 | PosAcc: 0.8526 | NegAcc: 0.7756
len(easy_positives): 27719 , len(easy_negatives): 29557
len(hard_positives): 1399 , len(hard_negatives): 2577

CUM Mean pos prob: 0.750, Mean neg prob: 0.253
CUM Mean pos logit: 1.667, Mean neg logit: -4.092

Epoch 11, Batch 4480 | Acc: 0.8141 | PosAcc: 0.8525 | NegAcc: 0.7757
len(easy_positives): 27837 , len(easy_negatives): 29692
len(hard_positives): 1407 , len(hard_negatives): 2588

CUM Mean pos prob: 0.750, Mean neg prob: 0.253
CUM Mean pos logit: 1.666, Mean neg logit: -4.094

Epoch 11, Batch 4500 | Acc: 0.8141 | PosAcc: 0.8525 | NegAcc: 0.7756
len(easy_positives): 27966 , len(easy_negatives): 29834
len(hard_positives): 1416 , len(hard_negatives): 2602

CUM Mean pos prob: 0.750, Mean neg prob: 0.253
CUM Mean pos logit: 1.666, Mean neg logit: -4.095

Epoch 11, Batch 4520 | Acc: 0.8141 | PosAcc: 0.8527 | NegAcc: 0.7755
len(easy_positives): 28111 , len(easy_negatives): 29950
len(hard_positives): 1420 , len(hard_negatives): 2612

CUM Mean pos prob: 0.750, Mean neg prob: 0.253
CUM Mean pos logit: 1.667, Mean neg logit: -4.095

Epoch 11, Batch 4540 | Acc: 0.8142 | PosAcc: 0.8528 | NegAcc: 0.7756
len(easy_positives): 28265 , len(easy_negatives): 30092
len(hard_positives): 1426 , len(hard_negatives): 2630

CUM Mean pos prob: 0.750, Mean neg prob: 0.253
CUM Mean pos logit: 1.668, Mean neg logit: -4.093

Epoch 11, Batch 4560 | Acc: 0.8142 | PosAcc: 0.8528 | NegAcc: 0.7755
len(easy_positives): 28383 , len(easy_negatives): 30224
len(hard_positives): 1431 , len(hard_negatives): 2644

CUM Mean pos prob: 0.750, Mean neg prob: 0.253
CUM Mean pos logit: 1.667, Mean neg logit: -4.092

Epoch 11, Batch 4580 | Acc: 0.8141 | PosAcc: 0.8528 | NegAcc: 0.7752
len(easy_positives): 28515 , len(easy_negatives): 30321
len(hard_positives): 1435 , len(hard_negatives): 2660

CUM Mean pos prob: 0.750, Mean neg prob: 0.253
CUM Mean pos logit: 1.667, Mean neg logit: -4.088

Epoch 11, Batch 4600 | Acc: 0.8141 | PosAcc: 0.8530 | NegAcc: 0.7751
len(easy_positives): 28655 , len(easy_negatives): 30441
len(hard_positives): 1440 , len(hard_negatives): 2676

CUM Mean pos prob: 0.750, Mean neg prob: 0.253
CUM Mean pos logit: 1.667, Mean neg logit: -4.085

Epoch 11, Batch 4620 | Acc: 0.8141 | PosAcc: 0.8528 | NegAcc: 0.7752
len(easy_positives): 28753 , len(easy_negatives): 30588
len(hard_positives): 1447 , len(hard_negatives): 2683

CUM Mean pos prob: 0.750, Mean neg prob: 0.253
CUM Mean pos logit: 1.666, Mean neg logit: -4.084

Epoch 11, Batch 4640 | Acc: 0.8140 | PosAcc: 0.8526 | NegAcc: 0.7753
len(easy_positives): 28862 , len(easy_negatives): 30733
len(hard_positives): 1455 , len(hard_negatives): 2695

CUM Mean pos prob: 0.750, Mean neg prob: 0.253
CUM Mean pos logit: 1.665, Mean neg logit: -4.088

Epoch 11, Batch 4660 | Acc: 0.8140 | PosAcc: 0.8526 | NegAcc: 0.7754
len(easy_positives): 28979 , len(easy_negatives): 30889
len(hard_positives): 1460 , len(hard_negatives): 2710

CUM Mean pos prob: 0.750, Mean neg prob: 0.253
CUM Mean pos logit: 1.666, Mean neg logit: -4.092

Epoch 11, Batch 4680 | Acc: 0.8141 | PosAcc: 0.8524 | NegAcc: 0.7757
len(easy_positives): 29087 , len(easy_negatives): 31030
len(hard_positives): 1467 , len(hard_negatives): 2714

CUM Mean pos prob: 0.750, Mean neg prob: 0.253
CUM Mean pos logit: 1.665, Mean neg logit: -4.091

Epoch 11, Batch 4700 | Acc: 0.8141 | PosAcc: 0.8524 | NegAcc: 0.7758
len(easy_positives): 29231 , len(easy_negatives): 31174
len(hard_positives): 1473 , len(hard_negatives): 2726

CUM Mean pos prob: 0.750, Mean neg prob: 0.253
CUM Mean pos logit: 1.666, Mean neg logit: -4.094

Epoch 11, Batch 4720 | Acc: 0.8141 | PosAcc: 0.8523 | NegAcc: 0.7759
len(easy_positives): 29365 , len(easy_negatives): 31316
len(hard_positives): 1479 , len(hard_negatives): 2737

CUM Mean pos prob: 0.750, Mean neg prob: 0.253
CUM Mean pos logit: 1.667, Mean neg logit: -4.098

Epoch 11, Batch 4740 | Acc: 0.8140 | PosAcc: 0.8523 | NegAcc: 0.7758
len(easy_positives): 29498 , len(easy_negatives): 31442
len(hard_positives): 1484 , len(hard_negatives): 2751

CUM Mean pos prob: 0.750, Mean neg prob: 0.253
CUM Mean pos logit: 1.668, Mean neg logit: -4.100

Epoch 11, Batch 4760 | Acc: 0.8140 | PosAcc: 0.8521 | NegAcc: 0.7758
len(easy_positives): 29622 , len(easy_negatives): 31558
len(hard_positives): 1491 , len(hard_negatives): 2759

CUM Mean pos prob: 0.750, Mean neg prob: 0.253
CUM Mean pos logit: 1.668, Mean neg logit: -4.100

Epoch 11, Batch 4780 | Acc: 0.8140 | PosAcc: 0.8522 | NegAcc: 0.7756
len(easy_positives): 29765 , len(easy_negatives): 31674
len(hard_positives): 1497 , len(hard_negatives): 2776

CUM Mean pos prob: 0.750, Mean neg prob: 0.253
CUM Mean pos logit: 1.669, Mean neg logit: -4.100

Epoch 11, Batch 4800 | Acc: 0.8139 | PosAcc: 0.8522 | NegAcc: 0.7756
len(easy_positives): 29888 , len(easy_negatives): 31812
len(hard_positives): 1511 , len(hard_negatives): 2788

CUM Mean pos prob: 0.750, Mean neg prob: 0.253
CUM Mean pos logit: 1.668, Mean neg logit: -4.104

Epoch 11, Batch 4820 | Acc: 0.8138 | PosAcc: 0.8520 | NegAcc: 0.7756
len(easy_positives): 29986 , len(easy_negatives): 31947
len(hard_positives): 1518 , len(hard_negatives): 2797

CUM Mean pos prob: 0.750, Mean neg prob: 0.253
CUM Mean pos logit: 1.667, Mean neg logit: -4.103

Epoch 11, Batch 4840 | Acc: 0.8139 | PosAcc: 0.8521 | NegAcc: 0.7757
len(easy_positives): 30114 , len(easy_negatives): 32092
len(hard_positives): 1522 , len(hard_negatives): 2805

CUM Mean pos prob: 0.750, Mean neg prob: 0.253
CUM Mean pos logit: 1.668, Mean neg logit: -4.105

Epoch 11, Batch 4860 | Acc: 0.8137 | PosAcc: 0.8520 | NegAcc: 0.7754
len(easy_positives): 30236 , len(easy_negatives): 32209
len(hard_positives): 1534 , len(hard_negatives): 2810

CUM Mean pos prob: 0.750, Mean neg prob: 0.253
CUM Mean pos logit: 1.668, Mean neg logit: -4.101

Epoch 11, Batch 4880 | Acc: 0.8137 | PosAcc: 0.8518 | NegAcc: 0.7756
len(easy_positives): 30331 , len(easy_negatives): 32341
len(hard_positives): 1541 , len(hard_negatives): 2822

CUM Mean pos prob: 0.749, Mean neg prob: 0.253
CUM Mean pos logit: 1.666, Mean neg logit: -4.100

Epoch 11, Batch 4900 | Acc: 0.8137 | PosAcc: 0.8517 | NegAcc: 0.7757
len(easy_positives): 30470 , len(easy_negatives): 32477
len(hard_positives): 1550 , len(hard_negatives): 2833

CUM Mean pos prob: 0.750, Mean neg prob: 0.253
CUM Mean pos logit: 1.668, Mean neg logit: -4.103

Epoch 11, Batch 4920 | Acc: 0.8138 | PosAcc: 0.8517 | NegAcc: 0.7759
len(easy_positives): 30588 , len(easy_negatives): 32610
len(hard_positives): 1561 , len(hard_negatives): 2846

CUM Mean pos prob: 0.749, Mean neg prob: 0.253
CUM Mean pos logit: 1.667, Mean neg logit: -4.107

	train_accuracy: 0.813855116514691
	pos train_accuracy: 0.8518912529550827
	neg train_accuracy: 0.7758189800742992
Epoch 11, Batch 20 | Val Acc: 0.8109 | Val PosAcc: 0.8135 | Val NegAcc: 0.8085
len(easy_positives): 149 , len(easy_negatives): 197
len(hard_positives): 12 , len(hard_negatives): 8
CUM Mean pos prob: 0.728, Mean neg prob: 0.227
CUM Mean pos logit: 1.492, Mean neg logit: -4.725

Epoch 11, Batch 40 | Val Acc: 0.8016 | Val PosAcc: 0.8141 | Val NegAcc: 0.7891
len(easy_positives): 311 , len(easy_negatives): 359
len(hard_positives): 21 , len(hard_negatives): 26
CUM Mean pos prob: 0.730, Mean neg prob: 0.248
CUM Mean pos logit: 1.553, Mean neg logit: -4.469

Epoch 11, Batch 60 | Val Acc: 0.8031 | Val PosAcc: 0.8090 | Val NegAcc: 0.7973
len(easy_positives): 452 , len(easy_negatives): 535
len(hard_positives): 31 , len(hard_negatives): 35
CUM Mean pos prob: 0.724, Mean neg prob: 0.245
CUM Mean pos logit: 1.511, Mean neg logit: -4.314

Epoch 11, Batch 80 | Val Acc: 0.8000 | Val PosAcc: 0.8115 | Val NegAcc: 0.7887
len(easy_positives): 598 , len(easy_negatives): 720
len(hard_positives): 35 , len(hard_negatives): 51
CUM Mean pos prob: 0.724, Mean neg prob: 0.247
CUM Mean pos logit: 1.495, Mean neg logit: -4.212

Epoch 11, Batch 100 | Val Acc: 0.8078 | Val PosAcc: 0.8187 | Val NegAcc: 0.7969
len(easy_positives): 759 , len(easy_negatives): 909
len(hard_positives): 49 , len(hard_negatives): 61
CUM Mean pos prob: 0.726, Mean neg prob: 0.241
CUM Mean pos logit: 1.510, Mean neg logit: -4.247

Epoch 11, Batch 120 | Val Acc: 0.8096 | Val PosAcc: 0.8199 | Val NegAcc: 0.7992
len(easy_positives): 928 , len(easy_negatives): 1092
len(hard_positives): 60 , len(hard_negatives): 70
CUM Mean pos prob: 0.728, Mean neg prob: 0.238
CUM Mean pos logit: 1.517, Mean neg logit: -4.303

Epoch 11, Batch 140 | Val Acc: 0.8098 | Val PosAcc: 0.8202 | Val NegAcc: 0.7993
len(easy_positives): 1094 , len(easy_negatives): 1274
len(hard_positives): 74 , len(hard_negatives): 82
CUM Mean pos prob: 0.729, Mean neg prob: 0.238
CUM Mean pos logit: 1.512, Mean neg logit: -4.333

Epoch 11, Batch 160 | Val Acc: 0.8115 | Val PosAcc: 0.8244 | Val NegAcc: 0.7987
len(easy_positives): 1250 , len(easy_negatives): 1464
len(hard_positives): 84 , len(hard_negatives): 97
CUM Mean pos prob: 0.730, Mean neg prob: 0.238
CUM Mean pos logit: 1.510, Mean neg logit: -4.227

Epoch 11, Batch 180 | Val Acc: 0.8082 | Val PosAcc: 0.8237 | Val NegAcc: 0.7927
len(easy_positives): 1404 , len(easy_negatives): 1640
len(hard_positives): 98 , len(hard_negatives): 117
CUM Mean pos prob: 0.730, Mean neg prob: 0.241
CUM Mean pos logit: 1.515, Mean neg logit: -4.149

Epoch 11, Batch 200 | Val Acc: 0.8081 | Val PosAcc: 0.8258 | Val NegAcc: 0.7904
len(easy_positives): 1571 , len(easy_negatives): 1810
len(hard_positives): 109 , len(hard_negatives): 134
CUM Mean pos prob: 0.731, Mean neg prob: 0.243
CUM Mean pos logit: 1.516, Mean neg logit: -4.120

Epoch 11, Batch 220 | Val Acc: 0.8071 | Val PosAcc: 0.8260 | Val NegAcc: 0.7883
len(easy_positives): 1723 , len(easy_negatives): 1990
len(hard_positives): 115 , len(hard_negatives): 150
CUM Mean pos prob: 0.731, Mean neg prob: 0.244
CUM Mean pos logit: 1.514, Mean neg logit: -4.126

Epoch 11, Batch 240 | Val Acc: 0.8081 | Val PosAcc: 0.8257 | Val NegAcc: 0.7904
len(easy_positives): 1888 , len(easy_negatives): 2167
len(hard_positives): 128 , len(hard_negatives): 158
CUM Mean pos prob: 0.731, Mean neg prob: 0.243
CUM Mean pos logit: 1.518, Mean neg logit: -4.153

Epoch 11, Batch 260 | Val Acc: 0.8093 | Val PosAcc: 0.8253 | Val NegAcc: 0.7932
len(easy_positives): 2020 , len(easy_negatives): 2350
len(hard_positives): 135 , len(hard_negatives): 172
CUM Mean pos prob: 0.730, Mean neg prob: 0.242
CUM Mean pos logit: 1.513, Mean neg logit: -4.155

Epoch 11, Batch 280 | Val Acc: 0.8093 | Val PosAcc: 0.8269 | Val NegAcc: 0.7917
len(easy_positives): 2163 , len(easy_negatives): 2525
len(hard_positives): 145 , len(hard_negatives): 185
CUM Mean pos prob: 0.730, Mean neg prob: 0.243
CUM Mean pos logit: 1.507, Mean neg logit: -4.161

Epoch 11, Batch 300 | Val Acc: 0.8100 | Val PosAcc: 0.8277 | Val NegAcc: 0.7923
len(easy_positives): 2324 , len(easy_negatives): 2697
len(hard_positives): 157 , len(hard_negatives): 194
CUM Mean pos prob: 0.730, Mean neg prob: 0.243
CUM Mean pos logit: 1.508, Mean neg logit: -4.122

Epoch 11, Batch 320 | Val Acc: 0.8096 | Val PosAcc: 0.8271 | Val NegAcc: 0.7921
len(easy_positives): 2461 , len(easy_negatives): 2887
len(hard_positives): 167 , len(hard_negatives): 204
CUM Mean pos prob: 0.730, Mean neg prob: 0.242
CUM Mean pos logit: 1.506, Mean neg logit: -4.106

Epoch 11, Batch 340 | Val Acc: 0.8118 | Val PosAcc: 0.8287 | Val NegAcc: 0.7948
len(easy_positives): 2621 , len(easy_negatives): 3076
len(hard_positives): 178 , len(hard_negatives): 211
CUM Mean pos prob: 0.731, Mean neg prob: 0.240
CUM Mean pos logit: 1.508, Mean neg logit: -4.126

Epoch 11, Batch 360 | Val Acc: 0.8135 | Val PosAcc: 0.8303 | Val NegAcc: 0.7968
len(easy_positives): 2792 , len(easy_negatives): 3286
len(hard_positives): 183 , len(hard_negatives): 221
CUM Mean pos prob: 0.732, Mean neg prob: 0.238
CUM Mean pos logit: 1.516, Mean neg logit: -4.149

Epoch 11, Batch 380 | Val Acc: 0.8127 | Val PosAcc: 0.8299 | Val NegAcc: 0.7956
len(easy_positives): 2932 , len(easy_negatives): 3482
len(hard_positives): 198 , len(hard_negatives): 233
CUM Mean pos prob: 0.731, Mean neg prob: 0.238
CUM Mean pos logit: 1.511, Mean neg logit: -4.151

Epoch 11, Batch 400 | Val Acc: 0.8129 | Val PosAcc: 0.8289 | Val NegAcc: 0.7969
len(easy_positives): 3091 , len(easy_negatives): 3671
len(hard_positives): 209 , len(hard_negatives): 239
CUM Mean pos prob: 0.731, Mean neg prob: 0.237
CUM Mean pos logit: 1.510, Mean neg logit: -4.197

Epoch 11, Batch 420 | Val Acc: 0.8137 | Val PosAcc: 0.8290 | Val NegAcc: 0.7985
len(easy_positives): 3242 , len(easy_negatives): 3850
len(hard_positives): 218 , len(hard_negatives): 247
CUM Mean pos prob: 0.731, Mean neg prob: 0.237
CUM Mean pos logit: 1.516, Mean neg logit: -4.205

Epoch 11, Batch 440 | Val Acc: 0.8144 | Val PosAcc: 0.8303 | Val NegAcc: 0.7987
len(easy_positives): 3402 , len(easy_negatives): 4039
len(hard_positives): 229 , len(hard_negatives): 260
CUM Mean pos prob: 0.731, Mean neg prob: 0.237
CUM Mean pos logit: 1.520, Mean neg logit: -4.210

Epoch 11, Batch 460 | Val Acc: 0.8151 | Val PosAcc: 0.8304 | Val NegAcc: 0.7998
len(easy_positives): 3554 , len(easy_negatives): 4224
len(hard_positives): 237 , len(hard_negatives): 268
CUM Mean pos prob: 0.731, Mean neg prob: 0.236
CUM Mean pos logit: 1.521, Mean neg logit: -4.213

Epoch 11, Batch 480 | Val Acc: 0.8143 | Val PosAcc: 0.8307 | Val NegAcc: 0.7981
len(easy_positives): 3716 , len(easy_negatives): 4402
len(hard_positives): 245 , len(hard_negatives): 282
CUM Mean pos prob: 0.732, Mean neg prob: 0.237
CUM Mean pos logit: 1.527, Mean neg logit: -4.193

Epoch 11, Batch 500 | Val Acc: 0.8154 | Val PosAcc: 0.8313 | Val NegAcc: 0.7996
len(easy_positives): 3852 , len(easy_negatives): 4604
len(hard_positives): 252 , len(hard_negatives): 290
CUM Mean pos prob: 0.732, Mean neg prob: 0.237
CUM Mean pos logit: 1.524, Mean neg logit: -4.195

Epoch 11, Batch 520 | Val Acc: 0.8147 | Val PosAcc: 0.8300 | Val NegAcc: 0.7996
len(easy_positives): 3996 , len(easy_negatives): 4779
len(hard_positives): 266 , len(hard_negatives): 305
CUM Mean pos prob: 0.731, Mean neg prob: 0.237
CUM Mean pos logit: 1.520, Mean neg logit: -4.181

Epoch 11, Batch 540 | Val Acc: 0.8144 | Val PosAcc: 0.8297 | Val NegAcc: 0.7992
len(easy_positives): 4146 , len(easy_negatives): 4952
len(hard_positives): 281 , len(hard_negatives): 316
CUM Mean pos prob: 0.731, Mean neg prob: 0.237
CUM Mean pos logit: 1.520, Mean neg logit: -4.185

Epoch 11, Batch 560 | Val Acc: 0.8142 | Val PosAcc: 0.8293 | Val NegAcc: 0.7993
len(easy_positives): 4277 , len(easy_negatives): 5160
len(hard_positives): 290 , len(hard_negatives): 325
CUM Mean pos prob: 0.730, Mean neg prob: 0.236
CUM Mean pos logit: 1.514, Mean neg logit: -4.193

Epoch 11, Batch 580 | Val Acc: 0.8139 | Val PosAcc: 0.8292 | Val NegAcc: 0.7989
len(easy_positives): 4433 , len(easy_negatives): 5340
len(hard_positives): 295 , len(hard_negatives): 337
CUM Mean pos prob: 0.730, Mean neg prob: 0.237
CUM Mean pos logit: 1.514, Mean neg logit: -4.191

Epoch 11, Batch 600 | Val Acc: 0.8139 | Val PosAcc: 0.8292 | Val NegAcc: 0.7989
len(easy_positives): 4589 , len(easy_negatives): 5526
len(hard_positives): 308 , len(hard_negatives): 348
CUM Mean pos prob: 0.730, Mean neg prob: 0.236
CUM Mean pos logit: 1.511, Mean neg logit: -4.218

Epoch 11, Batch 620 | Val Acc: 0.8136 | Val PosAcc: 0.8291 | Val NegAcc: 0.7983
len(easy_positives): 4744 , len(easy_negatives): 5700
len(hard_positives): 316 , len(hard_negatives): 362
CUM Mean pos prob: 0.730, Mean neg prob: 0.237
CUM Mean pos logit: 1.513, Mean neg logit: -4.226

Epoch 11, Batch 640 | Val Acc: 0.8136 | Val PosAcc: 0.8291 | Val NegAcc: 0.7984
len(easy_positives): 4899 , len(easy_negatives): 5894
len(hard_positives): 328 , len(hard_negatives): 374
CUM Mean pos prob: 0.730, Mean neg prob: 0.237
CUM Mean pos logit: 1.513, Mean neg logit: -4.213

Epoch 11, Batch 660 | Val Acc: 0.8130 | Val PosAcc: 0.8283 | Val NegAcc: 0.7979
len(easy_positives): 5062 , len(easy_negatives): 6068
len(hard_positives): 336 , len(hard_negatives): 392
CUM Mean pos prob: 0.730, Mean neg prob: 0.237
CUM Mean pos logit: 1.512, Mean neg logit: -4.204

Epoch 11, Batch 680 | Val Acc: 0.8132 | Val PosAcc: 0.8287 | Val NegAcc: 0.7978
len(easy_positives): 5222 , len(easy_negatives): 6239
len(hard_positives): 348 , len(hard_negatives): 409
CUM Mean pos prob: 0.730, Mean neg prob: 0.237
CUM Mean pos logit: 1.513, Mean neg logit: -4.208

Epoch 11, Batch 700 | Val Acc: 0.8133 | Val PosAcc: 0.8293 | Val NegAcc: 0.7973
len(easy_positives): 5367 , len(easy_negatives): 6423
len(hard_positives): 361 , len(hard_negatives): 425
CUM Mean pos prob: 0.730, Mean neg prob: 0.238
CUM Mean pos logit: 1.511, Mean neg logit: -4.202

Epoch 11, Batch 720 | Val Acc: 0.8121 | Val PosAcc: 0.8291 | Val NegAcc: 0.7952
len(easy_positives): 5521 , len(easy_negatives): 6591
len(hard_positives): 368 , len(hard_negatives): 435
CUM Mean pos prob: 0.730, Mean neg prob: 0.239
CUM Mean pos logit: 1.510, Mean neg logit: -4.194

Epoch 11, Batch 740 | Val Acc: 0.8125 | Val PosAcc: 0.8293 | Val NegAcc: 0.7957
len(easy_positives): 5669 , len(easy_negatives): 6775
len(hard_positives): 379 , len(hard_negatives): 444
CUM Mean pos prob: 0.730, Mean neg prob: 0.239
CUM Mean pos logit: 1.513, Mean neg logit: -4.180

Epoch 11, Batch 760 | Val Acc: 0.8119 | Val PosAcc: 0.8285 | Val NegAcc: 0.7955
len(easy_positives): 5807 , len(easy_negatives): 6955
len(hard_positives): 389 , len(hard_negatives): 453
CUM Mean pos prob: 0.730, Mean neg prob: 0.239
CUM Mean pos logit: 1.507, Mean neg logit: -4.182

Epoch 11, Batch 780 | Val Acc: 0.8117 | Val PosAcc: 0.8283 | Val NegAcc: 0.7951
len(easy_positives): 5969 , len(easy_negatives): 7130
len(hard_positives): 404 , len(hard_negatives): 464
CUM Mean pos prob: 0.730, Mean neg prob: 0.239
CUM Mean pos logit: 1.510, Mean neg logit: -4.178

Epoch 11, Batch 800 | Val Acc: 0.8116 | Val PosAcc: 0.8280 | Val NegAcc: 0.7952
len(easy_positives): 6123 , len(easy_negatives): 7322
len(hard_positives): 414 , len(hard_negatives): 476
CUM Mean pos prob: 0.729, Mean neg prob: 0.239
CUM Mean pos logit: 1.508, Mean neg logit: -4.173

Epoch 11, Batch 820 | Val Acc: 0.8115 | Val PosAcc: 0.8285 | Val NegAcc: 0.7947
len(easy_positives): 6277 , len(easy_negatives): 7478
len(hard_positives): 421 , len(hard_negatives): 488
CUM Mean pos prob: 0.729, Mean neg prob: 0.239
CUM Mean pos logit: 1.507, Mean neg logit: -4.166

Epoch 11, Batch 840 | Val Acc: 0.8113 | Val PosAcc: 0.8282 | Val NegAcc: 0.7946
len(easy_positives): 6419 , len(easy_negatives): 7673
len(hard_positives): 434 , len(hard_negatives): 501
CUM Mean pos prob: 0.729, Mean neg prob: 0.239
CUM Mean pos logit: 1.505, Mean neg logit: -4.167

Epoch 11, Batch 860 | Val Acc: 0.8109 | Val PosAcc: 0.8276 | Val NegAcc: 0.7942
len(easy_positives): 6586 , len(easy_negatives): 7834
len(hard_positives): 441 , len(hard_negatives): 518
CUM Mean pos prob: 0.729, Mean neg prob: 0.240
CUM Mean pos logit: 1.506, Mean neg logit: -4.163

Epoch 11, Batch 880 | Val Acc: 0.8105 | Val PosAcc: 0.8272 | Val NegAcc: 0.7939
len(easy_positives): 6726 , len(easy_negatives): 7997
len(hard_positives): 450 , len(hard_negatives): 534
CUM Mean pos prob: 0.729, Mean neg prob: 0.240
CUM Mean pos logit: 1.503, Mean neg logit: -4.160

Epoch 11, Batch 900 | Val Acc: 0.8102 | Val PosAcc: 0.8264 | Val NegAcc: 0.7941
len(easy_positives): 6869 , len(easy_negatives): 8178
len(hard_positives): 461 , len(hard_negatives): 547
CUM Mean pos prob: 0.728, Mean neg prob: 0.240
CUM Mean pos logit: 1.499, Mean neg logit: -4.168

Epoch 11, Batch 920 | Val Acc: 0.8098 | Val PosAcc: 0.8258 | Val NegAcc: 0.7937
len(easy_positives): 7029 , len(easy_negatives): 8356
len(hard_positives): 478 , len(hard_negatives): 559
CUM Mean pos prob: 0.728, Mean neg prob: 0.240
CUM Mean pos logit: 1.499, Mean neg logit: -4.153

Epoch 11, Batch 940 | Val Acc: 0.8098 | Val PosAcc: 0.8252 | Val NegAcc: 0.7944
len(easy_positives): 7166 , len(easy_negatives): 8558
len(hard_positives): 490 , len(hard_negatives): 568
CUM Mean pos prob: 0.728, Mean neg prob: 0.240
CUM Mean pos logit: 1.495, Mean neg logit: -4.169

Epoch 11, Batch 960 | Val Acc: 0.8101 | Val PosAcc: 0.8251 | Val NegAcc: 0.7952
len(easy_positives): 7305 , len(easy_negatives): 8766
len(hard_positives): 502 , len(hard_negatives): 584
CUM Mean pos prob: 0.728, Mean neg prob: 0.239
CUM Mean pos logit: 1.496, Mean neg logit: -4.166

Epoch 11, Batch 980 | Val Acc: 0.8103 | Val PosAcc: 0.8253 | Val NegAcc: 0.7954
len(easy_positives): 7467 , len(easy_negatives): 8957
len(hard_positives): 514 , len(hard_negatives): 588
CUM Mean pos prob: 0.728, Mean neg prob: 0.239
CUM Mean pos logit: 1.497, Mean neg logit: -4.187

Epoch 11, Batch 1000 | Val Acc: 0.8104 | Val PosAcc: 0.8255 | Val NegAcc: 0.7954
len(easy_positives): 7620 , len(easy_negatives): 9134
len(hard_positives): 525 , len(hard_negatives): 601
CUM Mean pos prob: 0.728, Mean neg prob: 0.239
CUM Mean pos logit: 1.497, Mean neg logit: -4.180

Epoch 11, Batch 1020 | Val Acc: 0.8105 | Val PosAcc: 0.8256 | Val NegAcc: 0.7955
len(easy_positives): 7786 , len(easy_negatives): 9312
len(hard_positives): 537 , len(hard_negatives): 614
CUM Mean pos prob: 0.728, Mean neg prob: 0.239
CUM Mean pos logit: 1.500, Mean neg logit: -4.179

Epoch 11, Batch 1040 | Val Acc: 0.8107 | Val PosAcc: 0.8258 | Val NegAcc: 0.7956
len(easy_positives): 7935 , len(easy_negatives): 9498
len(hard_positives): 546 , len(hard_negatives): 627
CUM Mean pos prob: 0.728, Mean neg prob: 0.239
CUM Mean pos logit: 1.500, Mean neg logit: -4.185

Epoch 11, Batch 1060 | Val Acc: 0.8104 | Val PosAcc: 0.8251 | Val NegAcc: 0.7958
len(easy_positives): 8088 , len(easy_negatives): 9678
len(hard_positives): 565 , len(hard_negatives): 636
CUM Mean pos prob: 0.728, Mean neg prob: 0.238
CUM Mean pos logit: 1.496, Mean neg logit: -4.183

Epoch 11, Batch 1080 | Val Acc: 0.8101 | Val PosAcc: 0.8249 | Val NegAcc: 0.7953
len(easy_positives): 8241 , len(easy_negatives): 9857
len(hard_positives): 574 , len(hard_negatives): 652
CUM Mean pos prob: 0.728, Mean neg prob: 0.239
CUM Mean pos logit: 1.496, Mean neg logit: -4.186

Epoch 11, Batch 1100 | Val Acc: 0.8098 | Val PosAcc: 0.8249 | Val NegAcc: 0.7948
len(easy_positives): 8386 , len(easy_negatives): 10049
len(hard_positives): 587 , len(hard_negatives): 665
CUM Mean pos prob: 0.727, Mean neg prob: 0.239
CUM Mean pos logit: 1.494, Mean neg logit: -4.188

Epoch 11, Batch 1120 | Val Acc: 0.8095 | Val PosAcc: 0.8247 | Val NegAcc: 0.7943
len(easy_positives): 8535 , len(easy_negatives): 10231
len(hard_positives): 604 , len(hard_negatives): 681
CUM Mean pos prob: 0.727, Mean neg prob: 0.239
CUM Mean pos logit: 1.493, Mean neg logit: -4.182

Epoch 11, Batch 1140 | Val Acc: 0.8094 | Val PosAcc: 0.8244 | Val NegAcc: 0.7945
len(easy_positives): 8693 , len(easy_negatives): 10410
len(hard_positives): 616 , len(hard_negatives): 692
CUM Mean pos prob: 0.727, Mean neg prob: 0.239
CUM Mean pos logit: 1.490, Mean neg logit: -4.183

Epoch 11, Batch 1160 | Val Acc: 0.8093 | Val PosAcc: 0.8244 | Val NegAcc: 0.7943
len(easy_positives): 8853 , len(easy_negatives): 10588
len(hard_positives): 629 , len(hard_negatives): 702
CUM Mean pos prob: 0.727, Mean neg prob: 0.239
CUM Mean pos logit: 1.492, Mean neg logit: -4.184

Epoch 11, Batch 1180 | Val Acc: 0.8089 | Val PosAcc: 0.8240 | Val NegAcc: 0.7938
len(easy_positives): 9006 , len(easy_negatives): 10776
len(hard_positives): 642 , len(hard_negatives): 716
CUM Mean pos prob: 0.727, Mean neg prob: 0.239
CUM Mean pos logit: 1.491, Mean neg logit: -4.211

Epoch 11, Batch 1200 | Val Acc: 0.8083 | Val PosAcc: 0.8233 | Val NegAcc: 0.7932
len(easy_positives): 9145 , len(easy_negatives): 10951
len(hard_positives): 654 , len(hard_negatives): 729
CUM Mean pos prob: 0.727, Mean neg prob: 0.239
CUM Mean pos logit: 1.489, Mean neg logit: -4.208

Epoch 11, Batch 1220 | Val Acc: 0.8085 | Val PosAcc: 0.8234 | Val NegAcc: 0.7936
len(easy_positives): 9287 , len(easy_negatives): 11137
len(hard_positives): 666 , len(hard_negatives): 740
CUM Mean pos prob: 0.726, Mean neg prob: 0.239
CUM Mean pos logit: 1.487, Mean neg logit: -4.205

	val_accuracy: 0.8087639311043566
	pos val_accuracy: 0.8236575481256332
	neg val_accuracy: 0.7938703140830801
../Sim5/model11_FE2dis_inrWaterPHD2_5.pt
Epoch 12, Batch 20 | Acc: 0.8104 | PosAcc: 0.8082 | NegAcc: 0.8128
len(easy_positives): 124 , len(easy_negatives): 136
len(hard_positives): 8 , len(hard_negatives): 10

CUM Mean pos prob: 0.739, Mean neg prob: 0.229
CUM Mean pos logit: 1.680, Mean neg logit: -5.208

Epoch 12, Batch 40 | Acc: 0.8187 | PosAcc: 0.8514 | NegAcc: 0.7835
len(easy_positives): 269 , len(easy_negatives): 246
len(hard_positives): 12 , len(hard_negatives): 24

CUM Mean pos prob: 0.758, Mean neg prob: 0.256
CUM Mean pos logit: 1.774, Mean neg logit: -4.659

Epoch 12, Batch 60 | Acc: 0.8104 | PosAcc: 0.8448 | NegAcc: 0.7753
len(easy_positives): 390 , len(easy_negatives): 399
len(hard_positives): 21 , len(hard_negatives): 33

CUM Mean pos prob: 0.757, Mean neg prob: 0.245
CUM Mean pos logit: 1.801, Mean neg logit: -5.356

Epoch 12, Batch 80 | Acc: 0.8146 | PosAcc: 0.8405 | NegAcc: 0.7880
len(easy_positives): 527 , len(easy_negatives): 544
len(hard_positives): 29 , len(hard_negatives): 40

CUM Mean pos prob: 0.757, Mean neg prob: 0.237
CUM Mean pos logit: 1.857, Mean neg logit: -5.342

Epoch 12, Batch 100 | Acc: 0.8150 | PosAcc: 0.8487 | NegAcc: 0.7811
len(easy_positives): 654 , len(easy_negatives): 692
len(hard_positives): 31 , len(hard_negatives): 56

CUM Mean pos prob: 0.761, Mean neg prob: 0.239
CUM Mean pos logit: 1.862, Mean neg logit: -5.101

Epoch 12, Batch 120 | Acc: 0.8226 | PosAcc: 0.8535 | NegAcc: 0.7910
len(easy_positives): 795 , len(easy_negatives): 831
len(hard_positives): 40 , len(hard_negatives): 63

CUM Mean pos prob: 0.763, Mean neg prob: 0.232
CUM Mean pos logit: 1.864, Mean neg logit: -5.063

Epoch 12, Batch 140 | Acc: 0.8223 | PosAcc: 0.8561 | NegAcc: 0.7882
len(easy_positives): 936 , len(easy_negatives): 977
len(hard_positives): 46 , len(hard_negatives): 77

CUM Mean pos prob: 0.764, Mean neg prob: 0.235
CUM Mean pos logit: 1.897, Mean neg logit: -5.007

Epoch 12, Batch 160 | Acc: 0.8195 | PosAcc: 0.8559 | NegAcc: 0.7833
len(easy_positives): 1059 , len(easy_negatives): 1117
len(hard_positives): 55 , len(hard_negatives): 82

CUM Mean pos prob: 0.764, Mean neg prob: 0.237
CUM Mean pos logit: 1.881, Mean neg logit: -4.842

Epoch 12, Batch 180 | Acc: 0.8187 | PosAcc: 0.8532 | NegAcc: 0.7845
len(easy_positives): 1168 , len(easy_negatives): 1257
len(hard_positives): 61 , len(hard_negatives): 92

CUM Mean pos prob: 0.760, Mean neg prob: 0.238
CUM Mean pos logit: 1.834, Mean neg logit: -4.769

Epoch 12, Batch 200 | Acc: 0.8204 | PosAcc: 0.8539 | NegAcc: 0.7876
len(easy_positives): 1281 , len(easy_negatives): 1404
len(hard_positives): 71 , len(hard_negatives): 103

CUM Mean pos prob: 0.758, Mean neg prob: 0.237
CUM Mean pos logit: 1.821, Mean neg logit: -4.730

Epoch 12, Batch 220 | Acc: 0.8193 | PosAcc: 0.8533 | NegAcc: 0.7859
len(easy_positives): 1406 , len(easy_negatives): 1538
len(hard_positives): 76 , len(hard_negatives): 118

CUM Mean pos prob: 0.758, Mean neg prob: 0.239
CUM Mean pos logit: 1.802, Mean neg logit: -4.610

Epoch 12, Batch 240 | Acc: 0.8181 | PosAcc: 0.8508 | NegAcc: 0.7859
len(easy_positives): 1521 , len(easy_negatives): 1676
len(hard_positives): 83 , len(hard_negatives): 129

CUM Mean pos prob: 0.756, Mean neg prob: 0.240
CUM Mean pos logit: 1.782, Mean neg logit: -4.553

Epoch 12, Batch 260 | Acc: 0.8194 | PosAcc: 0.8533 | NegAcc: 0.7860
len(easy_positives): 1673 , len(easy_negatives): 1811
len(hard_positives): 87 , len(hard_negatives): 140

CUM Mean pos prob: 0.759, Mean neg prob: 0.240
CUM Mean pos logit: 1.799, Mean neg logit: -4.519

Epoch 12, Batch 280 | Acc: 0.8190 | PosAcc: 0.8537 | NegAcc: 0.7849
len(easy_positives): 1802 , len(easy_negatives): 1958
len(hard_positives): 97 , len(hard_negatives): 158

CUM Mean pos prob: 0.759, Mean neg prob: 0.240
CUM Mean pos logit: 1.796, Mean neg logit: -4.573

Epoch 12, Batch 300 | Acc: 0.8185 | PosAcc: 0.8510 | NegAcc: 0.7864
len(easy_positives): 1915 , len(easy_negatives): 2090
len(hard_positives): 105 , len(hard_negatives): 167

CUM Mean pos prob: 0.756, Mean neg prob: 0.240
CUM Mean pos logit: 1.770, Mean neg logit: -4.575

